sep=,
Type,Ticket,Symbol,Lots,Buy/sell,Open price,Close price,Open time,Close time,Open date,Close date,Profit,Swap,Commission,Net profit,T/P,S/L,Pips,Result,Trade duration (hours),Magic number,Order comment,Account
Open position,816259212,USTEC,8,Buy,18088.7,23721,2025/04/22 16:44:01,1970/01/01 00:00:00,2025/04/22,1970/01/01,45058.4,-15962.3,0,29096.1,0,17986.37,5632.3,Win,0,202501006,,deusfund-sqx2
Open position,816328828,USTEC,8,Buy,18148.2,23721,2025/04/22 17:00:32,1970/01/01 00:00:00,2025/04/22,1970/01/01,44582.4,-15962.3,0,28620.1,0,18038.54,5572.8,Win,0,202501009,,deusfund-sqx2
Open position,816364336,USTEC,8,Buy,18184.05,23721,2025/04/22 17:10:24,1970/01/01 00:00:00,2025/04/22,1970/01/01,44295.6,-15962.3,0,28333.3,0,18063.08,5537.0,Win,0,202501008,,deusfund-sqx2
Open position,817422160,USTEC,8,Buy,18573.35,23721,2025/04/23 01:00:11,1970/01/01 00:00:00,2025/04/23,1970/01/01,41181.2,-15938.92,0,25242.28,0,18456.32,5147.6,Win,0,202501004,,deusfund-sqx2
Pending order,1556745133,USTEC,8,Buy Stop,24296.13,0,2026/03/26 01:00:15,1970/01/01 00:00:00,2026/03/26,1970/01/01,0,0,0,0,0,0,0,n/a,0,202501007,202501007_USTEC_H1_15_1_152,deusfund-sqx2
Pending order,1562350068,GBPJPY,1,Buy Stop,213.182,0,2026/03/30 01:00:01,1970/01/01 00:00:00,2026/03/30,1970/01/01,0,0,0,0,0,0,0,n/a,0,202501003,202501003_GBPJPY_H4_1.23.176,deusfund-sqx2
Pending order,1567134784,XAUUSD,0.4,Buy Stop,5408.48,0,2026/03/31 17:00:00,1970/01/01 00:00:00,2026/03/31,1970/01/01,0,0,0,0,0,0,0,n/a,0,6,XAUUSD-H1-free-example,deusfund-sqx1
Open position,1297053519,USTEC,8,Buy,23573.2,23721,2026/03/31 19:41:09,1970/01/01 00:00:00,2026/03/31,1970/01/01,1182.4,0,0,1182.4,23923.25,23464.34,147.8,Win,0,202501005,,deusfund-sqx2
Pending order,1567622687,USTEC,5,Sell Stop,22399.71,0,2026/03/31 19:45:00,1970/01/01 00:00:00,2026/03/31,1970/01/01,0,0,0,0,0,0,0,n/a,0,1,SP_M5_840534161_S_BB_CF_SQX,deusfund-sqx1
Pending order,1567676819,USTEC,5,Buy Stop,23947.41,0,2026/03/31 20:00:00,1970/01/01 00:00:00,2026/03/31,1970/01/01,0,0,0,0,0,0,0,n/a,0,2,NQ_H4_820422556_S_BB_CF_SQX,deusfund-sqx1
Closed position,698870856,XAUUSD,1,Buy,2633.5,2632.98,2025/01/02 03:30:35,2025/01/02 04:00:00,2025/01/02,2025/01/02,-52,0,-7,-59,0,0,-5.2,Loss,0.49,1007,,deusfund-sqx1
Closed position,699153681,XAUUSD,1,Buy,2638.14,2636.07,2025/01/02 11:01:39,2025/01/02 12:00:00,2025/01/02,2025/01/02,-207,0,-7,-214,0,0,-20.7,Loss,0.97,1006,,deusfund-sqx1
Closed position,699176656,BTCUSD,0.8,Buy,96220.49,96532.74,2025/01/02 11:18:34,2025/01/02 12:00:03,2025/01/02,2025/01/02,249.8,0,0,249.8,0,0,312.2,Win,0.69,1005,,deusfund-sqx1
Closed position,699360493,BTCUSD,0.8,Buy,96818.31,95929.67,2025/01/02 14:18:38,2025/01/02 16:04:08,2025/01/02,2025/01/02,-710.91,0,0,-710.91,0,0,-888.6,Loss,1.76,1004,,deusfund-sqx1
Closed position,699543726,BTCUSD,0.8,Buy,97288.73,96561.24,2025/01/02 16:32:16,2025/01/02 16:33:50,2025/01/02,2025/01/02,-581.99,0,0,-581.99,0,0,-727.5,Loss,0.03,1003,,deusfund-sqx1
Closed position,699543313,BTCUSD,0.8,Buy,97097.5,96253.7,2025/01/02 16:32:08,2025/01/02 16:35:39,2025/01/02,2025/01/02,-675.04,0,0,-675.04,0,0,-843.8,Loss,0.06,1002,,deusfund-sqx1
Closed position,699599317,USTEC,8,Buy,21148.44,21069.52,2025/01/02 17:00:00,2025/01/02 17:20:54,2025/01/02,2025/01/02,-631.36,0,0,-631.36,0,0,-78.9,Loss,0.35,9,,deusfund-sqx1
Closed position,699783468,USTEC,8,Buy,21062.82,20953.27,2025/01/02 18:36:28,2025/01/02 19:27:07,2025/01/02,2025/01/02,-876.4,0,0,-876.4,0,0,-109.6,Loss,0.84,9,,deusfund-sqx1
Closed position,699988483,USTEC,8,Buy,20864.94,20887.27,2025/01/02 21:27:16,2025/01/02 22:45:00,2025/01/02,2025/01/02,178.64,0,0,178.64,0,0,22.3,Win,1.3,9,,deusfund-sqx1
Closed position,700018196,USTEC,8,Buy,20881.57,20887.27,2025/01/02 22:04:52,2025/01/02 22:45:00,2025/01/02,2025/01/02,45.6,0,0,45.6,0,0,5.7,Win,0.67,5,,deusfund-sqx1
Closed position,700689155,USTEC,5,Buy,21171.29,21064.86,2025/01/03 16:43:45,2025/01/03 16:51:47,2025/01/03,2025/01/03,-532.15,0,0,-532.15,0,0,-106.4,Loss,0.13,1,,deusfund-sqx1
Closed position,700836892,BTCUSD,0.8,Buy,97903.72,97760.85,2025/01/03 18:22:06,2025/01/03 19:00:00,2025/01/03,2025/01/03,-114.3,0,0,-114.3,0,0,-142.9,Loss,0.63,1005,,deusfund-sqx1
Closed position,700794796,USTEC,8,Buy,21136.16,21251.61,2025/01/03 17:45:25,2025/01/03 22:45:00,2025/01/03,2025/01/03,923.6,0,0,923.6,0,0,115.4,Win,4.99,9,,deusfund-sqx1
Closed position,700864942,USTEC,8,Buy,21229.29,21251.61,2025/01/03 18:46:12,2025/01/03 22:45:00,2025/01/03,2025/01/03,178.56,0,0,178.56,0,0,22.3,Win,3.98,5,,deusfund-sqx1
Closed position,700962829,BTCUSD,0.8,Buy,98678.04,98027.48,2025/01/03 20:48:47,2025/01/04 01:28:50,2025/01/03,2025/01/04,-520.45,-131.04,0,-651.49,0,0,-650.6,Loss,4.67,1003,,deusfund-sqx1
Closed position,700981496,BTCUSD,0.8,Buy,98951.5,97991.19,2025/01/03 21:18:05,2025/01/04 01:30:47,2025/01/03,2025/01/04,-768.25,-131.04,0,-899.29,0,0,-960.3,Loss,4.21,1002,,deusfund-sqx1
Closed position,700976177,BTCUSD,0.8,Buy,98816.76,97863.33,2025/01/03 21:08:22,2025/01/04 02:38:42,2025/01/03,2025/01/04,-762.74,-131.04,0,-893.78,0,0,-953.4,Loss,5.51,1004,,deusfund-sqx1
Closed position,699174436,BTCUSD,0.8,Buy,96100.41,98150.86,2025/01/02 11:16:50,2025/01/04 06:00:01,2025/01/02,2025/01/04,1640.36,-174.21,0,1466.15,0,0,2050.4,Win,42.72,1001,,deusfund-sqx1
Closed position,701296763,BTCUSD,0.8,Buy,98677.86,98221.28,2025/01/06 00:39:19,2025/01/06 02:51:49,2025/01/06,2025/01/06,-365.26,0,0,-365.26,0,0,-456.6,Loss,2.21,1001,,deusfund-sqx1
Closed position,701309862,BTCUSD,0.8,Buy,98808.19,98198.03,2025/01/06 01:02:36,2025/01/06 02:57:06,2025/01/06,2025/01/06,-488.13,0,0,-488.13,0,0,-610.2,Loss,1.91,1005,,deusfund-sqx1
Closed position,701457316,BTCUSD,0.8,Buy,99271.54,98699.94,2025/01/06 04:10:58,2025/01/06 04:15:36,2025/01/06,2025/01/06,-457.28,0,0,-457.28,0,0,-571.6,Loss,0.08,1004,,deusfund-sqx1
Closed position,701539731,BTCUSD,0.8,Buy,99412.77,99416.1,2025/01/06 06:19:32,2025/01/06 07:00:04,2025/01/06,2025/01/06,2.66,0,0,2.66,0,0,3.3,Win,0.68,1002,,deusfund-sqx1
Closed position,701580969,BTCUSD,0.8,Buy,99767.24,99213.93,2025/01/06 07:34:02,2025/01/06 09:18:08,2025/01/06,2025/01/06,-442.65,0,0,-442.65,0,0,-553.3,Loss,1.74,1003,,deusfund-sqx1
Closed position,701981134,USTEC,5,Buy,21500.6,21608.82,2025/01/06 13:38:31,2025/01/06 17:14:16,2025/01/06,2025/01/06,541.1,0,0,541.1,0,0,108.2,Win,3.6,1,,deusfund-sqx1
Closed position,702327865,USTEC,8,Buy,21525.22,21583.32,2025/01/06 16:30:59,2025/01/06 19:19:22,2025/01/06,2025/01/06,464.8,0,0,464.8,0,0,58.1,Win,2.81,9,,deusfund-sqx1
Closed position,702902389,BTCUSD,0.8,Buy,102647.22,101440.16,2025/01/07 02:35:09,2025/01/07 12:11:33,2025/01/07,2025/01/07,-965.65,0,0,-965.65,0,0,-1207.1,Loss,9.61,1005,,deusfund-sqx1
Closed position,703792228,USTEC,5,Sell,21281.71,21171.26,2025/01/07 17:31:51,2025/01/07 17:47:10,2025/01/07,2025/01/07,552.25,0,0,552.25,0,0,110.4,Win,0.26,1,,deusfund-sqx1
Closed position,703827448,USTEC,5,Sell,21181.58,21297.76,2025/01/07 17:47:09,2025/01/07 17:58:52,2025/01/07,2025/01/07,-580.9,0,0,-580.9,0,0,-116.2,Loss,0.2,2,,deusfund-sqx1
Closed position,704106199,USTEC,5,Sell,21183.33,21142.26,2025/01/07 21:39:03,2025/01/08 16:00:00,2025/01/07,2025/01/08,205.35,4.15,0,209.50,0,0,41.1,Win,18.35,2,,deusfund-sqx1
Closed position,705046960,XAUUSD,1,Buy,2664.32,2661.25,2025/01/08 16:13:05,2025/01/08 17:00:01,2025/01/08,2025/01/08,-307,0,-7,-314,0,0,-30.7,Loss,0.78,1007,,deusfund-sqx1
Closed position,705074925,XAUUSD,1,Buy,2665.29,2661.25,2025/01/08 16:32:05,2025/01/08 17:00:01,2025/01/08,2025/01/08,-404,0,-7,-411,0,0,-40.4,Loss,0.47,1006,,deusfund-sqx1
Closed position,705438043,USTEC,8,Buy,21188.28,21108.23,2025/01/08 21:27:53,2025/01/08 22:45:00,2025/01/08,2025/01/08,-640.4,0,0,-640.4,0,0,-80.0,Loss,1.29,5,,deusfund-sqx1
Closed position,704327010,USTEC,5,Sell,21175.91,21094.07,2025/01/08 04:33:47,2025/01/09 01:00:11,2025/01/08,2025/01/09,409.2,4.15,0,413.35,0,0,81.8,Win,20.44,2,,deusfund-sqx1
Closed position,704445809,USTEC,5,Sell,21172.78,21083.57,2025/01/08 08:34:02,2025/01/09 04:00:01,2025/01/08,2025/01/09,446.05,4.15,0,450.20,0,0,89.2,Win,19.43,2,,deusfund-sqx1
Closed position,704748467,USTEC,5,Sell,21169.76,21092.57,2025/01/08 13:25:34,2025/01/09 08:00:00,2025/01/08,2025/01/09,385.95,4.15,0,390.10,0,0,77.2,Win,18.57,2,,deusfund-sqx1
Closed position,706121424,XAUUSD,1,Buy,2670.04,2670.25,2025/01/09 13:27:21,2025/01/09 14:00:00,2025/01/09,2025/01/09,21,0,-7,14,0,0,2.1,Win,0.54,1007,,deusfund-sqx1
Closed position,706890404,XAUUSD,1,Buy,2678.43,2678.19,2025/01/10 08:46:20,2025/01/10 09:00:00,2025/01/10,2025/01/10,-24,0,-7,-31,0,0,-2.4,Loss,0.23,1006,,deusfund-sqx1
Closed position,707610312,USTEC,5,Sell,20765.81,20662.61,2025/01/10 17:00:09,2025/01/10 17:09:22,2025/01/10,2025/01/10,516,0,0,516,0,0,103.2,Win,0.15,1,,deusfund-sqx1
Closed position,707935589,BTCUSD,0.8,Buy,95371.93,94856.01,2025/01/10 19:56:29,2025/01/10 21:00:00,2025/01/10,2025/01/10,-412.74,0,0,-412.74,0,0,-515.9,Loss,1.06,1001,,deusfund-sqx1
Closed position,708275370,BTCUSD,0.8,Buy,94972.53,94493.28,2025/01/12 16:41:47,2025/01/12 23:14:59,2025/01/12,2025/01/12,-383.4,0,0,-383.4,0,0,-479.2,Loss,6.55,1001,,deusfund-sqx1
Deposit,709530676,,0,,0,0,2025/01/13 19:14:40,2025/01/13 19:14:40,2025/01/13,2025/01/13,50000,0,0,50000,24803.25,22931.3,0,n/a,0,0,,deusfund-sqx2
Closed position,709570220,USTEC,8,Buy,20681.45,20675.9,2025/01/13 20:03:41,2025/01/13 22:45:00,2025/01/13,2025/01/13,-44.4,0,0,-44.4,0,0,-5.6,Loss,2.69,5,,deusfund-sqx1
Closed position,709642832,USDJPY,1,Buy,157.609,157.207,2025/01/13 21:39:10,2025/01/14 03:30:08,2025/01/13,2025/01/14,-255.71,7.91,-7,-254.80,0,0,-40.2,Loss,5.85,202501013,,deusfund-sqx2
Closed position,709843918,USDJPY,1,Buy,157.922,157.432,2025/01/14 03:30:48,2025/01/14 03:55:30,2025/01/14,2025/01/14,-311.25,0,-7,-318.25,0,0,-49.0,Loss,0.41,202501018,,deusfund-sqx2
Closed position,709754606,USTEC,8,Buy,20809.59,20804.64,2025/01/14 01:00:12,2025/01/14 06:00:00,2025/01/14,2025/01/14,-39.6,0,0,-39.6,0,0,-5.0,Loss,5,202501009,,deusfund-sqx2
Closed position,710140785,USTEC,8,Buy,20905.99,20799.49,2025/01/14 10:44:03,2025/01/14 14:08:33,2025/01/14,2025/01/14,-852,0,0,-852,0,0,-106.5,Loss,3.41,202501006,,deusfund-sqx2
Closed position,710144753,USTEC,8,Buy,20925.37,20775.74,2025/01/14 10:48:15,2025/01/14 14:21:12,2025/01/14,2025/01/14,-1197.04,0,0,-1197.04,0,0,-149.6,Loss,3.55,202501007,,deusfund-sqx2
Closed position,710178772,BTCUSD,0.8,Buy,95928.7,96286.61,2025/01/14 11:22:06,2025/01/14 17:00:00,2025/01/14,2025/01/14,286.33,0,0,286.33,0,0,357.9,Win,5.63,1001,,deusfund-sqx1
Closed position,709843938,USDJPY,1,Buy,157.922,157.644,2025/01/14 03:30:48,2025/01/15 06:49:33,2025/01/14,2025/01/15,-176.35,7.89,-7,-175.46,0,0,-27.8,Loss,27.31,202501014,,deusfund-sqx2
Closed position,709843937,USDJPY,1,Buy,157.922,157.112,2025/01/14 03:30:48,2025/01/15 09:35:19,2025/01/14,2025/01/15,-515.56,7.89,-7,-514.67,0,0,-81.0,Loss,30.08,202501015,,deusfund-sqx2
Closed position,711513139,USTEC,5,Buy,20937.7,21029.58,2025/01/15 15:30:06,2025/01/15 15:33:10,2025/01/15,2025/01/15,459.4,0,0,459.4,0,0,91.9,Win,0.05,1,,deusfund-sqx1
Closed position,711502241,USTEC,8,Buy,20845.08,20996.18,2025/01/15 15:30:01,2025/01/15 16:37:57,2025/01/15,2025/01/15,1208.8,0,0,1208.8,0,0,151.1,Win,1.13,202501007,,deusfund-sqx2
Closed position,711546868,USTEC,8,Buy,21082.95,20981.93,2025/01/15 15:35:01,2025/01/15 16:38:09,2025/01/15,2025/01/15,-808.16,0,0,-808.16,0,0,-101.0,Loss,1.05,202501005,,deusfund-sqx2
Closed position,711546676,USTEC,8,Buy,21079.2,21079.68,2025/01/15 15:35:00,2025/01/15 18:32:07,2025/01/15,2025/01/15,3.84,0,0,3.84,0,0,0.5,Win,2.95,202501004,,deusfund-sqx2
Closed position,711515123,USTEC,8,Buy,20962.2,21113.05,2025/01/15 15:30:11,2025/01/15 20:00:00,2025/01/15,2025/01/15,1206.8,0,0,1206.8,0,0,150.8,Win,4.5,202501009,,deusfund-sqx2
Closed position,711913889,USTEC,8,Buy,21123.73,21215.93,2025/01/15 19:30:03,2025/01/15 22:45:00,2025/01/15,2025/01/15,737.6,0,0,737.6,0,0,92.2,Win,3.25,9,,deusfund-sqx1
Closed position,711968424,USTEC,8,Buy,21187.35,21215.93,2025/01/15 21:03:54,2025/01/15 22:45:00,2025/01/15,2025/01/15,228.64,0,0,228.64,0,0,28.6,Win,1.68,5,,deusfund-sqx1
Closed position,712004576,USTEC,5,Buy,21228.35,21165.1,2025/01/15 22:13:23,2025/01/15 23:06:33,2025/01/15,2025/01/15,-316.25,0,0,-316.25,0,0,-63.2,Loss,0.89,2,,deusfund-sqx1
Closed position,712035763,XAUUSD,1,Buy,2697.4,2695.56,2025/01/15 23:12:32,2025/01/16 01:02:16,2025/01/15,2025/01/16,-184,-98.52,-7,-289.52,0,0,-18.4,Loss,1.83,202501021,,deusfund-sqx2
Closed position,712089803,XAUUSD,1,Buy,2698.04,2694.93,2025/01/16 02:18:12,2025/01/16 03:00:00,2025/01/16,2025/01/16,-311,0,-7,-318,0,0,-31.1,Loss,0.7,1007,,deusfund-sqx1
Closed position,712089836,XAUUSD,1,Buy,2698.04,2694.93,2025/01/16 02:18:12,2025/01/16 03:00:00,2025/01/16,2025/01/16,-311,0,-7,-318,0,0,-31.1,Loss,0.7,1006,,deusfund-sqx1
Closed position,712061632,XAUUSD,1,Buy,2696.53,2696.39,2025/01/16 01:02:50,2025/01/16 04:00:00,2025/01/16,2025/01/16,-14,0,-7,-21,0,0,-1.4,Loss,2.95,202501025,,deusfund-sqx2
Closed position,712122102,XAUUSD,1,Buy,2698.72,2691.21,2025/01/16 03:05:51,2025/01/16 08:13:07,2025/01/16,2025/01/16,-751,0,-7,-758,0,0,-75.1,Loss,5.12,202501022,,deusfund-sqx2
Closed position,712345679,USTEC,8,Buy,21331.42,21252.8,2025/01/16 09:42:41,2025/01/16 11:36:19,2025/01/16,2025/01/16,-628.96,0,0,-628.96,0,0,-78.6,Loss,1.89,202501009,,deusfund-sqx2
Closed position,712095077,USTEC,8,Buy,21242.15,21268.05,2025/01/16 02:28:01,2025/01/16 12:00:00,2025/01/16,2025/01/16,207.2,0,0,207.2,0,0,25.9,Win,9.53,202501008,,deusfund-sqx2
Closed position,712160841,GBPJPY,1,Sell,190.208,190.315,2025/01/16 03:52:54,2025/01/16 13:49:54,2025/01/16,2025/01/16,-68.66,0,-7,-75.66,0,0,-10.7,Loss,9.95,202501002,,deusfund-sqx2
Closed position,711515267,USTEC,8,Buy,20960.95,21187.65,2025/01/15 15:30:12,2025/01/16 16:46:13,2025/01/15,2025/01/16,1813.6,-26.48,0,1787.12,0,0,226.7,Win,25.27,202501006,,deusfund-sqx2
Closed position,712915202,USTEC,8,Buy,21221.07,21152.77,2025/01/16 18:00:28,2025/01/16 18:39:29,2025/01/16,2025/01/16,-546.4,0,0,-546.4,0,0,-68.3,Loss,0.65,9,,deusfund-sqx1
Closed position,712089877,XAUUSD,1,Buy,2698.04,2720.2,2025/01/16 02:18:12,2025/01/16 19:00:06,2025/01/16,2025/01/16,2216,0,-7,2209,0,0,221.6,Win,16.7,202501027,,deusfund-sqx2
Closed position,713020517,XAUUSD,0.4,Buy,2724.48,2716.34,2025/01/16 19:37:00,2025/01/16 20:43:42,2025/01/16,2025/01/16,-325.6,0,-2.8,-328.4,0,0,-81.4,Loss,1.11,6,,deusfund-sqx1
Closed position,713424701,GBPJPY,1,Sell,189.828,189.848,2025/01/17 09:00:12,2025/01/17 11:01:12,2025/01/17,2025/01/17,-12.85,0,-7,-19.85,0,0,-2.0,Loss,2.02,202501002,,deusfund-sqx2
Closed position,713825381,USTEC,8,Buy,21459.63,21374.13,2025/01/17 16:28:00,2025/01/17 16:31:18,2025/01/17,2025/01/17,-684,0,0,-684,0,0,-85.5,Loss,0.06,202501005,,deusfund-sqx2
Closed position,712160842,GBPJPY,1,Sell,190.208,190.279,2025/01/16 03:52:54,2025/01/17 16:42:13,2025/01/16,2025/01/17,-45.48,-23.08,-7,-75.56,0,0,-7.1,Loss,36.82,202501003,,deusfund-sqx2
Closed position,713791899,USTEC,8,Buy,21367.51,21286.61,2025/01/17 16:04:16,2025/01/17 16:59:05,2025/01/17,2025/01/17,-647.2,0,0,-647.2,0,0,-80.9,Loss,0.91,202501009,,deusfund-sqx2
Closed position,713872317,USTEC,16,Buy,21348.53,21287.61,2025/01/17 16:45:38,2025/01/17 17:22:50,2025/01/17,2025/01/17,-974.72,0,0,-974.72,0,0,-60.9,Loss,0.62,202501010,,deusfund-sqx2
Closed position,713937185,USTEC,8,Buy,21363.91,21363.48,2025/01/17 17:16:17,2025/01/17 19:00:55,2025/01/17,2025/01/17,-3.44,0,0,-3.44,0,0,-0.4,Loss,1.74,9,,deusfund-sqx1
Closed position,714069720,BTCUSD,0.8,Buy,105310.95,104235.58,2025/01/17 19:26:06,2025/01/17 19:45:03,2025/01/17,2025/01/17,-860.3,0,0,-860.3,0,0,-1075.4,Loss,0.32,1003,,deusfund-sqx1
Closed position,713871288,USTEC,8,Buy,21329.53,21418.23,2025/01/17 16:45:08,2025/01/17 22:45:00,2025/01/17,2025/01/17,709.6,0,0,709.6,0,0,88.7,Win,6,202501011,,deusfund-sqx2
Closed position,713906499,USTEC,8,Buy,21342.28,21417.48,2025/01/17 17:01:42,2025/01/17 22:45:00,2025/01/17,2025/01/17,601.6,0,0,601.6,0,0,75.2,Win,5.72,5,,deusfund-sqx1
Closed position,713962515,USTEC,16,Buy,21360.03,21418.23,2025/01/17 17:35:32,2025/01/17 22:45:00,2025/01/17,2025/01/17,931.2,0,0,931.2,0,0,58.2,Win,5.16,202501010,,deusfund-sqx2
Closed position,714058106,USTEC,8,Buy,21403.03,21417.48,2025/01/17 19:15:02,2025/01/17 22:45:00,2025/01/17,2025/01/17,115.6,0,0,115.6,0,0,14.4,Win,3.5,9,,deusfund-sqx1
Closed position,714011562,BTCUSD,0.8,Buy,104793.96,103893.98,2025/01/17 18:18:56,2025/01/18 05:37:33,2025/01/17,2025/01/18,-719.98,-139.46,0,-859.44,0,0,-900.0,Loss,11.31,1002,,deusfund-sqx1
Closed position,713939302,BTCUSD,0.8,Buy,104325.61,103454.77,2025/01/17 17:17:36,2025/01/18 05:41:32,2025/01/17,2025/01/18,-696.67,-139.46,0,-836.13,0,0,-870.8,Loss,12.4,1004,,deusfund-sqx1
Closed position,713272600,BTCUSD,0.8,Buy,100989.61,103964.67,2025/01/17 03:36:46,2025/01/18 23:00:00,2025/01/17,2025/01/18,2380.05,-139.46,0,2240.59,0,0,2975.1,Win,43.39,1001,,deusfund-sqx1
Closed position,714457511,BTCUSD,0.8,Buy,104976.62,104123.45,2025/01/19 07:56:12,2025/01/19 11:08:42,2025/01/19,2025/01/19,-682.54,0,0,-682.54,0,0,-853.2,Loss,3.21,1001,,deusfund-sqx1
Closed position,713747244,USTEC,8,Buy,21248.51,21357.14,2025/01/17 15:29:11,2025/01/20 01:06:37,2025/01/17,2025/01/20,869.04,-79.44,0,789.60,0,0,108.6,Win,57.62,202501007,,deusfund-sqx2
Closed position,715078628,USDJPY,1,Buy,156.317,155.969,2025/01/20 11:33:40,2025/01/20 15:30:11,2025/01/20,2025/01/20,-223.12,0,-7,-230.12,0,0,-34.8,Loss,3.94,202501014,,deusfund-sqx2
Closed position,715078629,USDJPY,1,Buy,156.317,155.92,2025/01/20 11:33:40,2025/01/20 15:30:16,2025/01/20,2025/01/20,-254.62,0,-7,-261.62,0,0,-39.7,Loss,3.94,202501013,,deusfund-sqx2
Closed position,715078626,USDJPY,1,Buy,156.317,155.92,2025/01/20 11:33:40,2025/01/20 15:30:16,2025/01/20,2025/01/20,-254.62,0,-7,-261.62,0,0,-39.7,Loss,3.94,202501018,,deusfund-sqx2
Closed position,715078625,USDJPY,1,Buy,156.317,155.684,2025/01/20 11:33:40,2025/01/20 16:00:49,2025/01/20,2025/01/20,-406.59,0,-7,-413.59,0,0,-63.3,Loss,4.45,202501019,,deusfund-sqx2
Closed position,715078627,USDJPY,1,Buy,156.317,155.529,2025/01/20 11:33:40,2025/01/20 16:34:45,2025/01/20,2025/01/20,-506.66,0,-7,-513.66,0,0,-78.8,Loss,5.02,202501015,,deusfund-sqx2
Closed position,715391918,USTEC,8,Buy,21531.99,21531.59,2025/01/20 16:26:34,2025/01/20 17:00:55,2025/01/20,2025/01/20,-3.2,0,0,-3.2,0,0,-0.4,Loss,0.57,202501008,,deusfund-sqx2
Closed position,715418064,USTEC,8,Buy,21577.76,21496.34,2025/01/20 16:43:38,2025/01/20 17:21:31,2025/01/20,2025/01/20,-651.36,0,0,-651.36,0,0,-81.4,Loss,0.63,202501006,,deusfund-sqx2
Closed position,715547376,USTEC,8,Buy,21514.26,21461.84,2025/01/20 18:15:18,2025/01/20 19:25:51,2025/01/20,2025/01/20,-419.36,0,0,-419.36,0,0,-52.4,Loss,1.18,9,,deusfund-sqx1
Closed position,715989101,XAUUSD,1,Buy,2724.76,2724.85,2025/01/21 04:39:21,2025/01/21 05:00:00,2025/01/21,2025/01/21,9,0,-7,2,0,0,0.9,Win,0.34,1007,,deusfund-sqx1
Closed position,715989116,XAUUSD,1,Buy,2724.76,2724.28,2025/01/21 04:39:21,2025/01/21 09:00:00,2025/01/21,2025/01/21,-48,0,-7,-55,0,0,-4.8,Loss,4.34,202501025,,deusfund-sqx2
Closed position,715941691,XAUUSD,1,Buy,2716.19,2723.42,2025/01/21 03:42:58,2025/01/21 10:39:44,2025/01/21,2025/01/21,723,0,-7,716,0,0,72.3,Win,6.95,202501026,,deusfund-sqx2
Closed position,715990084,XAUUSD,1,Buy,2725.46,2718.76,2025/01/21 04:39:35,2025/01/21 11:07:32,2025/01/21,2025/01/21,-670,0,-7,-677,0,0,-67.0,Loss,6.47,202501022,,deusfund-sqx2
Closed position,715989149,XAUUSD,1,Buy,2724.76,2716.98,2025/01/21 04:39:21,2025/01/21 13:25:27,2025/01/21,2025/01/21,-778,0,-7,-785,0,0,-77.8,Loss,8.77,1006,,deusfund-sqx1
Closed position,715989124,XAUUSD,1,Buy,2724.76,2716.98,2025/01/21 04:39:21,2025/01/21 13:25:27,2025/01/21,2025/01/21,-778,0,-7,-785,0,0,-77.8,Loss,8.77,202501024,,deusfund-sqx2
Closed position,715952315,XAUUSD,1,Buy,2717.47,2726.34,2025/01/21 03:55:37,2025/01/21 16:00:00,2025/01/21,2025/01/21,887,0,-7,880,0,0,88.7,Win,12.07,202501023,,deusfund-sqx2
Closed position,715988680,XAUUSD,0.4,Buy,2724.51,2748,2025/01/21 04:39:14,2025/01/22 02:49:25,2025/01/21,2025/01/22,939.6,-0.36,-2.8,936.44,0,0,234.9,Win,22.17,6,,deusfund-sqx1
Closed position,717301512,USDJPY,1,Buy,156.025,155.593,2025/01/22 09:48:22,2025/01/22 10:37:00,2025/01/22,2025/01/22,-277.65,0,-7,-284.65,0,0,-43.2,Loss,0.81,202501018,,deusfund-sqx2
Closed position,717287971,USDJPY,1,Buy,155.985,155.555,2025/01/22 09:30:03,2025/01/22 10:39:56,2025/01/22,2025/01/22,-276.43,0,-7,-283.43,0,0,-43.0,Loss,1.16,202501013,,deusfund-sqx2
Closed position,715989118,XAUUSD,1,Buy,2724.76,2758.41,2025/01/21 04:39:21,2025/01/22 15:00:00,2025/01/21,2025/01/22,3365,-0.91,-7,3357.09,0,0,336.5,Win,34.34,202501027,,deusfund-sqx2
Closed position,717407483,USTEC,8,Buy,21719.9,21746.77,2025/01/22 11:31:26,2025/01/22 16:00:00,2025/01/22,2025/01/22,214.96,0,0,214.96,0,0,26.9,Win,4.48,202501009,,deusfund-sqx2
Closed position,717677409,USTEC,8,Buy,21762.27,21807.25,2025/01/22 16:31:32,2025/01/22 18:00:53,2025/01/22,2025/01/22,359.84,0,0,359.84,0,0,45.0,Win,1.49,9,,deusfund-sqx1
Closed position,717808566,USTEC,8,Buy,21863.92,21863.87,2025/01/22 18:26:27,2025/01/22 19:44:43,2025/01/22,2025/01/22,-0.4,0,0,-0.4,0,0,0.0,Loss,1.3,202501008,,deusfund-sqx2
Closed position,717809070,USTEC,8,Buy,21868.67,21841.62,2025/01/22 18:27:19,2025/01/22 20:19:47,2025/01/22,2025/01/22,-216.4,0,0,-216.4,0,0,-27.0,Loss,1.87,9,,deusfund-sqx1
Closed position,717681278,USTEC,16,Buy,21798.3,21834.62,2025/01/22 16:33:13,2025/01/22 20:22:05,2025/01/22,2025/01/22,581.12,0,0,581.12,0,0,36.3,Win,3.81,202501010,,deusfund-sqx2
Closed position,717115853,USTEC,8,Buy,21665.75,21832.37,2025/01/22 04:38:23,2025/01/22 20:22:25,2025/01/22,2025/01/22,1332.96,0,0,1332.96,0,0,166.6,Win,15.73,202501007,,deusfund-sqx2
Closed position,717677391,USTEC,8,Buy,21760.27,21830.12,2025/01/22 16:31:31,2025/01/22 20:26:12,2025/01/22,2025/01/22,558.8,0,0,558.8,0,0,69.8,Win,3.91,202501011,,deusfund-sqx2
Closed position,717364096,USTEC,8,Buy,21708.52,21797.76,2025/01/22 10:50:09,2025/01/23 01:00:01,2025/01/22,2025/01/23,713.92,-26.48,0,687.44,0,0,89.2,Win,14.16,202501004,,deusfund-sqx2
Closed position,717677643,USTEC,8,Buy,21766.52,21766.51,2025/01/22 16:31:43,2025/01/23 02:50:03,2025/01/22,2025/01/23,-0.08,-26.48,0,-26.56,0,0,0.0,Loss,10.31,202501006,,deusfund-sqx2
Closed position,717623964,USTEC,8,Buy,21748.02,21773.01,2025/01/22 15:44:06,2025/01/23 08:00:00,2025/01/22,2025/01/23,199.92,-26.48,0,173.44,0,0,25.0,Win,16.26,202501005,,deusfund-sqx2
Closed position,717301513,USDJPY,1,Buy,156.025,156.362,2025/01/22 09:48:22,2025/01/23 11:57:14,2025/01/22,2025/01/23,215.53,23.88,-7,232.41,0,0,33.7,Win,26.15,202501014,,deusfund-sqx2
Closed position,718127409,USDJPY,1,Buy,156.624,156.239,2025/01/23 07:01:45,2025/01/23 12:05:52,2025/01/23,2025/01/23,-246.42,0,-7,-253.42,0,0,-38.5,Loss,5.07,202501018,,deusfund-sqx2
Closed position,718127411,USDJPY,1,Buy,156.624,156.239,2025/01/23 07:01:45,2025/01/23 12:05:52,2025/01/23,2025/01/23,-246.42,0,-7,-253.42,0,0,-38.5,Loss,5.07,202501013,,deusfund-sqx2
Closed position,717099296,XAUUSD,0.4,Buy,2748.38,2740.33,2025/01/22 04:04:04,2025/01/23 15:22:42,2025/01/22,2025/01/23,-322,17.53,-2.8,-307.27,0,0,-80.5,Loss,35.31,6,,deusfund-sqx1
Closed position,718127408,USDJPY,1,Buy,156.624,156.15,2025/01/23 07:01:45,2025/01/23 15:35:02,2025/01/23,2025/01/23,-303.55,0,-7,-310.55,0,0,-47.4,Loss,8.55,202501019,,deusfund-sqx2
Closed position,718127410,USDJPY,1,Buy,156.624,156.106,2025/01/23 07:01:45,2025/01/23 15:41:00,2025/01/23,2025/01/23,-331.83,0,-7,-338.83,0,0,-51.8,Loss,8.65,202501016,,deusfund-sqx2
Closed position,718127407,USDJPY,1,Buy,156.624,156.084,2025/01/23 07:01:45,2025/01/23 18:14:07,2025/01/23,2025/01/23,-345.97,0,-7,-352.97,0,0,-54.0,Loss,11.21,202501020,,deusfund-sqx2
Closed position,717125334,GBPJPY,1,Buy,192.156,192.277,2025/01/22 04:58:55,2025/01/23 18:14:22,2025/01/22,2025/01/23,77.53,32.2,-7,102.73,0,0,12.1,Win,37.26,202501003,,deusfund-sqx2
Closed position,718728271,BTCUSD,0.8,Buy,106778.19,105552.39,2025/01/23 18:15:20,2025/01/23 18:20:22,2025/01/23,2025/01/23,-980.64,0,0,-980.64,0,0,-1225.8,Loss,0.08,1001,,deusfund-sqx1
Closed position,719077307,XAUUSD,1,Buy,2763.32,2774.27,2025/01/24 04:00:14,2025/01/24 05:00:00,2025/01/24,2025/01/24,1095,0,-7,1088,0,0,109.5,Win,1,1007,,deusfund-sqx1
Closed position,719077265,XAUUSD,1,Buy,2763.32,2773.73,2025/01/24 04:00:14,2025/01/24 05:16:26,2025/01/24,2025/01/24,1041,0,-7,1034,0,0,104.1,Win,1.27,202501021,,deusfund-sqx2
Closed position,719042742,GBPJPY,1,Buy,192.988,192.674,2025/01/24 02:52:21,2025/01/24 05:41:32,2025/01/24,2025/01/24,-201.89,0,-7,-208.89,0,0,-31.4,Loss,2.82,202501003,,deusfund-sqx2
Closed position,717301511,USDJPY,1,Buy,156.025,155.243,2025/01/22 09:48:22,2025/01/24 06:08:35,2025/01/22,2025/01/24,-503.73,31.86,-7,-478.87,0,0,-78.2,Loss,44.34,202501015,,deusfund-sqx2
Closed position,719038138,XAUUSD,0.4,Buy,2760.11,2783.47,2025/01/24 02:42:06,2025/01/24 15:22:13,2025/01/24,2025/01/24,934.4,0,-2.8,931.6,0,0,233.6,Win,12.67,6,,deusfund-sqx1
Closed position,719034499,XAUUSD,1,Buy,2758.38,2776.14,2025/01/24 02:34:26,2025/01/24 16:22:42,2025/01/24,2025/01/24,1776,0,-7,1769,0,0,177.6,Win,13.8,202501026,,deusfund-sqx2
Closed position,719077314,XAUUSD,1,Buy,2763.32,2778.25,2025/01/24 04:00:14,2025/01/24 17:00:01,2025/01/24,2025/01/24,1493,0,-7,1486,0,0,149.3,Win,13,202501025,,deusfund-sqx2
Closed position,719691287,USTEC,8,Buy,21893.33,21837.28,2025/01/24 16:49:12,2025/01/24 17:11:30,2025/01/24,2025/01/24,-448.4,0,0,-448.4,0,0,-56.0,Loss,0.37,202501009,,deusfund-sqx2
Closed position,719726800,XAUUSD,0.4,Buy,2782.48,2774.41,2025/01/24 17:13:36,2025/01/24 18:02:44,2025/01/24,2025/01/24,-322.8,0,-2.8,-325.6,0,0,-80.7,Loss,0.82,6,,deusfund-sqx1
Closed position,719078184,XAUUSD,1,Buy,2764.11,2773.87,2025/01/24 04:00:25,2025/01/24 18:16:10,2025/01/24,2025/01/24,976,0,-7,969,0,0,97.6,Win,14.26,202501022,,deusfund-sqx2
Closed position,719077287,XAUUSD,1,Buy,2763.32,2773.35,2025/01/24 04:00:14,2025/01/24 20:00:00,2025/01/24,2025/01/24,1003,0,-7,996,0,0,100.3,Win,16,202501027,,deusfund-sqx2
Closed position,714949771,GBPJPY,1,Buy,190.843,194.497,2025/01/20 08:55:12,2025/01/24 20:00:04,2025/01/20,2025/01/24,2345.95,64.56,-7,2403.51,0,0,365.4,Win,107.08,202501002,,deusfund-sqx2
Closed position,719077258,XAUUSD,1,Buy,2763.32,2774.7,2025/01/24 04:00:14,2025/01/24 22:00:00,2025/01/24,2025/01/24,1138,0,-7,1131,0,0,113.8,Win,18,202501024,,deusfund-sqx2
Closed position,719884569,BTCUSD,0.8,Buy,106905.52,105408.63,2025/01/24 20:04:14,2025/01/24 22:21:02,2025/01/24,2025/01/24,-1197.51,0,0,-1197.51,0,0,-1496.9,Loss,2.28,1001,,deusfund-sqx1
Closed position,719077255,XAUUSD,1,Buy,2763.32,2762.98,2025/01/24 04:00:14,2025/01/27 04:00:00,2025/01/24,2025/01/27,-34,2.63,-7,-38.37,0,0,-3.4,Loss,72,202501023,,deusfund-sqx2
Closed position,719077289,XAUUSD,1,Buy,2763.32,2756.43,2025/01/24 04:00:14,2025/01/27 04:19:19,2025/01/24,2025/01/27,-689,2.63,-7,-693.37,0,0,-68.9,Loss,72.32,1006,,deusfund-sqx1
Closed position,720800623,USTEC,5,Sell,20950.22,20631.97,2025/01/27 12:04:44,2025/01/27 12:52:46,2025/01/27,2025/01/27,1591.25,0,0,1591.25,0,0,318.2,Win,0.8,2,,deusfund-sqx1
Closed position,722212202,USTEC,5,Buy,21312.71,21418.29,2025/01/28 17:28:34,2025/01/28 20:16:42,2025/01/28,2025/01/28,527.9,0,0,527.9,0,0,105.6,Win,2.8,1,,deusfund-sqx1
Closed position,722209914,USTEC,8,Buy,21291.71,21452.91,2025/01/28 17:26:47,2025/01/28 22:00:08,2025/01/28,2025/01/28,1289.6,0,0,1289.6,0,0,161.2,Win,4.56,202501009,,deusfund-sqx2
Closed position,722399525,USTEC,8,Buy,21438.21,21437.66,2025/01/28 21:41:57,2025/01/28 22:01:55,2025/01/28,2025/01/28,-4.4,0,0,-4.4,0,0,-0.6,Loss,0.33,202501006,,deusfund-sqx2
Closed position,722203731,USTEC,8,Buy,21235.96,21444.41,2025/01/28 17:22:22,2025/01/28 22:45:00,2025/01/28,2025/01/28,1667.6,0,0,1667.6,0,0,208.4,Win,5.38,5,,deusfund-sqx1
Closed position,722346479,USTEC,8,Buy,21417.46,21444.41,2025/01/28 20:15:33,2025/01/28 22:45:00,2025/01/28,2025/01/28,215.6,0,0,215.6,0,0,27.0,Win,2.49,9,,deusfund-sqx1
Closed position,723153012,USTEC,8,Buy,21377.67,21373.12,2025/01/29 19:21:50,2025/01/29 22:45:00,2025/01/29,2025/01/29,-36.4,0,0,-36.4,0,0,-4.6,Loss,3.39,9,,deusfund-sqx1
Closed position,721541321,USDJPY,1,Buy,154.611,154.92,2025/01/28 01:01:35,2025/01/30 02:22:45,2025/01/28,2025/01/30,199.46,32.09,-7,224.55,0,0,30.9,Win,49.35,202501013,,deusfund-sqx2
Closed position,723600383,XAUUSD,1,Buy,2766.46,2765.6,2025/01/30 08:58:04,2025/01/30 09:00:00,2025/01/30,2025/01/30,-86,0,-7,-93,0,0,-8.6,Loss,0.03,202501023,,deusfund-sqx2
Closed position,723600106,XAUUSD,1,Buy,2766.46,2776.19,2025/01/30 08:58:03,2025/01/30 11:00:00,2025/01/30,2025/01/30,973,0,-7,966,0,0,97.3,Win,2.03,1007,,deusfund-sqx1
Closed position,723658358,XAUUSD,1,Buy,2772.11,2776.15,2025/01/30 10:12:41,2025/01/30 11:00:00,2025/01/30,2025/01/30,404,0,-7,397,0,0,40.4,Win,0.79,202501025,,deusfund-sqx2
Closed position,723658413,XAUUSD,1,Buy,2772.11,2776.19,2025/01/30 10:12:41,2025/01/30 11:00:00,2025/01/30,2025/01/30,408,0,-7,401,0,0,40.8,Win,0.79,1006,,deusfund-sqx1
Closed position,723690435,XAUUSD,1,Buy,2775.41,2776.06,2025/01/30 10:55:26,2025/01/30 11:00:00,2025/01/30,2025/01/30,65,0,-7,58,0,0,6.5,Win,0.08,202501021,,deusfund-sqx2
Closed position,723664976,USTEC,8,Buy,21547.6,21467.97,2025/01/30 10:20:26,2025/01/30 12:17:39,2025/01/30,2025/01/30,-637.04,0,0,-637.04,0,0,-79.6,Loss,1.95,202501009,,deusfund-sqx2
Closed position,723664988,USTEC,8,Buy,21555.35,21335.2,2025/01/30 10:20:27,2025/01/30 17:55:22,2025/01/30,2025/01/30,-1761.2,0,0,-1761.2,0,0,-220.2,Loss,7.58,202501007,,deusfund-sqx2
Closed position,723303421,BTCUSD,0.8,Buy,103861.17,105557.66,2025/01/29 21:40:31,2025/01/30 18:00:01,2025/01/29,2025/01/30,1357.19,-46.14,0,1311.05,0,0,1696.5,Win,20.32,1001,,deusfund-sqx1
Closed position,723598205,XAUUSD,1,Buy,2764.39,2789.39,2025/01/30 08:56:43,2025/01/30 19:02:36,2025/01/30,2025/01/30,2500,0,-7,2493,0,0,250.0,Win,10.1,202501026,,deusfund-sqx2
Closed position,723932178,XAUUSD,1,Buy,2786.02,2795.72,2025/01/30 15:58:12,2025/01/31 07:00:00,2025/01/30,2025/01/31,970,6.81,-7,969.81,0,0,97.0,Win,15.03,202501027,,deusfund-sqx2
Closed position,723600384,XAUUSD,1,Buy,2766.46,2794.08,2025/01/30 08:58:04,2025/01/31 13:00:00,2025/01/30,2025/01/31,2762,6.81,-7,2761.81,0,0,276.2,Win,28.03,202501024,,deusfund-sqx2
Closed position,723855805,XAUUSD,0.4,Buy,2783.07,2805.97,2025/01/30 15:02:21,2025/01/31 14:36:01,2025/01/30,2025/01/31,916,2.72,-2.8,915.92,0,0,229.0,Win,23.56,6,,deusfund-sqx1
Closed position,724477859,USTEC,5,Buy,21621.05,21628.45,2025/01/31 03:57:24,2025/01/31 15:00:02,2025/01/31,2025/01/31,37,0,0,37,0,0,7.4,Win,11.04,1,,deusfund-sqx1
Closed position,725024715,USTEC,8,Buy,21737.85,21737.8,2025/01/31 17:01:54,2025/01/31 18:42:42,2025/01/31,2025/01/31,-0.4,0,0,-0.4,0,0,0.0,Loss,1.68,202501004,,deusfund-sqx2
Closed position,725008710,USTEC,16,Buy,21704.98,21728.3,2025/01/31 16:54:27,2025/01/31 18:43:11,2025/01/31,2025/01/31,373.12,0,0,373.12,0,0,23.3,Win,1.81,202501010,,deusfund-sqx2
Closed position,724976060,USTEC,8,Buy,21663.95,21725.55,2025/01/31 16:31:42,2025/01/31 18:43:18,2025/01/31,2025/01/31,492.8,0,0,492.8,0,0,61.6,Win,2.19,202501011,,deusfund-sqx2
Closed position,724603184,USTEC,5,Buy,21652.33,21752.55,2025/01/31 09:19:42,2025/01/31 19:00:00,2025/01/31,2025/01/31,501.1,0,0,501.1,0,0,100.2,Win,9.67,2,,deusfund-sqx1
Closed position,723688784,XAUUSD,1,Buy,2775.32,2802.84,2025/01/30 10:53:53,2025/01/31 20:18:39,2025/01/30,2025/01/31,2752,6.81,-7,2751.81,0,0,275.2,Win,33.41,202501022,,deusfund-sqx2
Closed position,725215748,USTEC,8,Buy,21777.98,21724.05,2025/01/31 19:26:59,2025/01/31 20:19:42,2025/01/31,2025/01/31,-431.44,0,0,-431.44,0,0,-53.9,Loss,0.88,9,,deusfund-sqx1
Closed position,724478092,USTEC,8,Buy,21624.18,21712.68,2025/01/31 03:58:07,2025/01/31 20:19:52,2025/01/31,2025/01/31,708,0,0,708,0,0,88.5,Win,16.36,202501007,,deusfund-sqx2
Closed position,724976551,USTEC,8,Buy,21682.95,21684.05,2025/01/31 16:31:56,2025/01/31 20:20:01,2025/01/31,2025/01/31,8.8,0,0,8.8,0,0,1.1,Win,3.8,202501009,,deusfund-sqx2
Closed position,724976166,USTEC,8,Buy,21672.45,21675.55,2025/01/31 16:31:43,2025/01/31 20:20:07,2025/01/31,2025/01/31,24.8,0,0,24.8,0,0,3.1,Win,3.81,202501006,,deusfund-sqx2
Closed position,725029480,USTEC,8,Buy,21758.85,21660.93,2025/01/31 17:05:07,2025/01/31 20:26:24,2025/01/31,2025/01/31,-783.36,0,0,-783.36,0,0,-97.9,Loss,3.35,202501005,,deusfund-sqx2
Closed position,725832451,USDJPY,1,Buy,155.161,155.044,2025/02/03 01:01:21,2025/02/03 11:52:30,2025/02/03,2025/02/03,-75.46,0,-7,-82.46,0,0,-11.7,Loss,10.85,202501014,,deusfund-sqx2
Closed position,725832452,USDJPY,1,Buy,155.161,154.807,2025/02/03 01:01:21,2025/02/03 13:11:12,2025/02/03,2025/02/03,-228.67,0,-7,-235.67,0,0,-35.4,Loss,12.16,202501013,,deusfund-sqx2
Closed position,725871941,USDJPY,1,Buy,155.426,154.777,2025/02/03 01:24:16,2025/02/03 13:15:46,2025/02/03,2025/02/03,-419.31,0,-7,-426.31,0,0,-64.9,Loss,11.86,202501020,,deusfund-sqx2
Closed position,725832449,USDJPY,1,Buy,155.161,154.776,2025/02/03 01:01:21,2025/02/03 13:15:47,2025/02/03,2025/02/03,-248.75,0,-7,-255.75,0,0,-38.5,Loss,12.24,202501019,,deusfund-sqx2
Closed position,725832450,USDJPY,1,Buy,155.161,154.724,2025/02/03 01:01:21,2025/02/03 13:24:43,2025/02/03,2025/02/03,-282.44,0,-7,-289.44,0,0,-43.7,Loss,12.39,202501018,,deusfund-sqx2
Closed position,725832453,USDJPY,1,Buy,155.161,154.39,2025/02/03 01:01:21,2025/02/03 14:30:53,2025/02/03,2025/02/03,-499.38,0,-7,-506.38,0,0,-77.1,Loss,13.49,202501015,,deusfund-sqx2
Closed position,726733404,XAUUSD,1,Buy,2817.11,2829.62,2025/02/03 16:36:16,2025/02/03 17:00:02,2025/02/03,2025/02/03,1251,0,-7,1244,0,0,125.1,Win,0.4,1007,,deusfund-sqx1
Closed position,726733399,XAUUSD,1,Buy,2817.11,2828.64,2025/02/03 16:36:16,2025/02/03 17:00:11,2025/02/03,2025/02/03,1153,0,-7,1146,0,0,115.3,Win,0.4,202501021,,deusfund-sqx2
Closed position,726685213,XAUUSD,1,Buy,2812.34,2822.91,2025/02/03 16:06:44,2025/02/03 17:18:58,2025/02/03,2025/02/03,1057,0,-7,1050,0,0,105.7,Win,1.2,202501026,,deusfund-sqx2
Closed position,726734036,XAUUSD,1,Buy,2817.61,2814.38,2025/02/03 16:36:25,2025/02/03 17:26:01,2025/02/03,2025/02/03,-323,0,-7,-330,0,0,-32.3,Loss,0.83,202501022,,deusfund-sqx2
Closed position,726740843,USTEC,8,Buy,21139.74,21295.31,2025/02/03 16:38:49,2025/02/03 22:45:00,2025/02/03,2025/02/03,1244.56,0,0,1244.56,0,0,155.6,Win,6.1,9,,deusfund-sqx1
Closed position,726863879,USTEC,8,Buy,21149.61,21295.31,2025/02/03 17:24:29,2025/02/03 22:45:00,2025/02/03,2025/02/03,1165.6,0,0,1165.6,0,0,145.7,Win,5.34,5,,deusfund-sqx1
Closed position,726733409,XAUUSD,1,Buy,2817.11,2823.44,2025/02/03 16:36:16,2025/02/04 04:00:00,2025/02/03,2025/02/04,633,0.68,-7,626.68,0,0,63.3,Win,11.4,202501024,,deusfund-sqx2
Closed position,727170414,BTCUSD,0.8,Buy,101439.45,100115.62,2025/02/03 21:45:14,2025/02/04 06:54:26,2025/02/03,2025/02/04,-1059.06,-45.3,0,-1104.36,0,0,-1323.8,Loss,9.15,1001,,deusfund-sqx1
Closed position,726733413,XAUUSD,1,Buy,2817.11,2808.38,2025/02/03 16:36:16,2025/02/04 09:27:05,2025/02/03,2025/02/04,-873,0.68,-7,-879.32,0,0,-87.3,Loss,16.85,202501023,,deusfund-sqx2
Closed position,726733443,XAUUSD,1,Buy,2817.11,2808.38,2025/02/03 16:36:16,2025/02/04 09:27:05,2025/02/03,2025/02/04,-873,0.68,-7,-879.32,0,0,-87.3,Loss,16.85,202501025,,deusfund-sqx2
Closed position,726733417,XAUUSD,1,Buy,2817.11,2808.38,2025/02/03 16:36:16,2025/02/04 09:27:05,2025/02/03,2025/02/04,-873,0.68,-7,-879.32,0,0,-87.3,Loss,16.85,1006,,deusfund-sqx1
Closed position,726685212,XAUUSD,0.4,Buy,2812.34,2835.76,2025/02/03 16:06:44,2025/02/04 15:30:17,2025/02/03,2025/02/04,936.8,0.27,-2.8,934.27,0,0,234.2,Win,23.39,6,,deusfund-sqx1
Closed position,727282467,USDJPY,1,Buy,155.008,154.484,2025/02/04 01:09:23,2025/02/04 18:04:08,2025/02/04,2025/02/04,-339.19,0,-7,-346.19,0,0,-52.4,Loss,16.91,202501013,,deusfund-sqx2
Closed position,728165169,USTEC,8,Buy,21531.68,21434.75,2025/02/04 17:38:45,2025/02/04 19:29:00,2025/02/04,2025/02/04,-775.44,0,0,-775.44,0,0,-96.9,Loss,1.84,202501009,,deusfund-sqx2
Closed position,727251466,GBPJPY,1,Buy,192.814,191.659,2025/02/03 23:50:48,2025/02/05 03:11:17,2025/02/03,2025/02/05,-752.33,2.22,-7,-757.11,0,0,-115.5,Loss,27.34,202501002,,deusfund-sqx2
Closed position,726733432,XAUUSD,1,Buy,2817.11,2859.19,2025/02/03 16:36:16,2025/02/05 08:00:01,2025/02/03,2025/02/05,4208,1.36,-7,4202.36,0,0,420.8,Win,39.4,202501027,,deusfund-sqx2
Closed position,728590815,XAUUSD,0.4,Buy,2844.44,2868.01,2025/02/05 02:30:58,2025/02/05 10:42:42,2025/02/05,2025/02/05,942.8,0,-2.8,940.0,0,0,235.7,Win,8.2,6,,deusfund-sqx1
Closed position,729324464,GBPJPY,1,Sell,190.457,190.881,2025/02/05 17:16:19,2025/02/05 22:18:54,2025/02/05,2025/02/05,-277.67,0,-7,-284.67,0,0,-42.4,Loss,5.04,202501002,,deusfund-sqx2
Closed position,729262548,XAUUSD,0.4,Buy,2870.24,2862.22,2025/02/05 16:49:00,2025/02/05 22:45:00,2025/02/05,2025/02/05,-320.8,0,-2.8,-323.6,0,0,-80.2,Loss,5.93,6,,deusfund-sqx1
Closed position,729736436,GBPJPY,1,Sell,190.446,190.563,2025/02/06 03:00:31,2025/02/06 09:01:55,2025/02/06,2025/02/06,-76.65,0,-7,-83.65,0,0,-11.7,Loss,6.02,202501002,,deusfund-sqx2
Closed position,730743172,USTEC,8,Buy,21746.39,21661.51,2025/02/06 22:55:00,2025/02/06 23:01:00,2025/02/06,2025/02/06,-679.04,0,0,-679.04,0,0,-84.9,Loss,0.1,202501009,,deusfund-sqx2
Closed position,730743311,USTEC,8,Buy,21750.01,21661.51,2025/02/06 22:55:03,2025/02/06 23:01:00,2025/02/06,2025/02/06,-708,0,0,-708,0,0,-88.5,Loss,0.1,202501006,,deusfund-sqx2
Closed position,730742755,USTEC,5,Buy,21735.51,21750.81,2025/02/06 22:54:40,2025/02/07 05:17:59,2025/02/06,2025/02/07,76.5,-16.55,0,59.95,0,0,15.3,Win,6.39,1,,deusfund-sqx1
Closed position,730121069,GBPJPY,1,Sell,189.446,188.786,2025/02/06 12:43:48,2025/02/07 09:12:44,2025/02/06,2025/02/07,434.62,-2.1,-7,425.52,0,0,66.0,Win,20.48,202501003,,deusfund-sqx2
Closed position,731103078,XAUUSD,1,Buy,2870.69,2861.75,2025/02/07 11:10:28,2025/02/07 15:12:14,2025/02/07,2025/02/07,-894,0,-7,-901,0,0,-89.4,Loss,4.03,202501026,,deusfund-sqx2
Closed position,731436035,USTEC,8,Buy,21809.66,21702.51,2025/02/07 16:32:03,2025/02/07 17:00:05,2025/02/07,2025/02/07,-857.2,0,0,-857.2,0,0,-107.2,Loss,0.47,202501006,,deusfund-sqx2
Closed position,731444078,USTEC,5,Buy,21827.44,21702.51,2025/02/07 16:36:12,2025/02/07 17:00:05,2025/02/07,2025/02/07,-624.65,0,0,-624.65,0,0,-124.9,Loss,0.4,1,,deusfund-sqx1
Closed position,731435580,USTEC,8,Buy,21805.54,21648.51,2025/02/07 16:31:50,2025/02/07 17:02:13,2025/02/07,2025/02/07,-1256.24,0,0,-1256.24,0,0,-157.0,Loss,0.51,202501007,,deusfund-sqx2
Closed position,731394055,BTCUSD,0.8,Buy,99190.99,98234.84,2025/02/07 16:07:26,2025/02/07 17:16:04,2025/02/07,2025/02/07,-764.92,0,0,-764.92,0,0,-956.2,Loss,1.14,1001,,deusfund-sqx1
Closed position,731513424,USTEC,5,Sell,21600.39,21495.81,2025/02/07 17:12:18,2025/02/07 17:54:37,2025/02/07,2025/02/07,522.9,0,0,522.9,0,0,104.6,Win,0.71,1,,deusfund-sqx1
Closed position,731527313,XAUUSD,1,Buy,2882.8,2880.66,2025/02/07 17:19:07,2025/02/07 18:00:00,2025/02/07,2025/02/07,-214,0,-7,-221,0,0,-21.4,Loss,0.68,202501025,,deusfund-sqx2
Closed position,731527284,XAUUSD,1,Buy,2882.8,2880.66,2025/02/07 17:19:07,2025/02/07 18:00:00,2025/02/07,2025/02/07,-214,0,-7,-221,0,0,-21.4,Loss,0.68,1007,,deusfund-sqx1
Closed position,731527294,XAUUSD,1,Buy,2882.8,2880.66,2025/02/07 17:19:07,2025/02/07 18:00:00,2025/02/07,2025/02/07,-214,0,-7,-221,0,0,-21.4,Loss,0.68,202501021,,deusfund-sqx2
Closed position,731529976,XAUUSD,1,Buy,2883.11,2874.13,2025/02/07 17:20:17,2025/02/07 18:02:59,2025/02/07,2025/02/07,-898,0,-7,-905,0,0,-89.8,Loss,0.71,202501022,,deusfund-sqx2
Closed position,731527293,XAUUSD,1,Buy,2882.8,2872.3,2025/02/07 17:19:07,2025/02/07 18:03:10,2025/02/07,2025/02/07,-1050,0,-7,-1057,0,0,-105,Loss,0.73,1006,,deusfund-sqx1
Closed position,731527320,XAUUSD,1,Buy,2882.8,2872.3,2025/02/07 17:19:07,2025/02/07 18:03:10,2025/02/07,2025/02/07,-1050,0,-7,-1057,0,0,-105,Loss,0.73,202501024,,deusfund-sqx2
Closed position,731505214,XAUUSD,0.4,Buy,2880.34,2872.21,2025/02/07 17:08:15,2025/02/07 18:03:12,2025/02/07,2025/02/07,-325.2,0,-2.8,-328.0,0,0,-81.3,Loss,0.92,6,,deusfund-sqx1
Closed position,731527283,XAUUSD,1,Buy,2882.8,2870.93,2025/02/07 17:19:07,2025/02/07 18:03:16,2025/02/07,2025/02/07,-1187,0,-7,-1194,0,0,-118.7,Loss,0.74,202501027,,deusfund-sqx2
Closed position,731424202,XAUUSD,1,Buy,2873.42,2863.69,2025/02/07 16:26:59,2025/02/07 18:39:00,2025/02/07,2025/02/07,-973,0,-7,-980,0,0,-97.3,Loss,2.2,202501023,,deusfund-sqx2
Closed position,731594834,GBPJPY,1,Sell,187.888,187.941,2025/02/07 17:54:57,2025/02/07 19:08:59,2025/02/07,2025/02/07,-35,0,-7,-42,0,0,-5.3,Loss,1.23,202501002,,deusfund-sqx2
Closed position,731444522,USTEC,16,Buy,21830.56,21467.39,2025/02/07 16:36:35,2025/02/07 22:45:00,2025/02/07,2025/02/07,-5810.72,0,0,-5810.72,0,0,-363.2,Loss,6.14,202501010,,deusfund-sqx2
Closed position,731444546,USTEC,8,Buy,21832.31,21467.39,2025/02/07 16:36:35,2025/02/07 22:45:00,2025/02/07,2025/02/07,-2919.36,0,0,-2919.36,0,0,-364.9,Loss,6.14,202501011,,deusfund-sqx2
Closed position,732297491,BTCUSD,0.8,Buy,96978.89,96422.31,2025/02/10 02:06:09,2025/02/10 03:16:03,2025/02/10,2025/02/10,-445.26,0,0,-445.26,0,0,-556.6,Loss,1.16,1001,,deusfund-sqx1
Closed position,732472645,XAUUSD,0.4,Buy,2880.87,2904.05,2025/02/10 08:03:42,2025/02/10 12:03:44,2025/02/10,2025/02/10,927.2,0,-2.8,924.4,0,0,231.8,Win,4,6,,deusfund-sqx1
Closed position,732374323,USDJPY,1,Buy,152.148,151.751,2025/02/10 04:30:05,2025/02/10 16:15:00,2025/02/10,2025/02/10,-261.61,0,-7,-268.61,0,0,-39.7,Loss,11.75,202501014,,deusfund-sqx2
Closed position,732374321,USDJPY,1,Buy,152.148,151.611,2025/02/10 04:30:05,2025/02/10 16:52:20,2025/02/10,2025/02/10,-354.2,0,-7,-361.2,0,0,-53.7,Loss,12.37,202501018,,deusfund-sqx2
Closed position,733007947,USTEC,8,Buy,21699.6,21711.55,2025/02/10 17:01:46,2025/02/10 19:10:27,2025/02/10,2025/02/10,95.6,0,0,95.6,0,0,12.0,Win,2.14,9,,deusfund-sqx1
Closed position,732939819,XAUUSD,0.4,Buy,2904.74,2896.69,2025/02/10 16:21:23,2025/02/10 19:34:59,2025/02/10,2025/02/10,-322,0,-2.8,-324.8,0,0,-80.5,Loss,3.23,6,,deusfund-sqx1
Closed position,733028674,USTEC,8,Buy,21735.23,21743.8,2025/02/10 17:16:13,2025/02/10 22:00:00,2025/02/10,2025/02/10,68.56,0,0,68.56,0,0,8.6,Win,4.73,202501009,,deusfund-sqx2
Closed position,733013867,USTEC,8,Buy,21713.85,21738.55,2025/02/10 17:05:24,2025/02/10 22:45:00,2025/02/10,2025/02/10,197.6,0,0,197.6,0,0,24.7,Win,5.66,5,,deusfund-sqx1
Closed position,733065373,USTEC,8,Buy,21767.23,21738.55,2025/02/10 17:41:31,2025/02/10 22:45:00,2025/02/10,2025/02/10,-229.44,0,0,-229.44,0,0,-28.7,Loss,5.06,202501011,,deusfund-sqx2
Closed position,733210342,USTEC,8,Buy,21737.1,21738.55,2025/02/10 19:53:44,2025/02/10 22:45:00,2025/02/10,2025/02/10,11.6,0,0,11.6,0,0,1.4,Win,2.85,9,,deusfund-sqx1
Closed position,732497740,XAUUSD,1,Buy,2887.31,2907.22,2025/02/10 08:46:44,2025/02/10 23:00:00,2025/02/10,2025/02/10,1991,0,-7,1984,0,0,199.1,Win,14.22,202501025,,deusfund-sqx2
Closed position,732981864,USTEC,8,Buy,21681.1,21702.7,2025/02/10 16:44:34,2025/02/11 01:00:14,2025/02/10,2025/02/11,172.8,-26.48,0,146.32,0,0,21.6,Win,8.26,202501007,,deusfund-sqx2
Closed position,733360362,XAUUSD,0.4,Buy,2909.14,2932.68,2025/02/11 01:02:06,2025/02/11 03:52:22,2025/02/11,2025/02/11,941.6,0,-2.8,938.8,0,0,235.4,Win,2.84,6,,deusfund-sqx1
Closed position,732497730,XAUUSD,1,Buy,2887.31,2906.09,2025/02/10 08:46:44,2025/02/11 04:40:18,2025/02/10,2025/02/11,1878,-19.69,-7,1851.31,0,0,187.8,Win,19.89,202501027,,deusfund-sqx2
Closed position,733406579,GBPJPY,1,Sell,187.507,188.905,2025/02/11 02:03:11,2025/02/11 15:41:51,2025/02/11,2025/02/11,-917.08,0,-7,-924.08,0,0,-139.8,Loss,13.64,202501003,,deusfund-sqx2
Closed position,733406581,GBPJPY,1,Sell,187.507,190.134,2025/02/11 02:03:11,2025/02/12 01:35:07,2025/02/11,2025/02/12,-1720.04,-2.09,-7,-1729.13,0,0,-262.7,Loss,23.53,202501002,,deusfund-sqx2
Closed position,735030315,GBPJPY,1,Buy,191.29,190.676,2025/02/12 09:54:46,2025/02/12 15:30:01,2025/02/12,2025/02/12,-400.4,0,-7,-407.4,0,0,-61.4,Loss,5.59,202501003,,deusfund-sqx2
Closed position,735338973,USTEC,5,Sell,21520.1,21435,2025/02/12 15:30:09,2025/02/12 15:37:16,2025/02/12,2025/02/12,425.5,0,0,425.5,0,0,85.1,Win,0.12,1,,deusfund-sqx1
Closed position,732374322,USDJPY,1,Buy,152.148,154.592,2025/02/10 04:30:05,2025/02/12 17:15:42,2025/02/10,2025/02/12,1580.94,1.71,-7,1575.65,0,0,244.4,Win,60.76,202501015,,deusfund-sqx2
Closed position,734717578,USDJPY,1,Buy,152.571,154.693,2025/02/12 01:02:04,2025/02/12 18:18:23,2025/02/12,2025/02/12,1371.75,0,-7,1364.75,0,0,212.2,Win,17.27,202501013,,deusfund-sqx2
Closed position,736034233,USDJPY,1,Buy,154.631,154.213,2025/02/13 03:03:05,2025/02/13 04:26:12,2025/02/13,2025/02/13,-271.05,0,-7,-278.05,0,0,-41.8,Loss,1.39,202501013,,deusfund-sqx2
Closed position,736034234,USDJPY,1,Buy,154.631,154.056,2025/02/13 03:03:05,2025/02/13 08:12:46,2025/02/13,2025/02/13,-373.24,0,-7,-380.24,0,0,-57.5,Loss,5.16,202501016,,deusfund-sqx2
Closed position,736138536,USTEC,8,Buy,21832.6,21685.6,2025/02/13 06:06:57,2025/02/13 10:25:46,2025/02/13,2025/02/13,-1176,0,0,-1176,0,0,-147.0,Loss,4.31,202501007,,deusfund-sqx2
Closed position,736137525,GBPJPY,1,Buy,192.599,192.296,2025/02/13 06:06:10,2025/02/13 10:47:16,2025/02/13,2025/02/13,-196.68,0,-7,-203.68,0,0,-30.3,Loss,4.68,202501003,,deusfund-sqx2
Closed position,734717576,USDJPY,1,Buy,152.571,153.941,2025/02/12 01:02:04,2025/02/13 11:01:35,2025/02/12,2025/02/13,889.95,2.53,-7,885.48,0,0,137.0,Win,33.99,202501014,,deusfund-sqx2
Closed position,736140025,XAUUSD,1,Buy,2918.58,2917.88,2025/02/13 06:08:31,2025/02/13 15:00:00,2025/02/13,2025/02/13,-70,0,-7,-77,0,0,-7.0,Loss,8.86,202501023,,deusfund-sqx2
Closed position,735635653,USDJPY,1,Buy,154.443,153.661,2025/02/12 18:00:11,2025/02/13 15:30:02,2025/02/12,2025/02/13,-508.91,2.53,-7,-513.38,0,0,-78.2,Loss,21.5,202501015,,deusfund-sqx2
Closed position,734717579,USDJPY,1,Buy,152.571,153.542,2025/02/12 01:02:04,2025/02/13 15:39:04,2025/02/12,2025/02/13,632.4,2.53,-7,627.93,0,0,97.1,Win,38.62,202501020,,deusfund-sqx2
Closed position,736137526,GBPJPY,1,Buy,192.599,191.439,2025/02/13 06:06:10,2025/02/13 15:39:57,2025/02/13,2025/02/13,-755.77,0,-7,-762.77,0,0,-116.0,Loss,9.56,202501002,,deusfund-sqx2
Closed position,736992877,USTEC,8,Buy,21868.5,21791.8,2025/02/13 17:02:50,2025/02/13 17:07:11,2025/02/13,2025/02/13,-613.6,0,0,-613.6,0,0,-76.7,Loss,0.07,202501009,,deusfund-sqx2
Closed position,734717580,USDJPY,1,Buy,152.571,153.244,2025/02/12 01:02:04,2025/02/13 17:42:52,2025/02/12,2025/02/13,439.17,2.53,-7,434.70,0,0,67.3,Win,40.68,202501018,,deusfund-sqx2
Closed position,737072117,USTEC,5,Buy,21915.2,21889.4,2025/02/13 17:37:25,2025/02/13 18:53:44,2025/02/13,2025/02/13,-129,0,0,-129,0,0,-25.8,Loss,1.27,1,,deusfund-sqx1
Closed position,737037549,USTEC,8,Buy,21886.9,21887.4,2025/02/13 17:19:35,2025/02/13 18:54:17,2025/02/13,2025/02/13,4,0,0,4,0,0,0.5,Win,1.58,202501004,,deusfund-sqx2
Closed position,737080710,USTEC,8,Buy,21957.2,21870,2025/02/13 17:42:07,2025/02/13 18:56:41,2025/02/13,2025/02/13,-697.6,0,0,-697.6,0,0,-87.2,Loss,1.24,202501006,,deusfund-sqx2
Closed position,737084909,USTEC,8,Buy,21966.7,21985.5,2025/02/13 17:44:25,2025/02/13 22:45:00,2025/02/13,2025/02/13,150.4,0,0,150.4,0,0,18.8,Win,5.01,202501011,,deusfund-sqx2
Closed position,737451381,USTEC,8,Buy,21956.9,21985.5,2025/02/13 21:33:52,2025/02/13 22:45:00,2025/02/13,2025/02/13,228.8,0,0,228.8,0,0,28.6,Win,1.19,9,,deusfund-sqx1
Closed position,737492574,USTEC,16,Buy,21990.6,21985.5,2025/02/13 22:08:42,2025/02/13 22:45:00,2025/02/13,2025/02/13,-81.6,0,0,-81.6,0,0,-5.1,Loss,0.6,202501010,,deusfund-sqx2
Closed position,737654411,XAUUSD,1,Buy,2932.62,2929.97,2025/02/14 03:09:03,2025/02/14 04:00:00,2025/02/14,2025/02/14,-265,0,-7,-272,0,0,-26.5,Loss,0.85,202501025,,deusfund-sqx2
Closed position,737666504,XAUUSD,0.4,Buy,2933.89,2925.84,2025/02/14 03:25:57,2025/02/14 05:41:59,2025/02/14,2025/02/14,-322,0,-2.8,-324.8,0,0,-80.5,Loss,2.27,6,,deusfund-sqx1
Closed position,737848997,USTEC,8,Buy,22060,21995.6,2025/02/14 09:07:55,2025/02/14 13:06:08,2025/02/14,2025/02/14,-515.2,0,0,-515.2,0,0,-64.4,Loss,3.97,202501009,,deusfund-sqx2
Closed position,737666523,XAUUSD,1,Buy,2933.89,2927.9,2025/02/14 03:25:57,2025/02/14 14:43:44,2025/02/14,2025/02/14,-599,0,-7,-606,0,0,-59.9,Loss,11.3,202501026,,deusfund-sqx2
Closed position,737823051,XAUUSD,0.4,Buy,2933.97,2925.75,2025/02/14 08:34:55,2025/02/14 15:41:57,2025/02/14,2025/02/14,-328.8,0,-2.8,-331.6,0,0,-82.2,Loss,7.12,6,,deusfund-sqx1
Closed position,738585802,BTCUSD,0.8,Buy,98161.61,98586.06,2025/02/14 19:46:45,2025/02/14 20:00:00,2025/02/14,2025/02/14,339.56,0,0,339.56,0,0,424.4,Win,0.22,1001,,deusfund-sqx1
Closed position,739238221,USTEC,8,Buy,22193.7,22142.6,2025/02/17 06:50:54,2025/02/17 16:31:28,2025/02/17,2025/02/17,-408.8,0,0,-408.8,0,0,-51.1,Loss,9.68,202501005,,deusfund-sqx2
Closed position,739251302,USTEC,8,Buy,22198.4,22114.5,2025/02/17 07:15:50,2025/02/17 16:42:53,2025/02/17,2025/02/17,-671.2,0,0,-671.2,0,0,-83.9,Loss,9.45,202501007,,deusfund-sqx2
Closed position,741044707,GBPJPY,1,Buy,192.252,191.435,2025/02/19 00:41:08,2025/02/19 03:31:34,2025/02/19,2025/02/19,-538.19,0,-7,-545.19,0,0,-81.7,Loss,2.84,202501003,,deusfund-sqx2
Closed position,740962730,XAUUSD,0.4,Buy,2936.15,2927.94,2025/02/18 21:46:17,2025/02/19 04:48:41,2025/02/18,2025/02/19,-328.4,0.12,-2.8,-331.08,0,0,-82.1,Loss,7.04,6,,deusfund-sqx1
Closed position,741143295,USDJPY,1,Buy,152.145,151.854,2025/02/19 03:54:53,2025/02/19 06:07:57,2025/02/19,2025/02/19,-191.63,0,-7,-198.63,0,0,-29.1,Loss,2.22,202501018,,deusfund-sqx2
Closed position,741388190,XAUUSD,1,Buy,2940.07,2938.69,2025/02/19 10:38:36,2025/02/19 11:00:01,2025/02/19,2025/02/19,-138,0,-7,-145,0,0,-13.8,Loss,0.36,202501021,,deusfund-sqx2
Closed position,741388200,XAUUSD,1,Buy,2940.07,2938.69,2025/02/19 10:38:36,2025/02/19 11:00:01,2025/02/19,2025/02/19,-138,0,-7,-145,0,0,-13.8,Loss,0.36,1007,,deusfund-sqx1
Closed position,741388221,XAUUSD,1,Buy,2940.07,2938.69,2025/02/19 10:38:36,2025/02/19 11:00:01,2025/02/19,2025/02/19,-138,0,-7,-145,0,0,-13.8,Loss,0.36,202501025,,deusfund-sqx2
Closed position,741388203,XAUUSD,1,Buy,2940.07,2938.69,2025/02/19 10:38:36,2025/02/19 11:00:01,2025/02/19,2025/02/19,-138,0,-7,-145,0,0,-13.8,Loss,0.36,1006,,deusfund-sqx1
Closed position,741388207,XAUUSD,1,Buy,2940.07,2938.69,2025/02/19 10:38:36,2025/02/19 11:00:01,2025/02/19,2025/02/19,-138,0,-7,-145,0,0,-13.8,Loss,0.36,202501023,,deusfund-sqx2
Closed position,741424961,XAUUSD,1,Buy,2940.7,2935.05,2025/02/19 11:15:11,2025/02/19 13:59:07,2025/02/19,2025/02/19,-565,0,-7,-572,0,0,-56.5,Loss,2.73,202501022,,deusfund-sqx2
Closed position,741388218,XAUUSD,1,Buy,2940.07,2936.52,2025/02/19 10:38:36,2025/02/19 16:00:00,2025/02/19,2025/02/19,-355,0,-7,-362,0,0,-35.5,Loss,5.36,202501027,,deusfund-sqx2
Closed position,741372997,XAUUSD,0.4,Buy,2938.67,2930.28,2025/02/19 10:23:43,2025/02/19 16:26:13,2025/02/19,2025/02/19,-335.6,0,-2.8,-338.4,0,0,-83.9,Loss,6.04,6,,deusfund-sqx1
Closed position,740040766,USDJPY,1,Buy,151.811,151.522,2025/02/18 04:23:51,2025/02/19 16:37:14,2025/02/18,2025/02/19,-190.73,0.85,-7,-196.88,0,0,-28.9,Loss,36.22,202501013,,deusfund-sqx2
Closed position,741143296,USDJPY,1,Buy,152.145,151.383,2025/02/19 03:54:53,2025/02/19 16:45:27,2025/02/19,2025/02/19,-503.36,0,-7,-510.36,0,0,-76.2,Loss,12.84,202501015,,deusfund-sqx2
Closed position,741388211,XAUUSD,1,Buy,2940.07,2928.81,2025/02/19 10:38:36,2025/02/19 17:59:18,2025/02/19,2025/02/19,-1126,0,-7,-1133,0,0,-112.6,Loss,7.34,202501024,,deusfund-sqx2
Closed position,741143293,USDJPY,1,Buy,152.145,150.918,2025/02/19 03:54:53,2025/02/20 02:55:09,2025/02/19,2025/02/20,-813.02,2.57,-7,-817.45,0,0,-122.7,Loss,23,202501019,,deusfund-sqx2
Closed position,741143294,USDJPY,1,Buy,152.145,150.622,2025/02/19 03:54:53,2025/02/20 03:15:34,2025/02/19,2025/02/20,-1011.14,2.57,-7,-1015.57,0,0,-152.3,Loss,23.34,202501014,,deusfund-sqx2
Closed position,742481630,XAUUSD,1,Buy,2947.01,2946.96,2025/02/20 07:59:08,2025/02/20 08:00:00,2025/02/20,2025/02/20,-5,0,-7,-12,0,0,-0.5,Loss,0.01,1006,,deusfund-sqx1
Closed position,742481597,XAUUSD,1,Buy,2947.01,2946.96,2025/02/20 07:59:08,2025/02/20 08:00:00,2025/02/20,2025/02/20,-5,0,-7,-12,0,0,-0.5,Loss,0.01,1007,,deusfund-sqx1
Closed position,739584489,GBPJPY,1,Sell,190.753,189.267,2025/02/17 14:34:06,2025/02/20 10:00:59,2025/02/17,2025/02/20,989.08,-10.49,-7,971.59,0,0,148.6,Win,67.45,202501002,,deusfund-sqx2
Closed position,742236625,BTCUSD,0.8,Buy,96830.81,97175.94,2025/02/20 01:01:50,2025/02/20 12:00:01,2025/02/20,2025/02/20,276.1,0,0,276.1,0,0,345.1,Win,10.97,1001,,deusfund-sqx1
Closed position,742477830,XAUUSD,0.4,Buy,2945.64,2937.6,2025/02/20 07:53:44,2025/02/20 15:46:49,2025/02/20,2025/02/20,-321.6,0,-2.8,-324.4,0,0,-80.4,Loss,7.88,6,,deusfund-sqx1
Closed position,742481607,XAUUSD,1,Buy,2947.01,2937.05,2025/02/20 07:59:08,2025/02/20 15:46:51,2025/02/20,2025/02/20,-996,0,-7,-1003,0,0,-99.6,Loss,7.8,202501023,,deusfund-sqx2
Closed position,743066683,USTEC,5,Sell,21921.6,22033,2025/02/20 17:00:11,2025/02/20 21:20:35,2025/02/20,2025/02/20,-557,0,0,-557,0,0,-111.4,Loss,4.34,1,,deusfund-sqx1
Closed position,744135695,USTEC,8,Buy,22116.7,22065.3,2025/02/21 14:16:01,2025/02/21 16:31:56,2025/02/21,2025/02/21,-411.2,0,0,-411.2,0,0,-51.4,Loss,2.27,202501009,,deusfund-sqx2
Closed position,744402379,USTEC,5,Sell,21916,21957.3,2025/02/21 17:33:40,2025/02/21 18:21:51,2025/02/21,2025/02/21,-206.5,0,0,-206.5,0,0,-41.3,Loss,0.8,1,,deusfund-sqx1
Closed position,745210025,XAUUSD,1,Buy,2941.84,2937.95,2025/02/24 05:00:06,2025/02/24 12:44:06,2025/02/24,2025/02/24,-389,0,-7,-396,0,0,-38.9,Loss,7.73,202501026,,deusfund-sqx2
Closed position,745782993,XAUUSD,0.4,Buy,2954.55,2946.5,2025/02/24 15:59:35,2025/02/24 16:25:03,2025/02/24,2025/02/24,-322,0,-2.8,-324.8,0,0,-80.5,Loss,0.42,6,,deusfund-sqx1
Closed position,745786390,XAUUSD,1,Buy,2955.93,2945.49,2025/02/24 16:00:38,2025/02/24 16:25:12,2025/02/24,2025/02/24,-1044,0,-7,-1051,0,0,-104.4,Loss,0.41,202501022,,deusfund-sqx2
Closed position,745785613,XAUUSD,1,Buy,2954.96,2943.22,2025/02/24 16:00:31,2025/02/24 16:26:40,2025/02/24,2025/02/24,-1174,0,-7,-1181,0,0,-117.4,Loss,0.44,202501027,,deusfund-sqx2
Closed position,745785616,XAUUSD,1,Buy,2954.96,2943,2025/02/24 16:00:31,2025/02/24 16:26:40,2025/02/24,2025/02/24,-1196,0,-7,-1203,0,0,-119.6,Loss,0.44,202501025,,deusfund-sqx2
Closed position,745785598,XAUUSD,1,Buy,2954.96,2944.2,2025/02/24 16:00:31,2025/02/24 16:26:40,2025/02/24,2025/02/24,-1076,0,-7,-1083,0,0,-107.6,Loss,0.44,202501023,,deusfund-sqx2
Closed position,745785592,XAUUSD,1,Buy,2954.96,2943,2025/02/24 16:00:31,2025/02/24 16:26:40,2025/02/24,2025/02/24,-1196,0,-7,-1203,0,0,-119.6,Loss,0.44,202501024,,deusfund-sqx2
Closed position,745785617,XAUUSD,1,Buy,2954.96,2944.2,2025/02/24 16:00:31,2025/02/24 16:26:40,2025/02/24,2025/02/24,-1076,0,-7,-1083,0,0,-107.6,Loss,0.44,1006,,deusfund-sqx1
Closed position,745785610,XAUUSD,1,Buy,2954.96,2941.85,2025/02/24 16:00:31,2025/02/24 16:27:12,2025/02/24,2025/02/24,-1311,0,-7,-1318,0,0,-131.1,Loss,0.44,202501021,,deusfund-sqx2
Closed position,745785621,XAUUSD,1,Buy,2954.96,2941.85,2025/02/24 16:00:31,2025/02/24 16:27:12,2025/02/24,2025/02/24,-1311,0,-7,-1318,0,0,-131.1,Loss,0.44,1007,,deusfund-sqx1
Closed position,746096571,USTEC,8,Buy,21544.2,21446,2025/02/24 19:05:21,2025/02/24 22:45:00,2025/02/24,2025/02/24,-785.6,0,0,-785.6,0,0,-98.2,Loss,3.66,5,,deusfund-sqx1
Closed position,745928807,GBPJPY,1,Sell,188.297,188.665,2025/02/24 17:06:22,2025/02/25 10:11:23,2025/02/24,2025/02/25,-246.29,-17.24,-7,-270.53,0,0,-36.8,Loss,17.08,202501002,,deusfund-sqx2
Closed position,746293158,USTEC,5,Sell,21342.6,21339.5,2025/02/24 23:01:37,2025/02/25 16:00:01,2025/02/24,2025/02/25,15.5,4.15,0,19.65,0,0,3.1,Win,16.97,2,,deusfund-sqx1
Closed position,746357081,USTEC,5,Sell,21337.2,21018.5,2025/02/25 01:34:22,2025/02/25 17:19:29,2025/02/25,2025/02/25,1593.5,0,0,1593.5,0,0,318.7,Win,15.75,2,,deusfund-sqx1
Closed position,747602383,USTEC,8,Buy,21176.6,21101.7,2025/02/25 20:00:57,2025/02/25 22:45:00,2025/02/25,2025/02/25,-599.2,0,0,-599.2,0,0,-74.9,Loss,2.73,5,,deusfund-sqx1
Closed position,748629300,USTEC,8,Buy,21219.7,21260.2,2025/02/26 16:50:16,2025/02/26 19:35:48,2025/02/26,2025/02/26,324,0,0,324,0,0,40.5,Win,2.76,9,,deusfund-sqx1
Closed position,748767585,USTEC,8,Buy,21301.8,21137.5,2025/02/26 18:00:06,2025/02/26 22:45:00,2025/02/26,2025/02/26,-1314.4,0,0,-1314.4,0,0,-164.3,Loss,4.75,5,,deusfund-sqx1
Closed position,749029636,USTEC,8,Buy,21090.5,21132.8,2025/02/26 21:33:20,2025/02/26 22:45:02,2025/02/26,2025/02/26,338.4,0,0,338.4,0,0,42.3,Win,1.2,9,,deusfund-sqx1
Closed position,750620473,GBPJPY,1,Sell,188.28,188.432,2025/02/28 02:57:09,2025/02/28 07:09:32,2025/02/28,2025/02/28,-101.5,0,-7,-108.5,0,0,-15.2,Loss,4.21,202501002,,deusfund-sqx2
Closed position,751564772,USTEC,8,Buy,20669.7,20526.1,2025/02/28 17:24:50,2025/02/28 19:49:14,2025/02/28,2025/02/28,-1148.8,0,0,-1148.8,0,0,-143.6,Loss,2.41,5,,deusfund-sqx1
Closed position,751891108,USTEC,8,Buy,20667.6,20696.8,2025/02/28 22:00:38,2025/02/28 22:45:00,2025/02/28,2025/02/28,233.6,0,0,233.6,0,0,29.2,Win,0.74,5,,deusfund-sqx1
Closed position,752141528,BTCUSD,0.8,Buy,87040.1,91116.39,2025/03/02 17:28:52,2025/03/02 19:00:00,2025/03/02,2025/03/02,3261.03,0,0,3261.03,0,0,4076.3,Win,1.52,1001,,deusfund-sqx1
Closed position,752244652,GBPJPY,1,Buy,190.004,189.355,2025/03/03 01:06:40,2025/03/03 05:21:50,2025/03/03,2025/03/03,-431.81,0,-7,-438.81,0,0,-64.9,Loss,4.25,202501003,,deusfund-sqx2
Closed position,752522591,USTEC,8,Buy,20967.8,20868.6,2025/03/03 08:53:05,2025/03/03 10:25:34,2025/03/03,2025/03/03,-793.6,0,0,-793.6,0,0,-99.2,Loss,1.54,202501009,,deusfund-sqx2
Closed position,752244653,GBPJPY,1,Buy,190.004,188.848,2025/03/03 01:06:40,2025/03/03 10:31:18,2025/03/03,2025/03/03,-770.38,0,-7,-777.38,0,0,-115.6,Loss,9.41,202501002,,deusfund-sqx2
Closed position,753043587,USTEC,8,Buy,21064.3,20923.2,2025/03/03 16:33:09,2025/03/03 16:40:46,2025/03/03,2025/03/03,-1128.8,0,0,-1128.8,0,0,-141.1,Loss,0.13,202501006,,deusfund-sqx2
Closed position,752770598,USDJPY,1,Buy,150.816,150.083,2025/03/03 12:41:40,2025/03/03 17:38:32,2025/03/03,2025/03/03,-488.4,0,-7,-495.4,0,0,-73.3,Loss,4.95,202501016,,deusfund-sqx2
Closed position,753167342,XAUUSD,1,Buy,2885.35,2887.99,2025/03/03 17:21:32,2025/03/03 18:00:00,2025/03/03,2025/03/03,264,0,-7,257,0,0,26.4,Win,0.64,202501023,,deusfund-sqx2
Closed position,754240145,XAUUSD,1,Buy,2921.08,2917.99,2025/03/04 11:31:15,2025/03/04 12:00:00,2025/03/04,2025/03/04,-309,0,-7,-316,0,0,-30.9,Loss,0.48,1007,,deusfund-sqx1
Closed position,754240202,XAUUSD,1,Buy,2921.08,2917.99,2025/03/04 11:31:15,2025/03/04 12:00:00,2025/03/04,2025/03/04,-309,0,-7,-316,0,0,-30.9,Loss,0.48,202501021,,deusfund-sqx2
Closed position,754240190,XAUUSD,1,Buy,2921.08,2917.99,2025/03/04 11:31:15,2025/03/04 12:00:00,2025/03/04,2025/03/04,-309,0,-7,-316,0,0,-30.9,Loss,0.48,202501027,,deusfund-sqx2
Closed position,754240147,XAUUSD,1,Buy,2921.08,2917.99,2025/03/04 11:31:15,2025/03/04 12:00:00,2025/03/04,2025/03/04,-309,0,-7,-316,0,0,-30.9,Loss,0.48,1006,,deusfund-sqx1
Closed position,754425838,XAUUSD,1,Buy,2923.51,2915.9,2025/03/04 14:26:25,2025/03/04 16:19:17,2025/03/04,2025/03/04,-761,0,-7,-768,0,0,-76.1,Loss,1.88,202501026,,deusfund-sqx2
Closed position,754054508,XAUUSD,1,Buy,2896.23,2910.86,2025/03/04 09:27:07,2025/03/04 16:38:05,2025/03/04,2025/03/04,1463,0,-7,1456,0,0,146.3,Win,7.18,202501022,,deusfund-sqx2
Closed position,754240192,XAUUSD,1,Buy,2921.08,2908.6,2025/03/04 11:31:15,2025/03/04 16:43:27,2025/03/04,2025/03/04,-1248,0,-7,-1255,0,0,-124.8,Loss,5.2,202501025,,deusfund-sqx2
Closed position,754972692,USTEC,8,Buy,20281.4,20494.6,2025/03/04 19:11:55,2025/03/04 22:45:00,2025/03/04,2025/03/04,1705.6,0,0,1705.6,0,0,213.2,Win,3.55,5,,deusfund-sqx1
Closed position,755327161,GBPJPY,1,Buy,191.876,191.082,2025/03/05 01:11:44,2025/03/05 15:35:16,2025/03/05,2025/03/05,-532.62,0,-7,-539.62,0,0,-79.4,Loss,14.39,202501003,,deusfund-sqx2
Closed position,756506616,XAUUSD,1,Buy,2927.79,2923.93,2025/03/05 18:20:43,2025/03/05 19:00:00,2025/03/05,2025/03/05,-386,0,-7,-393,0,0,-38.6,Loss,0.65,1007,,deusfund-sqx1
Closed position,756506657,XAUUSD,1,Buy,2927.79,2923.93,2025/03/05 18:20:43,2025/03/05 19:00:00,2025/03/05,2025/03/05,-386,0,-7,-393,0,0,-38.6,Loss,0.65,1006,,deusfund-sqx1
Closed position,756511373,XAUUSD,1,Buy,2928.89,2917.64,2025/03/05 18:23:54,2025/03/05 19:22:17,2025/03/05,2025/03/05,-1125,0,-7,-1132,0,0,-112.5,Loss,0.97,202501022,,deusfund-sqx2
Closed position,756506621,XAUUSD,1,Buy,2927.79,2916.25,2025/03/05 18:20:43,2025/03/05 19:38:42,2025/03/05,2025/03/05,-1154,0,-7,-1161,0,0,-115.4,Loss,1.3,202501023,,deusfund-sqx2
Closed position,756724634,USTEC,8,Buy,20663.7,20541,2025/03/05 21:14:27,2025/03/05 23:06:13,2025/03/05,2025/03/05,-981.6,0,0,-981.6,0,0,-122.7,Loss,1.86,202501009,,deusfund-sqx2
Closed position,756960036,XAUUSD,1,Buy,2923.84,2916.26,2025/03/06 03:52:04,2025/03/06 07:01:28,2025/03/06,2025/03/06,-758,0,-7,-765,0,0,-75.8,Loss,3.16,202501026,,deusfund-sqx2
Closed position,756878663,GBPJPY,1,Buy,192.065,191.772,2025/03/06 02:01:35,2025/03/06 09:02:28,2025/03/06,2025/03/06,-197.22,0,-7,-204.22,0,0,-29.3,Loss,7.01,202501003,,deusfund-sqx2
Closed position,755327162,GBPJPY,1,Buy,191.876,190.734,2025/03/05 01:11:44,2025/03/06 11:07:51,2025/03/05,2025/03/06,-772.44,24.95,-7,-754.49,0,0,-114.2,Loss,33.94,202501002,,deusfund-sqx2
Closed position,759174741,XAUUSD,1,Buy,2925.81,2914.51,2025/03/07 15:37:03,2025/03/07 15:56:15,2025/03/07,2025/03/07,-1130,0,-7,-1137,0,0,-113.0,Loss,0.32,202501026,,deusfund-sqx2
Closed position,759374150,XAUUSD,1,Buy,2930.02,2918.35,2025/03/07 17:01:01,2025/03/07 17:38:18,2025/03/07,2025/03/07,-1167,0,-7,-1174,0,0,-116.7,Loss,0.62,1006,,deusfund-sqx1
Closed position,759374180,XAUUSD,1,Buy,2930.02,2918.35,2025/03/07 17:01:01,2025/03/07 17:38:18,2025/03/07,2025/03/07,-1167,0,-7,-1174,0,0,-116.7,Loss,0.62,202501023,,deusfund-sqx2
Closed position,759374205,XAUUSD,1,Buy,2930.02,2918.07,2025/03/07 17:01:01,2025/03/07 17:38:19,2025/03/07,2025/03/07,-1195,0,-7,-1202,0,0,-119.5,Loss,0.62,202501025,,deusfund-sqx2
Closed position,759374201,XAUUSD,1,Buy,2930.02,2918.07,2025/03/07 17:01:01,2025/03/07 17:38:19,2025/03/07,2025/03/07,-1195,0,-7,-1202,0,0,-119.5,Loss,0.62,202501024,,deusfund-sqx2
Closed position,759374193,XAUUSD,1,Buy,2930.02,2917.68,2025/03/07 17:01:01,2025/03/07 17:38:45,2025/03/07,2025/03/07,-1234,0,-7,-1241,0,0,-123.4,Loss,0.63,202501027,,deusfund-sqx2
Closed position,759374186,XAUUSD,1,Buy,2930.02,2916.9,2025/03/07 17:01:01,2025/03/07 17:41:14,2025/03/07,2025/03/07,-1312,0,-7,-1319,0,0,-131.2,Loss,0.67,1007,,deusfund-sqx1
Closed position,759374209,XAUUSD,1,Buy,2930.02,2916.9,2025/03/07 17:01:01,2025/03/07 17:41:14,2025/03/07,2025/03/07,-1312,0,-7,-1319,0,0,-131.2,Loss,0.67,202501021,,deusfund-sqx2
Closed position,759708791,USTEC,8,Buy,20062.3,20124.6,2025/03/07 20:05:33,2025/03/07 22:45:00,2025/03/07,2025/03/07,498.4,0,0,498.4,0,0,62.3,Win,2.66,5,,deusfund-sqx1
Closed position,762640796,GBPJPY,1,Buy,191.547,190.736,2025/03/11 16:06:04,2025/03/11 17:02:53,2025/03/11,2025/03/11,-549.44,0,-7,-556.44,0,0,-81.1,Loss,0.95,202501003,,deusfund-sqx2
Closed position,762700710,USTEC,8,Buy,19496.4,19409.5,2025/03/11 16:37:43,2025/03/11 17:03:30,2025/03/11,2025/03/11,-695.2,0,0,-695.2,0,0,-86.9,Loss,0.43,9,,deusfund-sqx1
Closed position,762882379,USTEC,8,Buy,19393.9,19326,2025/03/11 18:07:22,2025/03/11 19:10:24,2025/03/11,2025/03/11,-543.2,0,0,-543.2,0,0,-67.9,Loss,1.05,9,,deusfund-sqx1
Closed position,763103392,USTEC,8,Buy,19438.2,19503.8,2025/03/11 21:10:19,2025/03/11 22:45:00,2025/03/11,2025/03/11,524.8,0,0,524.8,0,0,65.6,Win,1.58,9,,deusfund-sqx1
Closed position,763120066,USTEC,8,Buy,19481.4,19503.8,2025/03/11 21:21:26,2025/03/11 22:45:00,2025/03/11,2025/03/11,179.2,0,0,179.2,0,0,22.4,Win,1.39,5,,deusfund-sqx1
Closed position,763690347,XAUUSD,1,Buy,2922.11,2921.97,2025/03/12 11:59:48,2025/03/12 12:00:05,2025/03/12,2025/03/12,-14,0,-7,-21,0,0,-1.4,Loss,0,202501021,,deusfund-sqx2
Closed position,763895693,BTCUSD,0.8,Buy,84043.8,84045.88,2025/03/12 15:30:03,2025/03/12 16:00:00,2025/03/12,2025/03/12,1.66,0,0,1.66,0,0,2.1,Win,0.5,1001,,deusfund-sqx1
Closed position,763312347,GBPJPY,1,Buy,191.59,192.314,2025/03/12 02:50:54,2025/03/12 16:55:01,2025/03/12,2025/03/12,486.82,0,-7,479.82,0,0,72.4,Win,14.07,202501003,,deusfund-sqx2
Closed position,763899657,USTEC,8,Buy,19724.2,19582.5,2025/03/12 15:30:06,2025/03/12 16:56:28,2025/03/12,2025/03/12,-1133.6,0,0,-1133.6,0,0,-141.7,Loss,1.44,202501009,,deusfund-sqx2
Closed position,763455426,USDJPY,1,Buy,148.245,148.505,2025/03/12 07:19:54,2025/03/12 17:31:32,2025/03/12,2025/03/12,175.08,0,-7,168.08,0,0,26.0,Win,10.19,202501017,,deusfund-sqx2
Closed position,764230281,XAUUSD,1,Buy,2925.45,2928.69,2025/03/12 18:09:44,2025/03/12 19:00:00,2025/03/12,2025/03/12,324,0,-7,317,0,0,32.4,Win,0.84,202501023,,deusfund-sqx2
Closed position,764230324,XAUUSD,1,Buy,2925.45,2928.68,2025/03/12 18:09:44,2025/03/12 19:00:00,2025/03/12,2025/03/12,323,0,-7,316,0,0,32.3,Win,0.84,1006,,deusfund-sqx1
Closed position,764314552,XAUUSD,1,Buy,2930.42,2936.25,2025/03/12 19:08:18,2025/03/12 20:00:00,2025/03/12,2025/03/12,583,0,-7,576,0,0,58.3,Win,0.86,1007,,deusfund-sqx1
Closed position,764314550,XAUUSD,1,Buy,2930.42,2936.26,2025/03/12 19:08:18,2025/03/12 20:00:00,2025/03/12,2025/03/12,584,0,-7,577,0,0,58.4,Win,0.86,202501027,,deusfund-sqx2
Closed position,764044698,USTEC,8,Buy,19729.7,19563.1,2025/03/12 16:33:45,2025/03/12 22:45:00,2025/03/12,2025/03/12,-1332.8,0,0,-1332.8,0,0,-166.6,Loss,6.19,202501011,,deusfund-sqx2
Closed position,764045563,USTEC,8,Buy,19734.2,19563.2,2025/03/12 16:34:14,2025/03/12 22:45:00,2025/03/12,2025/03/12,-1368,0,0,-1368,0,0,-171.0,Loss,6.18,9,,deusfund-sqx1
Closed position,764314560,XAUUSD,1,Buy,2930.42,2938.78,2025/03/12 19:08:18,2025/03/13 04:00:00,2025/03/12,2025/03/13,836,-125.46,-7,703.54,0,0,83.6,Win,8.86,202501025,,deusfund-sqx2
Closed position,763269597,USDJPY,1,Buy,147.83,147.963,2025/03/12 01:01:37,2025/03/13 07:17:02,2025/03/12,2025/03/13,89.89,18.54,-7,101.43,0,0,13.3,Win,30.26,202501019,,deusfund-sqx2
Closed position,763313792,USDJPY,1,Buy,148.036,147.755,2025/03/12 02:54:09,2025/03/13 08:37:40,2025/03/12,2025/03/13,-190.18,18.54,-7,-178.64,0,0,-28.1,Loss,29.73,202501020,,deusfund-sqx2
Closed position,764234582,XAUUSD,1,Buy,2926.99,2937.64,2025/03/12 18:11:57,2025/03/13 09:06:52,2025/03/12,2025/03/13,1065,-125.46,-7,932.54,0,0,106.5,Win,14.92,202501026,,deusfund-sqx2
Closed position,764315510,XAUUSD,1,Buy,2931.58,2936.69,2025/03/12 19:08:36,2025/03/13 09:08:29,2025/03/12,2025/03/13,511,-125.46,-7,378.54,0,0,51.1,Win,14,202501022,,deusfund-sqx2
Closed position,764314544,XAUUSD,1,Buy,2930.42,2947.69,2025/03/12 19:08:18,2025/03/13 13:00:00,2025/03/12,2025/03/13,1727,-125.46,-7,1594.54,0,0,172.7,Win,17.86,202501024,,deusfund-sqx2
Closed position,765460538,XAUUSD,0.4,Buy,2955.24,2978.1,2025/03/13 17:33:16,2025/03/13 18:56:22,2025/03/13,2025/03/13,914.4,0,-2.8,911.6,0,0,228.6,Win,1.38,6,,deusfund-sqx1
Closed position,763481610,GBPJPY,1,Buy,191.634,190.749,2025/03/12 08:22:00,2025/03/13 20:19:40,2025/03/12,2025/03/13,-600.21,24.48,-7,-582.73,0,0,-88.5,Loss,35.96,202501002,,deusfund-sqx2
Closed position,765991215,XAUUSD,0.4,Buy,2988.68,2980.77,2025/03/14 04:07:42,2025/03/14 10:24:54,2025/03/14,2025/03/14,-316.4,0,-2.8,-319.2,0,0,-79.1,Loss,6.29,6,,deusfund-sqx1
Closed position,766322084,XAUUSD,0.4,Buy,2992.78,2984.6,2025/03/14 11:28:02,2025/03/14 16:37:09,2025/03/14,2025/03/14,-327.2,0,-2.8,-330.0,0,0,-81.8,Loss,5.15,6,,deusfund-sqx1
Closed position,766930726,USTEC,8,Buy,19616.1,19581.4,2025/03/14 18:18:27,2025/03/14 19:29:00,2025/03/14,2025/03/14,-277.6,0,0,-277.6,0,0,-34.7,Loss,1.18,9,,deusfund-sqx1
Closed position,766895212,USTEC,8,Buy,19570.9,19640.3,2025/03/14 17:59:36,2025/03/14 22:45:00,2025/03/14,2025/03/14,555.2,0,0,555.2,0,0,69.4,Win,4.76,5,,deusfund-sqx1
Closed position,766967259,USTEC,8,Buy,19675.5,19640.1,2025/03/14 18:45:02,2025/03/14 22:45:00,2025/03/14,2025/03/14,-283.2,0,0,-283.2,0,0,-35.4,Loss,4,202501011,,deusfund-sqx2
Closed position,767047844,USTEC,8,Buy,19663.5,19640.3,2025/03/14 19:50:53,2025/03/14 22:45:00,2025/03/14,2025/03/14,-185.6,0,0,-185.6,0,0,-23.2,Loss,2.9,9,,deusfund-sqx1
Closed position,766932161,USTEC,8,Buy,19619,19675.5,2025/03/14 18:19:37,2025/03/14 23:00:00,2025/03/14,2025/03/14,452,0,0,452,0,0,56.5,Win,4.67,202501009,,deusfund-sqx2
Closed position,766912492,BTCUSD,0.8,Buy,84332.1,84489.43,2025/03/14 18:06:22,2025/03/15 07:00:00,2025/03/14,2025/03/15,125.86,-112.28,0,13.58,0,0,157.3,Win,12.89,1001,,deusfund-sqx1
Closed position,767507511,BTCUSD,0.8,Buy,84720.89,84210.31,2025/03/16 19:08:57,2025/03/16 19:10:59,2025/03/16,2025/03/16,-408.46,0,0,-408.46,0,0,-510.6,Loss,0.03,1001,,deusfund-sqx1
Closed position,767206718,USTEC,8,Buy,19690.8,19533,2025/03/14 22:54:30,2025/03/17 02:06:27,2025/03/14,2025/03/17,-1262.4,-79.44,0,-1341.84,0,0,-157.8,Loss,51.2,202501006,,deusfund-sqx2
Closed position,768339837,XAUUSD,1,Buy,2998.77,2991.32,2025/03/17 13:54:09,2025/03/17 15:12:48,2025/03/17,2025/03/17,-745,0,-7,-752,0,0,-74.5,Loss,1.31,202501026,,deusfund-sqx2
Closed position,768339833,XAUUSD,0.4,Buy,2998.77,2990.54,2025/03/17 13:54:09,2025/03/17 15:14:30,2025/03/17,2025/03/17,-329.2,0,-2.8,-332.0,0,0,-82.3,Loss,1.34,6,,deusfund-sqx1
Closed position,768891672,USTEC,8,Buy,19894.1,19893.5,2025/03/17 21:26:35,2025/03/17 22:10:10,2025/03/17,2025/03/17,-4.8,0,0,-4.8,0,0,-0.6,Loss,0.73,202501004,,deusfund-sqx2
Closed position,768895081,USTEC,8,Buy,19905.35,19893.55,2025/03/17 21:31:21,2025/03/17 22:45:00,2025/03/17,2025/03/17,-94.4,0,0,-94.4,0,0,-11.8,Loss,1.23,7,,deusfund-sqx1
Closed position,768905138,USTEC,8,Buy,19926.15,19893.55,2025/03/17 21:47:05,2025/03/17 22:45:00,2025/03/17,2025/03/17,-260.8,0,0,-260.8,0,0,-32.6,Loss,0.97,9,,deusfund-sqx1
Closed position,768906309,USTEC,8,Buy,19932.4,19783.35,2025/03/17 21:48:26,2025/03/17 23:01:46,2025/03/17,2025/03/17,-1192.4,0,0,-1192.4,0,0,-149.0,Loss,1.22,202501007,,deusfund-sqx2
Closed position,768891590,USTEC,8,Buy,19890.3,19783.15,2025/03/17 21:26:27,2025/03/17 23:01:52,2025/03/17,2025/03/17,-857.2,0,0,-857.2,0,0,-107.2,Loss,1.59,202501009,,deusfund-sqx2
Closed position,768880273,USTEC,8,Buy,19850.7,19756.65,2025/03/17 21:13:05,2025/03/18 04:31:38,2025/03/17,2025/03/18,-752.4,-25.04,0,-777.44,0,0,-94.0,Loss,7.31,202501005,,deusfund-sqx2
Closed position,768905096,USTEC,8,Buy,19924.95,19753.45,2025/03/17 21:47:02,2025/03/18 04:31:50,2025/03/17,2025/03/18,-1372,-25.04,0,-1397.04,0,0,-171.5,Loss,6.75,202501008,,deusfund-sqx2
Closed position,769083523,XAUUSD,1,Buy,3005.07,3005.68,2025/03/18 04:28:16,2025/03/18 05:00:00,2025/03/18,2025/03/18,61,0,-7,54,0,0,6.1,Win,0.53,1007,,deusfund-sqx1
Closed position,769083581,XAUUSD,1,Buy,3005.07,3005.79,2025/03/18 04:28:16,2025/03/18 05:00:01,2025/03/18,2025/03/18,72,0,-7,65,0,0,7.2,Win,0.53,202501021,,deusfund-sqx2
Closed position,768858921,XAUUSD,0.4,Buy,2999.08,3022.57,2025/03/17 20:47:27,2025/03/18 11:23:58,2025/03/17,2025/03/18,939.6,-16.73,-2.8,920.07,0,0,234.9,Win,14.61,6,,deusfund-sqx1
Closed position,769083593,XAUUSD,1,Buy,3005.07,3026.91,2025/03/18 04:28:16,2025/03/18 12:00:06,2025/03/18,2025/03/18,2184,0,-7,2177,0,0,218.4,Win,7.53,202501027,,deusfund-sqx2
Closed position,767922433,GBPJPY,1,Buy,192.601,194.053,2025/03/17 07:05:20,2025/03/18 16:40:23,2025/03/17,2025/03/18,969.6,8.11,-7,970.71,0,0,145.2,Win,33.58,202501003,,deusfund-sqx2
Closed position,769035794,USTEC,5,Sell,19792.3,19493.45,2025/03/18 03:08:26,2025/03/18 16:44:33,2025/03/18,2025/03/18,1494.25,0,0,1494.25,0,0,298.8,Win,13.6,2,,deusfund-sqx1
Closed position,769064870,USTEC,5,Sell,19776.4,19476.85,2025/03/18 04:01:14,2025/03/18 16:45:03,2025/03/18,2025/03/18,1497.75,0,0,1497.75,0,0,299.6,Win,12.73,2,,deusfund-sqx1
Closed position,769482972,USTEC,5,Sell,19744.8,19447.45,2025/03/18 13:05:28,2025/03/18 16:57:37,2025/03/18,2025/03/18,1486.75,0,0,1486.75,0,0,297.4,Win,3.87,2,,deusfund-sqx1
Closed position,769083546,XAUUSD,1,Buy,3005.07,3032.91,2025/03/18 04:28:16,2025/03/18 17:00:00,2025/03/18,2025/03/18,2784,0,-7,2777,0,0,278.4,Win,12.53,202501023,,deusfund-sqx2
Closed position,769083538,XAUUSD,1,Buy,3005.07,3028.06,2025/03/18 04:28:16,2025/03/18 18:00:00,2025/03/18,2025/03/18,2299,0,-7,2292,0,0,229.9,Win,13.53,1006,,deusfund-sqx1
Closed position,768988159,USDJPY,1,Buy,149.217,149.281,2025/03/18 01:01:08,2025/03/18 20:06:06,2025/03/18,2025/03/18,42.87,0,-7,35.87,0,0,6.4,Win,19.08,202501017,,deusfund-sqx2
Closed position,769083600,XAUUSD,1,Buy,3005.07,3032.65,2025/03/18 04:28:16,2025/03/18 21:00:00,2025/03/18,2025/03/18,2758,0,-7,2751,0,0,275.8,Win,16.53,202501025,,deusfund-sqx2
Closed position,767929781,USDJPY,1,Buy,148.972,149.201,2025/03/17 07:09:30,2025/03/18 21:01:39,2025/03/17,2025/03/18,153.48,6.14,-7,152.62,0,0,22.9,Win,37.87,202501019,,deusfund-sqx2
Closed position,769083521,XAUUSD,1,Buy,3005.07,3036.1,2025/03/18 04:28:16,2025/03/19 07:00:00,2025/03/18,2025/03/19,3103,-41.82,-7,3054.18,0,0,310.3,Win,26.53,202501024,,deusfund-sqx2
Closed position,769100961,XAUUSD,1,Buy,3005.97,3035.69,2025/03/18 04:56:40,2025/03/19 09:20:46,2025/03/18,2025/03/19,2972,-41.82,-7,2923.18,0,0,297.2,Win,28.4,202501022,,deusfund-sqx2
Closed position,770499326,USDJPY,1,Buy,149.847,149.463,2025/03/19 09:18:10,2025/03/19 10:01:41,2025/03/19,2025/03/19,-256.92,0,-7,-263.92,0,0,-38.4,Loss,0.73,202501017,,deusfund-sqx2
Closed position,769998558,XAUUSD,0.4,Buy,3034.4,3026.23,2025/03/18 19:20:50,2025/03/19 11:58:47,2025/03/18,2025/03/19,-326.8,-16.73,-2.8,-346.33,0,0,-81.7,Loss,16.63,6,,deusfund-sqx1
Closed position,771014947,USTEC,5,Buy,19627.1,19630.55,2025/03/19 16:57:01,2025/03/19 20:06:01,2025/03/19,2025/03/19,17.25,0,0,17.25,0,0,3.4,Win,3.15,1,,deusfund-sqx1
Closed position,771151372,USTEC,8,Buy,19710.15,19619.25,2025/03/19 18:53:05,2025/03/19 20:08:12,2025/03/19,2025/03/19,-727.2,0,0,-727.2,0,0,-90.9,Loss,1.25,202501009,,deusfund-sqx2
Closed position,770940689,BTCUSD,0.8,Buy,84280.67,83565.83,2025/03/19 16:17:43,2025/03/19 21:07:00,2025/03/19,2025/03/19,-571.87,0,0,-571.87,0,0,-714.8,Loss,4.82,1001,,deusfund-sqx1
Closed position,768988162,USDJPY,1,Buy,149.217,149.083,2025/03/18 01:01:08,2025/03/19 21:38:03,2025/03/18,2025/03/19,-89.88,6.14,-7,-90.74,0,0,-13.4,Loss,44.62,202501020,,deusfund-sqx2
Closed position,768988163,USDJPY,1,Buy,149.217,148.864,2025/03/18 01:01:08,2025/03/19 21:42:02,2025/03/18,2025/03/19,-237.13,6.14,-7,-237.99,0,0,-35.3,Loss,44.68,202501016,,deusfund-sqx2
Closed position,771275578,USTEC,8,Buy,19652.65,19777.55,2025/03/19 21:00:11,2025/03/19 22:26:13,2025/03/19,2025/03/19,999.2,0,0,999.2,0,0,124.9,Win,1.43,9,,deusfund-sqx1
Closed position,771421594,USTEC,8,Buy,19866.95,19771.75,2025/03/19 22:05:48,2025/03/19 22:27:01,2025/03/19,2025/03/19,-761.6,0,0,-761.6,0,0,-95.2,Loss,0.35,202501011,,deusfund-sqx2
Closed position,771360339,XAUUSD,1,Buy,3045.44,3047.75,2025/03/19 21:37:05,2025/03/19 23:00:00,2025/03/19,2025/03/19,231,0,-7,224,0,0,23.1,Win,1.38,202501023,,deusfund-sqx2
Closed position,771360394,XAUUSD,1,Buy,3045.44,3047.75,2025/03/19 21:37:05,2025/03/19 23:00:01,2025/03/19,2025/03/19,231,0,-7,224,0,0,23.1,Win,1.38,1006,,deusfund-sqx1
Closed position,771360391,XAUUSD,1,Buy,3045.44,3047.26,2025/03/19 21:37:05,2025/03/20 01:02:17,2025/03/19,2025/03/20,182,-133.98,-7,41.02,0,0,18.2,Win,3.42,1007,,deusfund-sqx1
Closed position,771724492,USTEC,8,Buy,19861.85,19823.8,2025/03/20 06:02:49,2025/03/20 11:00:00,2025/03/20,2025/03/20,-304.4,0,0,-304.4,0,0,-38.0,Loss,4.95,202501009,,deusfund-sqx2
Closed position,771358284,XAUUSD,0.4,Buy,3044.69,3036.1,2025/03/19 21:36:33,2025/03/20 13:08:39,2025/03/19,2025/03/20,-343.6,-53.59,-2.8,-399.99,0,0,-85.9,Loss,15.54,6,,deusfund-sqx1
Closed position,771360362,XAUUSD,1,Buy,3045.44,3035.15,2025/03/19 21:37:05,2025/03/20 13:10:38,2025/03/19,2025/03/20,-1029,-133.98,-7,-1169.98,0,0,-102.9,Loss,15.56,202501027,,deusfund-sqx2
Closed position,772292245,USTEC,5,Sell,19568.15,19716.35,2025/03/20 16:29:00,2025/03/20 16:59:45,2025/03/20,2025/03/20,-741,0,0,-741,0,0,-148.2,Loss,0.51,2,,deusfund-sqx1
Closed position,772085948,USTEC,5,Sell,19582.2,19727.65,2025/03/20 13:18:25,2025/03/20 17:00:08,2025/03/20,2025/03/20,-727.25,0,0,-727.25,0,0,-145.4,Loss,3.7,2,,deusfund-sqx1
Closed position,772358275,BTCUSD,0.8,Buy,85990.26,85281.33,2025/03/20 17:06:34,2025/03/20 18:03:06,2025/03/20,2025/03/20,-567.14,0,0,-567.14,0,0,-708.9,Loss,0.94,1001,,deusfund-sqx1
Closed position,773303824,USTEC,5,Sell,19522.4,19505.45,2025/03/21 15:40:11,2025/03/21 19:00:00,2025/03/21,2025/03/21,84.75,0,0,84.75,0,0,17.0,Win,3.33,2,,deusfund-sqx1
Closed position,773331519,GBPJPY,1,Sell,192.231,192.478,2025/03/21 16:01:54,2025/03/21 19:26:13,2025/03/21,2025/03/21,-165.66,0,-7,-172.66,0,0,-24.7,Loss,3.41,202501002,,deusfund-sqx2
Closed position,774028391,BTCUSD,0.8,Buy,84518.16,86529.97,2025/03/23 14:01:06,2025/03/24 07:00:00,2025/03/23,2025/03/24,1609.45,0,0,1609.45,0,0,2011.8,Win,16.98,1001,,deusfund-sqx1
Closed position,774142061,USTEC,8,Buy,19866.7,19899.85,2025/03/24 02:00:02,2025/03/24 07:00:00,2025/03/24,2025/03/24,265.2,0,0,265.2,0,0,33.2,Win,5,202501009,,deusfund-sqx2
Closed position,774667148,USTEC,8,Buy,20028.7,20028.55,2025/03/24 14:11:30,2025/03/24 16:34:49,2025/03/24,2025/03/24,-1.2,0,0,-1.2,0,0,-0.2,Loss,2.39,202501004,,deusfund-sqx2
Closed position,763269598,USDJPY,1,Buy,147.83,150.193,2025/03/12 01:01:37,2025/03/24 16:55:51,2025/03/12,2025/03/24,1573.31,74.01,-7,1640.32,0,0,236.3,Win,303.9,202501015,,deusfund-sqx2
Closed position,774836581,USTEC,8,Buy,20089.55,20113.8,2025/03/24 16:45:04,2025/03/24 20:13:24,2025/03/24,2025/03/24,194,0,0,194,0,0,24.2,Win,3.47,9,,deusfund-sqx1
Closed position,775182470,USTEC,8,Buy,20141.95,20168.35,2025/03/24 20:51:49,2025/03/24 22:45:01,2025/03/24,2025/03/24,211.2,0,0,211.2,0,0,26.4,Win,1.89,9,,deusfund-sqx1
Closed position,774474327,USTEC,8,Buy,19972.3,20160.3,2025/03/24 11:03:07,2025/03/25 04:00:00,2025/03/24,2025/03/25,1504,-26.05,0,1477.95,0,0,188.0,Win,16.95,202501005,,deusfund-sqx2
Closed position,775341471,USDJPY,1,Buy,150.739,150.422,2025/03/25 01:14:47,2025/03/25 09:02:50,2025/03/25,2025/03/25,-210.74,0,-7,-217.74,0,0,-31.7,Loss,7.8,202501017,,deusfund-sqx2
Closed position,774110070,USTEC,8,Buy,19872.85,20099.15,2025/03/24 01:01:09,2025/03/25 11:15:31,2025/03/24,2025/03/25,1810.4,-26.05,0,1784.35,0,0,226.3,Win,34.24,202501007,,deusfund-sqx2
Closed position,774120178,USDJPY,1,Buy,149.578,150.349,2025/03/24 01:12:47,2025/03/25 13:12:12,2025/03/24,2025/03/25,512.81,6.11,-7,511.92,0,0,77.1,Win,35.99,202501019,,deusfund-sqx2
Closed position,775341472,USDJPY,1,Buy,150.739,150.268,2025/03/25 01:14:47,2025/03/25 13:38:32,2025/03/25,2025/03/25,-313.44,0,-7,-320.44,0,0,-47.1,Loss,12.4,202501016,,deusfund-sqx2
Closed position,775341473,USDJPY,1,Buy,150.739,150.247,2025/03/25 01:14:47,2025/03/25 13:39:54,2025/03/25,2025/03/25,-327.46,0,-7,-334.46,0,0,-49.2,Loss,12.42,202501020,,deusfund-sqx2
Closed position,774165916,GBPJPY,1,Buy,193.478,194.262,2025/03/24 02:54:45,2025/03/25 15:42:03,2025/03/24,2025/03/25,522.58,8.18,-7,523.76,0,0,78.4,Win,36.79,202501003,,deusfund-sqx2
Closed position,775325717,USDJPY,1,Buy,150.743,149.982,2025/03/25 00:06:22,2025/03/25 15:42:19,2025/03/25,2025/03/25,-507.39,0,-7,-514.39,0,0,-76.1,Loss,15.6,202501015,,deusfund-sqx2
Closed position,776058073,XAUUSD,1,Buy,3028.51,3021.24,2025/03/25 16:36:45,2025/03/25 18:17:53,2025/03/25,2025/03/25,-727,0,-7,-734,0,0,-72.7,Loss,1.69,202501026,,deusfund-sqx2
Closed position,776192193,USTEC,8,Buy,20287,20237.7,2025/03/25 17:52:16,2025/03/25 18:54:55,2025/03/25,2025/03/25,-394.4,0,0,-394.4,0,0,-49.3,Loss,1.04,202501007,,deusfund-sqx2
Closed position,776178229,USTEC,8,Buy,20271.15,20219.5,2025/03/25 17:41:49,2025/03/25 19:31:43,2025/03/25,2025/03/25,-413.2,0,0,-413.2,0,0,-51.6,Loss,1.83,202501005,,deusfund-sqx2
Closed position,776332599,USTEC,8,Buy,20256.7,20261.1,2025/03/25 19:54:37,2025/03/25 22:45:02,2025/03/25,2025/03/25,35.2,0,0,35.2,0,0,4.4,Win,2.84,9,,deusfund-sqx1
Closed position,776178295,USTEC,8,Buy,20272.05,20321.9,2025/03/25 17:41:50,2025/03/26 04:00:00,2025/03/25,2025/03/26,398.8,-26.05,0,372.75,0,0,49.8,Win,10.3,202501008,,deusfund-sqx2
Closed position,776474664,USTEC,8,Buy,20312.15,20306.2,2025/03/25 23:28:07,2025/03/26 05:00:00,2025/03/25,2025/03/26,-47.6,-26.05,0,-73.65,0,0,-6.0,Loss,5.53,202501009,,deusfund-sqx2
Closed position,774108067,USTEC,8,Buy,19861.55,20200.55,2025/03/24 01:00:04,2025/03/26 16:47:06,2025/03/24,2025/03/26,2712,-52.1,0,2659.9,0,0,339.0,Win,63.78,202501006,,deusfund-sqx2
Closed position,777851453,XAUUSD,1,Buy,3035.92,3034.14,2025/03/27 07:09:44,2025/03/27 08:00:00,2025/03/27,2025/03/27,-178,0,-7,-185,0,0,-17.8,Loss,0.84,1007,,deusfund-sqx1
Closed position,777851455,XAUUSD,1,Buy,3035.92,3034.14,2025/03/27 07:09:44,2025/03/27 08:00:00,2025/03/27,2025/03/27,-178,0,-7,-185,0,0,-17.8,Loss,0.84,1006,,deusfund-sqx1
Closed position,777851410,XAUUSD,1,Buy,3035.92,3034.14,2025/03/27 07:09:44,2025/03/27 08:00:00,2025/03/27,2025/03/27,-178,0,-7,-185,0,0,-17.8,Loss,0.84,202501021,,deusfund-sqx2
Closed position,777851465,XAUUSD,1,Buy,3035.92,3034.14,2025/03/27 07:09:44,2025/03/27 08:00:00,2025/03/27,2025/03/27,-178,0,-7,-185,0,0,-17.8,Loss,0.84,202501023,,deusfund-sqx2
Closed position,777867416,XAUUSD,1,Buy,3038.67,3030.08,2025/03/27 07:36:44,2025/03/27 08:57:49,2025/03/27,2025/03/27,-859,0,-7,-866,0,0,-85.9,Loss,1.35,202501022,,deusfund-sqx2
Closed position,777866967,XAUUSD,1,Buy,3038.23,3028.76,2025/03/27 07:36:39,2025/03/27 09:00:28,2025/03/27,2025/03/27,-947,0,-7,-954,0,0,-94.7,Loss,1.4,202501025,,deusfund-sqx2
Closed position,777804778,XAUUSD,1,Buy,3030.56,3026.74,2025/03/27 05:39:53,2025/03/27 09:46:31,2025/03/27,2025/03/27,-382,0,-7,-389,0,0,-38.2,Loss,4.11,202501026,,deusfund-sqx2
Closed position,777851473,XAUUSD,1,Buy,3035.92,3026.74,2025/03/27 07:09:44,2025/03/27 09:46:31,2025/03/27,2025/03/27,-918,0,-7,-925,0,0,-91.8,Loss,2.61,202501027,,deusfund-sqx2
Closed position,778165586,XAUUSD,0.4,Buy,3053.47,3045.18,2025/03/27 13:26:21,2025/03/27 16:11:38,2025/03/27,2025/03/27,-331.6,0,-2.8,-334.4,0,0,-82.9,Loss,2.75,6,,deusfund-sqx1
Closed position,778508557,USTEC,8,Buy,19928.45,19870.4,2025/03/27 17:30:05,2025/03/27 18:41:08,2025/03/27,2025/03/27,-464.4,0,0,-464.4,0,0,-58.0,Loss,1.18,5,,deusfund-sqx1
Closed position,778841760,USTEC,8,Buy,19894.8,19864.95,2025/03/27 22:14:51,2025/03/27 22:45:00,2025/03/27,2025/03/27,-238.8,0,0,-238.8,0,0,-29.8,Loss,0.5,5,,deusfund-sqx1
Closed position,778851722,XAUUSD,0.4,Buy,3057.81,3081.37,2025/03/27 22:27:25,2025/03/28 08:55:50,2025/03/27,2025/03/28,942.4,-19.41,-2.8,920.19,0,0,235.6,Win,10.47,6,,deusfund-sqx1
Closed position,778085311,GBPJPY,1,Buy,194.724,194.995,2025/03/27 12:03:47,2025/03/28 09:31:07,2025/03/27,2025/03/28,179.83,9.14,-7,181.97,0,0,27.1,Win,21.46,202501003,,deusfund-sqx2
Closed position,777851459,XAUUSD,1,Buy,3035.92,3077.37,2025/03/27 07:09:44,2025/03/28 16:00:00,2025/03/27,2025/03/28,4145,-48.52,-7,4089.48,0,0,414.5,Win,32.84,202501024,,deusfund-sqx2
Closed position,779670777,XAUUSD,0.4,Buy,3084.76,3076.67,2025/03/28 17:00:40,2025/03/28 17:29:19,2025/03/28,2025/03/28,-323.6,0,-2.8,-326.4,0,0,-80.9,Loss,0.48,6,,deusfund-sqx1
Closed position,779702231,USTEC,5,Sell,19513.7,19346.3,2025/03/28 17:12:50,2025/03/28 19:00:00,2025/03/28,2025/03/28,837,0,0,837,0,0,167.4,Win,1.79,2,,deusfund-sqx1
Closed position,778085313,GBPJPY,1,Buy,194.724,194.266,2025/03/27 12:03:47,2025/03/28 20:00:00,2025/03/27,2025/03/28,-305.15,9.14,-7,-303.01,0,0,-45.8,Loss,31.94,202501002,,deusfund-sqx2
Closed position,779885111,XAUUSD,0.4,Buy,3084.81,3079.88,2025/03/28 18:45:55,2025/03/28 20:40:00,2025/03/28,2025/03/28,-197.2,0,-2.8,-200.0,0,0,-49.3,Loss,1.9,6,,deusfund-sqx1
Closed position,780591089,XAUUSD,1,Buy,3097.75,3118.59,2025/03/31 05:02:58,2025/03/31 14:00:00,2025/03/31,2025/03/31,2084,0,-7,2077,0,0,208.4,Win,8.95,202501025,,deusfund-sqx2
Closed position,781221763,XAUUSD,0.4,Buy,3124.48,3116.26,2025/03/31 15:27:53,2025/03/31 16:05:01,2025/03/31,2025/03/31,-328.8,0,-2.8,-331.6,0,0,-82.2,Loss,0.62,6,,deusfund-sqx1
Closed position,781442743,BTCUSD,0.8,Buy,83564.07,82955.68,2025/03/31 17:15:54,2025/03/31 17:22:43,2025/03/31,2025/03/31,-486.71,0,0,-486.71,0,0,-608.4,Loss,0.11,1001,,deusfund-sqx1
Closed position,781543265,XAUUSD,0.4,Buy,3124.65,3116.49,2025/03/31 18:12:36,2025/03/31 18:36:38,2025/03/31,2025/03/31,-326.4,0,-2.8,-329.2,0,0,-81.6,Loss,0.4,6,,deusfund-sqx1
Closed position,781673426,USTEC,8,Buy,19110.55,19242.65,2025/03/31 20:09:39,2025/03/31 22:45:00,2025/03/31,2025/03/31,1056.8,0,0,1056.8,0,0,132.1,Win,2.59,5,,deusfund-sqx1
Closed position,781813569,XAUUSD,0.4,Buy,3124.56,3148.12,2025/03/31 22:59:32,2025/04/01 08:35:11,2025/03/31,2025/04/01,942.4,-17.9,-2.8,921.7,0,0,235.6,Win,9.59,6,,deusfund-sqx1
Closed position,781933127,XAUUSD,1,Buy,3127.85,3133.89,2025/04/01 04:00:09,2025/04/01 10:00:00,2025/04/01,2025/04/01,604,0,-7,597,0,3116.67,60.4,Win,6,202501025,,deusfund-sqx2
Closed position,782217515,USTEC,8,Buy,19276.75,19197.25,2025/04/01 10:04:38,2025/04/01 13:30:47,2025/04/01,2025/04/01,-636,0,0,-636,0,19197.7,-79.5,Loss,3.44,202501009,,deusfund-sqx2
Closed position,781876117,USDJPY,1,Buy,150.122,149.36,2025/04/01 02:18:57,2025/04/01 13:55:31,2025/04/01,2025/04/01,-510.18,0,-7,-517.18,152.524,149.371,-76.2,Loss,11.61,202501015,,deusfund-sqx2
Closed position,782441875,GBPJPY,1,Sell,192.879,192.698,2025/04/01 13:59:08,2025/04/01 16:11:38,2025/04/01,2025/04/01,121.11,0,-7,114.11,183.815,195.58,18.1,Win,2.21,202501002,,deusfund-sqx2
Closed position,782947511,USTEC,8,Buy,19457.55,19342.15,2025/04/01 19:17:26,2025/04/01 19:37:47,2025/04/01,2025/04/01,-923.2,0,0,-923.2,0,19343.37,-115.4,Loss,0.34,202501006,,deusfund-sqx2
Closed position,782918844,USTEC,5,Buy,19429.65,19332.75,2025/04/01 19:01:54,2025/04/01 19:43:10,2025/04/01,2025/04/01,-484.5,0,0,-484.5,19527.04,19332.74,-96.9,Loss,0.69,1,,deusfund-sqx1
Closed position,782778422,USTEC,8,Buy,19273.6,19272.35,2025/04/01 17:43:18,2025/04/01 21:02:13,2025/04/01,2025/04/01,-10,0,0,-10,0,17346.2,-1.2,Loss,3.32,5,,deusfund-sqx1
Closed position,783120868,USTEC,8,Buy,19279.5,19367.7,2025/04/01 22:01:21,2025/04/01 22:45:01,2025/04/01,2025/04/01,705.6,0,0,705.6,0,17350.46,88.2,Win,0.73,9,,deusfund-sqx1
Closed position,783157863,USTEC,5,Buy,19435.95,19454.25,2025/04/01 22:54:22,2025/04/02 03:01:40,2025/04/01,2025/04/02,91.5,-7.81,0,83.69,19531.01,19336.67,18.3,Win,4.12,1,,deusfund-sqx1
Closed position,784446575,USTEC,8,Buy,19615.25,19613.5,2025/04/02 19:49:05,2025/04/02 20:37:21,2025/04/02,2025/04/02,-14,0,0,-14,0,19504.68,-1.8,Loss,0.8,202501004,,deusfund-sqx2
Closed position,784481477,USTEC,8,Buy,19682.7,19579.7,2025/04/02 20:10:20,2025/04/02 20:45:51,2025/04/02,2025/04/02,-824,0,0,-824,19978.14,19579.32,-103.0,Loss,0.59,202501005,,deusfund-sqx2
Closed position,784481604,USTEC,8,Buy,19686.5,19579.7,2025/04/02 20:10:23,2025/04/02 20:45:51,2025/04/02,2025/04/02,-854.4,0,0,-854.4,0,19095.58,-106.8,Loss,0.59,202501011,,deusfund-sqx2
Closed position,784412377,USTEC,8,Buy,19571.7,19572.15,2025/04/02 19:20:56,2025/04/02 20:48:46,2025/04/02,2025/04/02,3.6,0,0,3.6,0,19451.51,0.4,Win,1.46,202501006,,deusfund-sqx2
Closed position,784422416,USTEC,8,Buy,19587.15,19549.9,2025/04/02 19:29:22,2025/04/02 20:52:14,2025/04/02,2025/04/02,-298,0,0,-298,0,19406.11,-37.2,Loss,1.38,202501007,,deusfund-sqx2
Closed position,784445292,USTEC,8,Buy,19613.35,19526.7,2025/04/02 19:48:32,2025/04/02 21:05:25,2025/04/02,2025/04/02,-693.2,0,0,-693.2,0,19527.55,-86.6,Loss,1.28,202501009,,deusfund-sqx2
Closed position,784705348,USTEC,5,Buy,19833.6,19775,2025/04/02 23:16:40,2025/04/02 23:18:43,2025/04/02,2025/04/02,-293,0,0,-293,20132.84,19775.8,-58.6,Loss,0.03,2,,deusfund-sqx1
Closed position,784672675,GBPJPY,1,Buy,195.345,194.138,2025/04/02 23:13:29,2025/04/02 23:27:04,2025/04/02,2025/04/02,-805.75,0,-7,-812.75,199.255,194.155,-120.7,Loss,0.23,202501002,,deusfund-sqx2
Closed position,784777798,USTEC,5,Sell,19352.3,19063.45,2025/04/02 23:28:07,2025/04/02 23:37:21,2025/04/02,2025/04/02,1444.25,0,0,1444.25,19069.58,19534.36,288.8,Win,0.15,2,,deusfund-sqx1
Closed position,784973512,XAUUSD,0.4,Buy,3146.14,3138.06,2025/04/03 01:12:47,2025/04/03 01:19:37,2025/04/03,2025/04/03,-323.2,0,-2.8,-326.0,3169.56,3138.01,-80.8,Loss,0.11,6,,deusfund-sqx1
Closed position,784973504,XAUUSD,1,Buy,3146.14,3134.39,2025/04/03 01:12:47,2025/04/03 01:27:24,2025/04/03,2025/04/03,-1175,0,-7,-1182,0,3134.61,-117.5,Loss,0.24,202501026,,deusfund-sqx2
Closed position,785062455,XAUUSD,1,Buy,3148.85,3162.14,2025/04/03 02:01:31,2025/04/03 03:00:10,2025/04/03,2025/04/03,1329,0,-7,1322,0,3131.24,132.9,Win,0.98,202501021,,deusfund-sqx2
Closed position,785064629,XAUUSD,1,Buy,3150.25,3138.72,2025/04/03 02:02:55,2025/04/03 08:01:17,2025/04/03,2025/04/03,-1153,0,-7,-1160,0,3138.75,-115.3,Loss,5.97,202501022,,deusfund-sqx2
Closed position,785062429,XAUUSD,1,Buy,3148.85,3137.12,2025/04/03 02:01:31,2025/04/03 08:01:22,2025/04/03,2025/04/03,-1173,0,-7,-1180,3262.34,3137.05,-117.3,Loss,6,1006,,deusfund-sqx1
Closed position,785062442,XAUUSD,1,Buy,3148.85,3137.12,2025/04/03 02:01:31,2025/04/03 08:01:22,2025/04/03,2025/04/03,-1173,0,-7,-1180,3262.34,3137.05,-117.3,Loss,6,202501023,,deusfund-sqx2
Closed position,785062430,XAUUSD,1,Buy,3148.85,3137.05,2025/04/03 02:01:31,2025/04/03 08:01:22,2025/04/03,2025/04/03,-1180,0,-7,-1187,3262.34,3137.16,-118.0,Loss,6,202501024,,deusfund-sqx2
Closed position,785062453,XAUUSD,1,Buy,3148.85,3132.32,2025/04/03 02:01:31,2025/04/03 08:16:03,2025/04/03,2025/04/03,-1653,0,-7,-1660,3432.39,3132.35,-165.3,Loss,6.24,202501027,,deusfund-sqx2
Closed position,784999438,GBPJPY,1,Sell,192.336,191.926,2025/04/03 01:21:50,2025/04/03 19:23:38,2025/04/03,2025/04/03,280.1,0,-7,273.1,183.292,195.025,41.0,Win,18.03,202501002,,deusfund-sqx2
Closed position,787537407,GBPJPY,1,Sell,190.853,190.931,2025/04/04 06:44:29,2025/04/04 08:45:09,2025/04/04,2025/04/04,-53.48,0,-7,-60.48,181.884,193.526,-7.8,Loss,2.01,202501002,,deusfund-sqx2
Closed position,788140421,GBPJPY,1,Sell,189.093,189.202,2025/04/04 13:43:55,2025/04/04 20:00:00,2025/04/04,2025/04/04,-74.29,0,-7,-81.29,182.856,190.496,-10.9,Loss,6.27,202501003,,deusfund-sqx2
Closed position,791769714,USTEC,8,Buy,18184.45,18025.15,2025/04/07 17:17:07,2025/04/07 17:18:20,2025/04/07,2025/04/07,-1274.4,0,0,-1274.4,0,18027.95,-159.3,Loss,0.02,202501009,,deusfund-sqx2
Closed position,791687245,USTEC,8,Buy,17153.5,17321.85,2025/04/07 17:00:10,2025/04/07 22:45:00,2025/04/07,2025/04/07,1346.8,0,0,1346.8,0,15437.03,168.4,Win,5.75,5,,deusfund-sqx1
Closed position,791946971,USTEC,8,Buy,17641.45,17321.85,2025/04/07 18:02:52,2025/04/07 22:45:00,2025/04/07,2025/04/07,-2556.8,0,0,-2556.8,0,15878.03,-319.6,Loss,4.7,9,,deusfund-sqx1
Closed position,792663819,USDJPY,1,Buy,147.976,147.219,2025/04/08 01:04:01,2025/04/08 10:00:00,2025/04/08,2025/04/08,-514.2,0,-7,-521.2,150.333,147.226,-75.7,Loss,8.93,202501015,,deusfund-sqx2
Closed position,792663823,USDJPY,1,Buy,147.976,146.782,2025/04/08 01:04:01,2025/04/08 14:05:39,2025/04/08,2025/04/08,-813.45,0,-7,-820.45,149.742,146.782,-119.4,Loss,13.03,202501019,,deusfund-sqx2
Closed position,793884777,USTEC,5,Buy,18200.1,18110.55,2025/04/08 17:18:00,2025/04/08 17:31:06,2025/04/08,2025/04/08,-447.75,0,0,-447.75,18292.32,18110.3,-89.6,Loss,0.22,1,,deusfund-sqx1
Closed position,793838162,USTEC,8,Buy,18101.9,17867.6,2025/04/08 16:58:07,2025/04/08 18:17:23,2025/04/08,2025/04/08,-1874.4,0,0,-1874.4,0,17868.66,-234.3,Loss,1.32,202501009,,deusfund-sqx2
Closed position,792663821,USDJPY,1,Buy,147.976,146.64,2025/04/08 01:04:01,2025/04/08 19:40:56,2025/04/08,2025/04/08,-911.07,0,-7,-918.07,150.925,146.641,-133.6,Loss,18.62,202501020,,deusfund-sqx2
Closed position,795304652,XAUUSD,1,Buy,3038.01,3038.54,2025/04/09 09:56:05,2025/04/09 10:00:00,2025/04/09,2025/04/09,53,0,-7,46,3147.37,3016.02,5.3,Win,0.07,202501023,,deusfund-sqx2
Closed position,795347195,XAUUSD,1,Buy,3047.63,3041,2025/04/09 10:11:03,2025/04/09 11:00:00,2025/04/09,2025/04/09,-663,0,-7,-670,0,3021.66,-66.3,Loss,0.82,1007,,deusfund-sqx1
Closed position,795769284,XAUUSD,1,Buy,3055.82,3066.4,2025/04/09 14:19:12,2025/04/09 15:00:01,2025/04/09,2025/04/09,1058,0,-7,1051,0,3030.36,105.8,Win,0.68,202501021,,deusfund-sqx2
Closed position,795275261,XAUUSD,1,Buy,3035.79,3049.54,2025/04/09 09:34:43,2025/04/09 15:25:58,2025/04/09,2025/04/09,1375,0,-7,1368,0,3013.41,137.5,Win,5.85,202501026,,deusfund-sqx2
Closed position,794291426,GBPJPY,1,Sell,186.92,186.24,2025/04/08 20:34:58,2025/04/09 20:20:59,2025/04/08,2025/04/09,466.86,-16.96,-7,442.90,180.751,188.319,68,Win,23.77,202501003,,deusfund-sqx2
Closed position,796637498,USTEC,8,Buy,18600.2,18347.2,2025/04/09 20:27:14,2025/04/09 20:28:30,2025/04/09,2025/04/09,-2024,0,0,-2024,18872.96,18343.89,-253.0,Loss,0.02,202501005,,deusfund-sqx2
Closed position,796637825,USTEC,8,Buy,18615.8,18328.9,2025/04/09 20:27:17,2025/04/09 20:28:52,2025/04/09,2025/04/09,-2295.2,0,0,-2295.2,0,18328.16,-286.9,Loss,0.03,202501004,,deusfund-sqx2
Closed position,796679052,USTEC,8,Buy,18675.4,18671.7,2025/04/09 20:35:28,2025/04/09 21:07:59,2025/04/09,2025/04/09,-29.6,0,0,-29.6,0,18158.65,-3.7,Loss,0.54,202501008,,deusfund-sqx2
Closed position,796845341,USTEC,8,Buy,18888.45,18586.8,2025/04/09 21:24:24,2025/04/09 22:00:35,2025/04/09,2025/04/09,-2413.2,0,0,-2413.2,0,18588.38,-301.6,Loss,0.6,202501006,,deusfund-sqx2
Closed position,796982046,USTEC,5,Buy,19078.95,19018.05,2025/04/09 22:31:08,2025/04/09 22:37:42,2025/04/09,2025/04/09,-304.5,0,0,-304.5,19363.65,19020.26,-60.9,Loss,0.11,2,,deusfund-sqx1
Closed position,796529866,USTEC,8,Buy,17443.6,19058.1,2025/04/09 20:02:02,2025/04/09 22:45:00,2025/04/09,2025/04/09,12916,0,0,12916,0,15699.72,1614.5,Win,2.72,5,,deusfund-sqx1
Closed position,796530407,USTEC,8,Buy,17512.45,19056.75,2025/04/09 20:02:03,2025/04/09 22:45:00,2025/04/09,2025/04/09,12354.4,0,0,12354.4,0,15739.68,1544.3,Win,2.72,9,,deusfund-sqx1
Closed position,796614692,USTEC,8,Buy,18282.95,19056.75,2025/04/09 20:23:53,2025/04/09 22:45:00,2025/04/09,2025/04/09,6190.4,0,0,6190.4,0,17732.41,773.8,Win,2.35,202501011,,deusfund-sqx2
Closed position,796611090,USTEC,8,Buy,18205.95,19199.5,2025/04/09 20:23:11,2025/04/10 02:00:00,2025/04/09,2025/04/10,7948.4,-21.97,0,7926.43,0,17987.72,993.6,Win,5.61,202501009,,deusfund-sqx2
Closed position,796616826,BTCUSD,0.8,Buy,80826.4,82116.7,2025/04/09 20:24:12,2025/04/10 09:00:00,2025/04/09,2025/04/10,1032.24,-36.93,0,995.31,0,79729.86,1290.3,Win,12.6,1001,,deusfund-sqx1
Closed position,797649970,GBPJPY,1,Buy,189.415,188.26,2025/04/10 09:55:53,2025/04/10 11:01:30,2025/04/10,2025/04/10,-789.65,0,-7,-796.65,193.361,188.261,-115.5,Loss,1.09,202501002,,deusfund-sqx2
Closed position,798318599,XAUUSD,1,Buy,3136.53,3117.22,2025/04/10 16:24:22,2025/04/10 17:00:00,2025/04/10,2025/04/10,-1931,0,-7,-1938,0,3114.5,-193.1,Loss,0.59,202501025,,deusfund-sqx2
Closed position,798318581,XAUUSD,1,Buy,3136.53,3117.22,2025/04/10 16:24:22,2025/04/10 17:00:00,2025/04/10,2025/04/10,-1931,0,-7,-1938,3249.36,3113.4,-193.1,Loss,0.59,202501024,,deusfund-sqx2
Closed position,798318582,XAUUSD,1,Buy,3136.53,3117.22,2025/04/10 16:24:22,2025/04/10 17:00:00,2025/04/10,2025/04/10,-1931,0,-7,-1938,3418.73,3112.9,-193.1,Loss,0.59,202501027,,deusfund-sqx2
Closed position,798318591,XAUUSD,1,Buy,3136.53,3116.86,2025/04/10 16:24:22,2025/04/10 17:00:01,2025/04/10,2025/04/10,-1967,0,-7,-1974,3249.36,3114.47,-196.7,Loss,0.59,1006,,deusfund-sqx1
Closed position,798587761,XAUUSD,0.4,Buy,3162.79,3154.41,2025/04/10 18:15:07,2025/04/10 19:10:23,2025/04/10,2025/04/10,-335.2,0,-2.8,-338.0,3186.1,3154.55,-83.8,Loss,0.92,6,,deusfund-sqx1
Closed position,798668408,USTEC,5,Sell,18241.55,17964.3,2025/04/10 18:45:07,2025/04/10 19:18:06,2025/04/10,2025/04/10,1386.25,0,0,1386.25,17968.33,18742.73,277.2,Win,0.55,2,,deusfund-sqx1
Closed position,798860987,XAUUSD,0.4,Buy,3162.67,3188.28,2025/04/10 20:23:53,2025/04/11 01:33:11,2025/04/10,2025/04/11,1024.4,-19.26,-2.8,1002.34,3186.1,3154.55,256.1,Win,5.16,6,,deusfund-sqx1
Closed position,799325926,XAUUSD,0.4,Buy,3189.31,3212.94,2025/04/11 03:02:09,2025/04/11 03:43:08,2025/04/11,2025/04/11,945.2,0,-2.8,942.4,3212.8,3181.25,236.3,Win,0.68,6,,deusfund-sqx1
Closed position,799307874,USTEC,5,Sell,18217.9,17936.05,2025/04/11 02:51:03,2025/04/11 03:45:14,2025/04/11,2025/04/11,1409.25,0,0,1409.25,17941.72,18732.3,281.8,Win,0.9,2,,deusfund-sqx1
Closed position,799761436,XAUUSD,0.4,Buy,3218.04,3209.53,2025/04/11 08:27:06,2025/04/11 08:36:55,2025/04/11,2025/04/11,-340.4,0,-2.8,-343.2,3241.3,3209.75,-85.1,Loss,0.16,6,,deusfund-sqx1
Closed position,798432117,XAUUSD,1,Buy,3138.15,3193.43,2025/04/10 17:07:21,2025/04/11 08:44:17,2025/04/10,2025/04/11,5528,-48.14,-7,5472.86,0,3116.44,552.8,Win,15.62,202501022,,deusfund-sqx2
Closed position,800058437,XAUUSD,0.4,Buy,3218.02,3241.44,2025/04/11 11:13:34,2025/04/11 16:33:12,2025/04/11,2025/04/11,936.8,0,-2.8,934.0,3241.3,3209.75,234.2,Win,5.33,6,,deusfund-sqx1
Closed position,800725708,XAUUSD,0.4,Buy,3233.48,3225.36,2025/04/11 17:08:51,2025/04/11 17:25:21,2025/04/11,2025/04/11,-324.8,0,-2.8,-327.6,3257.12,3225.57,-81.2,Loss,0.28,6,,deusfund-sqx1
Closed position,800753267,USTEC,5,Sell,18173.7,18426.65,2025/04/11 17:23:03,2025/04/11 19:00:00,2025/04/11,2025/04/11,-1264.75,0,0,-1264.75,17903.03,18669.64,-253.0,Loss,1.62,2,,deusfund-sqx1
Closed position,800117683,USTEC,5,Sell,18185.75,18428.3,2025/04/11 11:41:16,2025/04/11 19:00:02,2025/04/11,2025/04/11,-1212.75,0,0,-1212.75,17914.32,18687.01,-242.6,Loss,7.31,2,,deusfund-sqx1
Closed position,800826866,XAUUSD,0.4,Buy,3233.54,3225.3,2025/04/11 18:02:55,2025/04/11 19:50:26,2025/04/11,2025/04/11,-329.6,0,-2.8,-332.4,3257.12,3225.57,-82.4,Loss,1.79,6,,deusfund-sqx1
Closed position,801045743,BTCUSD,0.8,Buy,83586.01,83708.36,2025/04/11 20:39:24,2025/04/12 11:00:00,2025/04/11,2025/04/12,97.88,-111.77,0,-13.89,0,82580.36,122.4,Loss,14.34,1001,,deusfund-sqx1
Closed position,802096357,XAUUSD,0.4,Buy,3240.49,3232.44,2025/04/14 04:43:36,2025/04/14 05:33:40,2025/04/14,2025/04/14,-322,0,-2.8,-324.8,3263.97,3232.42,-80.5,Loss,0.83,6,,deusfund-sqx1
Closed position,801871783,USTEC,8,Buy,19005.2,18874.55,2025/04/14 01:00:13,2025/04/14 06:09:46,2025/04/14,2025/04/14,-1045.2,0,0,-1045.2,0,18762.77,-130.6,Loss,5.16,202501009,,deusfund-sqx2
Closed position,802503379,USTEC,8,Buy,19021.95,18805.35,2025/04/14 10:52:40,2025/04/14 18:29:42,2025/04/14,2025/04/14,-1732.8,0,0,-1732.8,19305.76,18805.47,-216.6,Loss,7.62,202501005,,deusfund-sqx2
Closed position,802258561,USTEC,8,Buy,18990.45,18722.5,2025/04/14 07:49:09,2025/04/14 18:46:36,2025/04/14,2025/04/14,-2143.6,0,0,-2143.6,0,18722.43,-268.0,Loss,10.96,202501006,,deusfund-sqx2
Closed position,802256096,USTEC,8,Buy,18953.95,18630.2,2025/04/14 07:47:01,2025/04/14 19:11:29,2025/04/14,2025/04/14,-2590,0,0,-2590,0,18629.17,-323.8,Loss,11.41,202501007,,deusfund-sqx2
Closed position,804443227,BTCUSD,0.8,Buy,85946.71,85257.56,2025/04/15 11:16:24,2025/04/15 17:18:30,2025/04/15,2025/04/15,-551.32,0,0,-551.32,0,85269.22,-689.2,Loss,6.04,1001,,deusfund-sqx1
Closed position,805505629,XAUUSD,0.4,Buy,3240.52,3264.01,2025/04/16 01:50:40,2025/04/16 03:30:58,2025/04/16,2025/04/16,939.6,0,-2.8,936.8,3263.97,3232.42,234.9,Win,1.67,6,,deusfund-sqx1
Closed position,805554822,XAUUSD,1,Buy,3247.69,3291.59,2025/04/16 02:37:05,2025/04/16 11:40:52,2025/04/16,2025/04/16,4390,0,-7,4383,0,3222.99,439.0,Win,9.06,1007,,deusfund-sqx1
Closed position,805433402,GBPJPY,1,Buy,189.502,188.351,2025/04/15 23:39:54,2025/04/16 20:34:57,2025/04/15,2025/04/16,-808.31,9.47,-7,-805.84,193.451,188.351,-115.1,Loss,20.92,202501002,,deusfund-sqx2
Closed position,804228816,GBPJPY,1,Buy,189.044,188.255,2025/04/15 08:45:17,2025/04/16 20:41:01,2025/04/15,2025/04/16,-554.23,9.47,-7,-551.76,194.15,188.246,-78.9,Loss,35.93,202501003,,deusfund-sqx2
Closed position,805554787,XAUUSD,1,Buy,3247.69,3342.3,2025/04/16 02:37:05,2025/04/21 01:35:36,2025/04/16,2025/04/21,9461,-265.98,-7,9188.02,0,3225.11,946.1,Win,118.98,202501025,,deusfund-sqx2
Closed position,805554767,XAUUSD,1,Buy,3247.69,3342.82,2025/04/16 02:37:05,2025/04/21 01:38:45,2025/04/16,2025/04/21,9513,-265.98,-7,9240.02,0,3224.7,951.3,Win,119.03,202501021,,deusfund-sqx2
Closed position,805554804,XAUUSD,1,Buy,3247.69,3362.52,2025/04/16 02:37:05,2025/04/21 03:37:53,2025/04/16,2025/04/21,11483,-265.98,-7,11210.02,3362.63,3223.09,1148.3,Win,121.01,202501023,,deusfund-sqx2
Closed position,812000699,XAUUSD,1,Buy,3357.85,3369.66,2025/04/21 03:33:17,2025/04/21 04:04:09,2025/04/21,2025/04/21,1181,0,-7,1174,0,3336.23,118.1,Win,0.51,1007,,deusfund-sqx1
Closed position,812060665,XAUUSD,1,Buy,3371.01,3382.85,2025/04/21 04:04:55,2025/04/21 06:05:42,2025/04/21,2025/04/21,1184,0,-7,1177,3492.13,3351.28,118.4,Win,2.01,1006,,deusfund-sqx1
Closed position,813165176,USTEC,5,Sell,17969.05,17706.95,2025/04/21 14:24:26,2025/04/21 18:44:00,2025/04/21,2025/04/21,1310.5,0,0,1310.5,17707.54,18191.74,262.1,Win,4.33,2,,deusfund-sqx1
Closed position,813509156,USTEC,5,Sell,17951.15,17682.2,2025/04/21 16:37:03,2025/04/21 18:48:14,2025/04/21,2025/04/21,1344.75,0,0,1344.75,17684.24,18150.69,269.0,Win,2.19,2,,deusfund-sqx1
Closed position,814230208,XAUUSD,0.4,Buy,3426.51,3417.74,2025/04/21 23:51:54,2025/04/22 03:03:34,2025/04/21,2025/04/22,-350.8,-20.99,-2.8,-374.59,3449.89,3418.34,-87.7,Loss,3.19,6,,deusfund-sqx1
Closed position,805554742,XAUUSD,1,Buy,3247.69,3481.13,2025/04/16 02:37:05,2025/04/22 07:49:11,2025/04/16,2025/04/22,23344,-318.47,-7,23018.53,3537.9,3225.92,2334.4,Win,149.2,202501027,,deusfund-sqx2
Closed position,814082310,XAUUSD,1,Buy,3430.34,3481.13,2025/04/21 22:09:41,2025/04/22 07:49:11,2025/04/21,2025/04/22,5079,-52.49,-7,5019.51,0,3411,507.9,Win,9.66,202501025,,deusfund-sqx2
Closed position,805482179,XAUUSD,1,Buy,3234.79,3479.25,2025/04/16 01:29:16,2025/04/22 09:37:25,2025/04/16,2025/04/22,24446,-318.47,-7,24120.53,0,3217.11,2444.6,Win,152.14,202501026,,deusfund-sqx2
Closed position,805555090,XAUUSD,1,Buy,3247.99,3448.83,2025/04/16 02:37:05,2025/04/22 11:49:31,2025/04/16,2025/04/22,20084,-318.47,-7,19758.53,0,3229.13,2008.4,Win,153.21,202501022,,deusfund-sqx2
Closed position,816353392,USTEC,8,Buy,18165.25,18564.9,2025/04/22 17:06:59,2025/04/23 01:00:10,2025/04/22,2025/04/23,3197.2,-23.38,0,3173.82,18436.46,18081.96,399.6,Win,7.89,202501005,,deusfund-sqx2
Closed position,817418064,USDJPY,1,Buy,142.569,141.93,2025/04/23 00:59:35,2025/04/23 04:39:21,2025/04/23,2025/04/23,-450.22,0,-7,-457.22,145.409,141.93,-63.9,Loss,3.66,202501020,,deusfund-sqx2
Closed position,817384907,GBPJPY,1,Buy,189.091,188.221,2025/04/23 00:25:13,2025/04/23 11:30:00,2025/04/23,2025/04/23,-613.79,0,-7,-620.79,194.192,188.287,-87.0,Loss,11.08,202501003,,deusfund-sqx2
Closed position,819543900,USTEC,8,Buy,18928.45,18800.05,2025/04/23 16:37:47,2025/04/23 18:23:06,2025/04/23,2025/04/23,-1027.2,0,0,-1027.2,19212.07,18805.78,-128.4,Loss,1.76,202501005,,deusfund-sqx2
Closed position,816704166,USDJPY,1,Buy,140.987,143.246,2025/04/22 19:00:50,2025/04/23 20:26:31,2025/04/22,2025/04/23,1577.01,6.69,-7,1576.70,143.243,140.282,225.9,Win,25.43,202501015,,deusfund-sqx2
Closed position,819558505,GBPJPY,1,Buy,189.561,189.519,2025/04/23 16:39:00,2025/04/24 00:47:37,2025/04/23,2025/04/24,-29.35,26.57,-7,-9.78,194.687,188.769,-4.2,Loss,8.14,202501003,,deusfund-sqx2
Closed position,820761138,USDJPY,1,Buy,143.442,142.723,2025/04/23 23:17:30,2025/04/24 04:48:00,2025/04/23,2025/04/24,-503.77,19.5,-7,-491.27,145.735,142.723,-71.9,Loss,5.51,202501015,,deusfund-sqx2
Closed position,823819831,USTEC,8,Buy,19262.9,19116.1,2025/04/24 23:01:47,2025/04/25 13:49:12,2025/04/24,2025/04/25,-1174.4,-246.72,0,-1421.12,19532.25,19114.9,-146.8,Loss,14.79,202501005,,deusfund-sqx2
Closed position,817394384,USDJPY,1,Buy,142.152,143.87,2025/04/23 00:34:24,2025/04/25 16:35:32,2025/04/23,2025/04/25,1194.13,26.19,-7,1213.32,143.869,141.026,171.8,Win,64.02,202501019,,deusfund-sqx2
Closed position,824573928,USDJPY,1,Buy,143.445,142.723,2025/04/25 06:40:07,2025/04/28 17:39:51,2025/04/25,2025/04/28,-505.88,6.97,-7,-505.91,145.739,142.727,-72.2,Loss,83,202501015,,deusfund-sqx2
Closed position,820215078,USDJPY,1,Buy,143.019,142.172,2025/04/23 19:36:40,2025/04/28 20:28:49,2025/04/23,2025/04/28,-595.76,33.16,-7,-569.60,145.445,142.184,-84.7,Loss,120.87,202501016,,deusfund-sqx2
Closed position,820215077,USDJPY,1,Buy,143.019,142.142,2025/04/23 19:36:40,2025/04/28 20:31:05,2025/04/23,2025/04/28,-616.99,33.16,-7,-590.83,145.874,142.147,-87.7,Loss,120.91,202501020,,deusfund-sqx2
Closed position,834930448,USTEC,8,Buy,19602.7,19907.25,2025/04/30 23:01:16,2025/05/01 12:31:12,2025/04/30,2025/05/01,2436.4,-25.15,0,2411.25,19905.72,19527.51,304.6,Win,13.5,202501005,,deusfund-sqx2
Closed position,817386579,GBPJPY,1,Buy,189.192,193.135,2025/04/23 00:27:11,2025/05/01 17:29:36,2025/04/23,2025/05/01,2716.8,93.32,-7,2803.12,193.134,188.034,394.3,Win,209.04,202501002,,deusfund-sqx2
Closed position,835510371,USDJPY,1,Buy,143.986,145.714,2025/05/01 08:10:11,2025/05/01 21:03:12,2025/05/01,2025/05/01,1185.88,0,-7,1178.88,0,0,172.8,Win,12.88,202501019,,deusfund-sqx2
Closed position,837336623,USTEC,8,Buy,19908.2,19875.45,2025/05/01 20:07:42,2025/05/01 22:45:00,2025/05/01,2025/05/01,-262,0,0,-262,0,0,-32.8,Loss,2.62,9,,deusfund-sqx1
Closed position,835927503,BTCUSD,0.8,Buy,95266.48,97016.77,2025/05/01 12:20:26,2025/05/02 05:00:01,2025/05/01,2025/05/02,1400.23,-42.88,0,1357.35,0,0,1750.3,Win,16.66,1001,,deusfund-sqx1
Closed position,839029782,USTEC,5,Buy,20041.5,19940.35,2025/05/02 16:11:24,2025/05/02 16:36:58,2025/05/02,2025/05/02,-505.75,0,0,-505.75,0,0,-101.2,Loss,0.43,1,,deusfund-sqx1
Closed position,839270048,BTCUSD,0.8,Buy,97554.94,97361.83,2025/05/02 17:36:14,2025/05/02 19:00:00,2025/05/02,2025/05/02,-154.49,0,0,-154.49,0,0,-193.1,Loss,1.4,1001,,deusfund-sqx1
Closed position,839481727,USTEC,8,Buy,20119.45,20086.65,2025/05/02 19:01:04,2025/05/02 22:05:09,2025/05/02,2025/05/02,-262.4,0,0,-262.4,0,0,-32.8,Loss,3.07,9,,deusfund-sqx1
Closed position,841533177,XAUUSD,1,Buy,3319.93,3319.57,2025/05/05 15:19:29,2025/05/05 16:00:00,2025/05/05,2025/05/05,-36,0,-7,-43,0,0,-3.6,Loss,0.68,1007,,deusfund-sqx1
Closed position,842908670,XAUUSD,1,Buy,3353.28,3380.39,2025/05/06 04:08:08,2025/05/06 05:00:00,2025/05/06,2025/05/06,2711,0,-7,2704,0,0,271.1,Win,0.86,1006,,deusfund-sqx1
Closed position,835510370,USDJPY,1,Buy,143.986,143.403,2025/05/01 08:10:11,2025/05/06 10:30:04,2025/05/01,2025/05/06,-406.55,21.51,-7,-392.04,0,0,-58.3,Loss,122.33,202501016,,deusfund-sqx2
Closed position,835510369,USDJPY,1,Buy,143.986,143.383,2025/05/01 08:10:11,2025/05/06 10:30:22,2025/05/01,2025/05/06,-420.55,21.51,-7,-406.04,0,0,-60.3,Loss,122.34,202501020,,deusfund-sqx2
Closed position,835473108,USDJPY,1,Buy,143.853,143.135,2025/05/01 07:20:47,2025/05/06 11:14:33,2025/05/01,2025/05/06,-501.62,21.51,-7,-487.11,0,0,-71.8,Loss,123.9,202501015,,deusfund-sqx2
Closed position,845690806,BTCUSD,0.8,Buy,95756.88,97283.92,2025/05/07 01:30:26,2025/05/08 02:00:00,2025/05/07,2025/05/08,1221.63,-43.01,0,1178.62,0,0,1527.0,Win,24.49,1001,,deusfund-sqx1
Closed position,842959638,XAUUSD,1,Buy,3370.79,3347.71,2025/05/06 04:40:51,2025/05/08 09:14:15,2025/05/06,2025/05/08,-2308,-211.23,-7,-2526.23,0,0,-230.8,Loss,52.56,202501025,,deusfund-sqx2
Closed position,849688722,USTEC,5,Buy,20144.4,20061.95,2025/05/08 11:51:47,2025/05/08 15:37:27,2025/05/08,2025/05/08,-412.25,0,0,-412.25,0,0,-82.4,Loss,3.76,2,,deusfund-sqx1
Closed position,850279183,USTEC,8,Buy,20047.6,20171.1,2025/05/08 18:20:54,2025/05/08 22:45:00,2025/05/08,2025/05/08,988,0,0,988,0,0,123.5,Win,4.4,9,,deusfund-sqx1
Closed position,850328345,USTEC,16,Buy,20155.7,20171.1,2025/05/08 18:40:15,2025/05/08 22:45:00,2025/05/08,2025/05/08,246.4,0,0,246.4,0,0,15.4,Win,4.08,202501010,,deusfund-sqx2
Closed position,850330971,USTEC,8,Buy,20174,20171.1,2025/05/08 18:41:27,2025/05/08 22:45:00,2025/05/08,2025/05/08,-23.2,0,0,-23.2,0,0,-2.9,Loss,4.06,202501011,,deusfund-sqx2
Closed position,850507597,USDJPY,1,Buy,145.879,145.187,2025/05/08 20:25:39,2025/05/09 10:12:08,2025/05/08,2025/05/09,-476.63,7.4,-7,-476.23,0,0,-69.2,Loss,13.77,202501016,,deusfund-sqx2
Closed position,823785195,GBPJPY,1,Buy,190.286,193.324,2025/04/24 22:48:24,2025/05/09 20:00:00,2025/04/24,2025/05/09,2091.12,145.97,-7,2230.09,195.419,189.481,303.8,Win,357.19,202501003,,deusfund-sqx2
Closed position,850131383,GBPJPY,1,Buy,192.785,193.324,2025/05/08 17:00:33,2025/05/09 20:00:00,2025/05/08,2025/05/09,371.01,9.93,-7,373.94,0,0,53.9,Win,26.99,202501002,,deusfund-sqx2
Closed position,852812581,USTEC,8,Buy,20090.15,20075.2,2025/05/09 19:00:01,2025/05/09 22:45:00,2025/05/09,2025/05/09,-119.6,0,0,-119.6,0,0,-15.0,Loss,3.75,9,,deusfund-sqx1
Closed position,853547722,BTCUSD,0.8,Buy,104454.02,103772.13,2025/05/11 02:15:43,2025/05/11 05:52:22,2025/05/11,2025/05/11,-545.51,0,0,-545.51,0,0,-681.9,Loss,3.61,1001,,deusfund-sqx1
Closed position,853928903,USTEC,8,Buy,20385.85,20311.45,2025/05/12 01:00:08,2025/05/12 01:35:48,2025/05/12,2025/05/12,-595.2,0,0,-595.2,0,0,-74.4,Loss,0.59,202501005,,deusfund-sqx2
Closed position,849792684,USDJPY,1,Buy,144.813,146.568,2025/05/08 13:00:01,2025/05/12 10:01:01,2025/05/08,2025/05/12,1197.4,14.83,-7,1205.23,0,0,175.5,Win,93.02,2025010019,,deusfund-sqx2
Closed position,849741644,USDJPY,1,Buy,144.813,147.145,2025/05/08 12:27:31,2025/05/12 10:22:27,2025/05/08,2025/05/12,1584.83,14.83,-7,1592.66,0,0,233.2,Win,93.92,202501015,,deusfund-sqx2
Closed position,849792683,USDJPY,1,Buy,144.813,147.713,2025/05/08 13:00:01,2025/05/12 10:43:35,2025/05/08,2025/05/12,1963.27,14.83,-7,1971.10,0,0,290.0,Win,93.73,202501020,,deusfund-sqx2
Closed position,854172873,USDJPY,1,Buy,146.142,148.636,2025/05/12 04:13:38,2025/05/12 20:32:15,2025/05/12,2025/05/12,1677.92,0,-7,1670.92,0,0,249.4,Win,16.31,202501016,,deusfund-sqx2
Closed position,856333059,USTEC,8,Buy,20728.8,20791.25,2025/05/12 19:15:05,2025/05/12 22:45:00,2025/05/12,2025/05/12,499.6,0,0,499.6,0,0,62.4,Win,3.5,9,,deusfund-sqx1
Closed position,854127117,GBPJPY,1,Buy,193.912,195.002,2025/05/12 03:47:31,2025/05/13 03:39:53,2025/05/12,2025/05/13,736.68,9.76,-7,739.44,0,0,109.0,Win,23.87,202501003,,deusfund-sqx2
Closed position,858745443,USTEC,16,Buy,21123.45,21236.1,2025/05/13 17:14:40,2025/05/13 22:45:00,2025/05/13,2025/05/13,1802.4,0,0,1802.4,0,0,112.6,Win,5.51,202501010,,deusfund-sqx2
Closed position,858889802,USTEC,8,Buy,21172.9,21236.1,2025/05/13 18:12:01,2025/05/13 22:45:00,2025/05/13,2025/05/13,505.6,0,0,505.6,0,0,63.2,Win,4.55,202501011,,deusfund-sqx2
Closed position,858931215,USTEC,8,Buy,21198.65,21235.55,2025/05/13 18:34:05,2025/05/13 22:45:00,2025/05/13,2025/05/13,295.2,0,0,295.2,0,0,36.9,Win,4.18,9,,deusfund-sqx1
Closed position,859148909,USTEC,8,Buy,21253.95,21162.5,2025/05/13 20:32:15,2025/05/13 23:09:41,2025/05/13,2025/05/13,-731.6,0,0,-731.6,0,0,-91.4,Loss,2.62,202501005,,deusfund-sqx2
Closed position,859568868,GBPJPY,1,Buy,196.317,195.517,2025/05/14 03:03:29,2025/05/14 07:42:29,2025/05/14,2025/05/14,-544.4,0,-7,-551.4,0,0,-80.0,Loss,4.65,202501003,,deusfund-sqx2
Closed position,854505774,GBPJPY,1,Buy,193.994,194.888,2025/05/12 08:30:29,2025/05/14 12:14:08,2025/05/12,2025/05/14,612.11,19.58,-7,624.69,0,0,89.4,Win,51.73,202501002,,deusfund-sqx2
Closed position,861205261,USTEC,5,Buy,21299.4,21273.7,2025/05/14 18:28:36,2025/05/14 19:41:23,2025/05/14,2025/05/14,-128.5,0,0,-128.5,0,0,-25.7,Loss,1.21,1,,deusfund-sqx1
Closed position,860903684,USTEC,8,Buy,21279.5,21239.9,2025/05/14 16:32:24,2025/05/14 20:16:56,2025/05/14,2025/05/14,-316.8,0,0,-316.8,0,0,-39.6,Loss,3.74,9,,deusfund-sqx1
Closed position,861517637,USTEC,8,Buy,21286.2,21261.3,2025/05/14 20:53:02,2025/05/14 22:45:00,2025/05/14,2025/05/14,-199.2,0,0,-199.2,0,0,-24.9,Loss,1.87,9,,deusfund-sqx1
Closed position,864005309,USTEC,8,Buy,21446.15,21381.25,2025/05/15 20:21:33,2025/05/15 21:00:32,2025/05/15,2025/05/15,-519.2,0,0,-519.2,0,0,-64.9,Loss,0.65,202501005,,deusfund-sqx2
Closed position,864004367,USTEC,16,Buy,21438.25,21282.9,2025/05/15 20:21:03,2025/05/15 22:45:00,2025/05/15,2025/05/15,-2485.6,0,0,-2485.6,0,0,-155.4,Loss,2.4,202501010,,deusfund-sqx2
Closed position,863575671,GBPJPY,1,Sell,193.548,193.838,2025/05/15 17:10:13,2025/05/15 23:57:31,2025/05/15,2025/05/15,-199.1,0,-7,-206.1,0,0,-29.0,Loss,6.79,202501002,,deusfund-sqx2
Closed position,864601360,BTCUSD,0.8,Buy,104207.85,103451.45,2025/05/16 05:00:07,2025/05/16 11:15:46,2025/05/16,2025/05/16,-605.12,0,0,-605.12,0,0,-756.4,Loss,6.26,1001,,deusfund-sqx1
Closed position,866218216,USTEC,8,Buy,21334.65,21381.45,2025/05/16 18:31:01,2025/05/16 22:45:00,2025/05/16,2025/05/16,374.4,0,0,374.4,0,0,46.8,Win,4.23,9,,deusfund-sqx1
Closed position,867292143,BTCUSD,0.8,Buy,103739.92,106540.76,2025/05/18 08:57:10,2025/05/19 03:00:00,2025/05/18,2025/05/19,2240.67,0,0,2240.67,0,0,2800.8,Win,18.05,1001,,deusfund-sqx1
Closed position,869470046,GBPJPY,1,Buy,194.019,193.325,2025/05/19 14:25:25,2025/05/20 08:33:52,2025/05/19,2025/05/20,-480.33,10,-7,-477.33,0,0,-69.4,Loss,18.14,202501003,,deusfund-sqx2
Closed position,871007028,GBPJPY,1,Buy,194.217,193.067,2025/05/20 03:28:25,2025/05/20 08:45:52,2025/05/20,2025/05/20,-796.55,0,-7,-803.55,0,0,-115.0,Loss,5.29,202501002,,deusfund-sqx2
Closed position,870965920,BTCUSD,0.8,Buy,106035.56,105226.92,2025/05/20 03:10:20,2025/05/20 10:06:12,2025/05/20,2025/05/20,-646.91,0,0,-646.91,0,0,-808.6,Loss,6.93,1001,,deusfund-sqx1
Closed position,872243733,XAUUSD,1,Buy,3249.77,3242.52,2025/05/20 15:35:43,2025/05/20 16:00:00,2025/05/20,2025/05/20,-725,0,-7,-732,0,0,-72.5,Loss,0.4,202501023,,deusfund-sqx2
Closed position,872417444,XAUUSD,1,Buy,3254.09,3262.1,2025/05/20 16:57:42,2025/05/20 17:00:00,2025/05/20,2025/05/20,801,0,-7,794,0,0,80.1,Win,0.04,1006,,deusfund-sqx1
Closed position,872417132,XAUUSD,1,Buy,3254.09,3261.5,2025/05/20 16:57:42,2025/05/20 17:00:00,2025/05/20,2025/05/20,741,0,-7,734,0,0,74.1,Win,0.04,202501025,,deusfund-sqx2
Closed position,872243737,XAUUSD,1,Buy,3249.77,3262.08,2025/05/20 15:35:43,2025/05/20 17:00:29,2025/05/20,2025/05/20,1231,0,-7,1224,0,0,123.1,Win,1.41,202501021,,deusfund-sqx2
Closed position,872243699,XAUUSD,1,Buy,3249.77,3282.99,2025/05/20 15:35:43,2025/05/20 18:00:00,2025/05/20,2025/05/20,3322,0,-7,3315,0,0,332.2,Win,2.4,1007,,deusfund-sqx1
Closed position,872458255,XAUUSD,1,Buy,3278.71,3282.95,2025/05/20 17:08:36,2025/05/20 18:00:00,2025/05/20,2025/05/20,424,0,-7,417,0,0,42.4,Win,0.86,202501027,,deusfund-sqx2
Closed position,872234318,XAUUSD,1,Buy,3244.58,3287.95,2025/05/20 15:32:24,2025/05/21 04:24:51,2025/05/20,2025/05/21,4337,-52.81,-7,4277.19,0,0,433.7,Win,12.87,202501026,,deusfund-sqx2
Closed position,873344016,XAUUSD,1,Buy,3304.21,3285.56,2025/05/21 04:00:02,2025/05/21 04:25:41,2025/05/21,2025/05/21,-1865,0,-7,-1872,0,0,-186.5,Loss,0.43,202501025,,deusfund-sqx2
Closed position,872417239,XAUUSD,1,Buy,3254.09,3297.28,2025/05/20 16:57:42,2025/05/21 15:28:22,2025/05/20,2025/05/21,4319,-52.81,-7,4259.19,0,0,431.9,Win,22.51,202501022,,deusfund-sqx2
Closed position,872417316,XAUUSD,1,Buy,3254.09,3304.65,2025/05/20 16:57:42,2025/05/21 18:00:00,2025/05/20,2025/05/21,5056,-52.81,-7,4996.19,0,0,505.6,Win,25.04,202501024,,deusfund-sqx2
Closed position,874573555,BTCUSD,0.8,Buy,107382.97,109033.56,2025/05/21 17:00:02,2025/05/21 18:00:00,2025/05/21,2025/05/21,1320.47,0,0,1320.47,0,0,1650.6,Win,1,1001,,deusfund-sqx1
Closed position,875485575,GBPJPY,1,Sell,192.69,192.328,2025/05/22 03:12:58,2025/05/22 12:58:47,2025/05/22,2025/05/22,252.29,0,-7,245.29,0,0,36.2,Win,9.76,202501002,,deusfund-sqx2
Closed position,877349553,USTEC,8,Buy,21237.55,21189.3,2025/05/22 21:02:30,2025/05/22 22:45:00,2025/05/22,2025/05/22,-386,0,0,-386,0,0,-48.2,Loss,1.71,9,,deusfund-sqx1
Closed position,877409518,USTEC,5,Buy,21245.4,21141.4,2025/05/22 21:56:15,2025/05/22 22:55:25,2025/05/22,2025/05/22,-520,0,0,-520,0,0,-104.0,Loss,0.99,1,,deusfund-sqx1
Closed position,878507338,GBPJPY,1,Buy,193.494,192.337,2025/05/23 13:03:05,2025/05/23 14:48:42,2025/05/23,2025/05/23,-811.15,0,-7,-818.15,0,0,-115.7,Loss,1.76,202501002,,deusfund-sqx2
Closed position,878714368,XAUUSD,1,Buy,3346.79,3349.78,2025/05/23 14:49:45,2025/05/23 15:00:33,2025/05/23,2025/05/23,299,0,-7,292,0,0,29.9,Win,0.18,1007,,deusfund-sqx1
Closed position,878714332,XAUUSD,1,Buy,3346.79,3347.66,2025/05/23 14:49:45,2025/05/23 15:05:05,2025/05/23,2025/05/23,87,0,-7,80,0,0,8.7,Win,0.26,202501021,,deusfund-sqx2
Closed position,878704969,XAUUSD,1,Buy,3338.99,3342.44,2025/05/23 14:48:11,2025/05/23 16:33:41,2025/05/23,2025/05/23,345,0,-7,338,0,0,34.5,Win,1.76,202501026,,deusfund-sqx2
Closed position,878714440,XAUUSD,1,Buy,3346.83,3336.64,2025/05/23 14:49:45,2025/05/23 17:00:45,2025/05/23,2025/05/23,-1019,0,-7,-1026,0,0,-101.9,Loss,2.18,202501022,,deusfund-sqx2
Closed position,878714312,XAUUSD,1,Buy,3346.79,3342.51,2025/05/23 14:49:45,2025/05/26 04:00:02,2025/05/23,2025/05/26,-428,-52.81,-7,-487.81,0,0,-42.8,Loss,61.17,202501025,,deusfund-sqx2
Closed position,878714347,XAUUSD,1,Buy,3346.79,3342.51,2025/05/23 14:49:45,2025/05/26 04:00:02,2025/05/23,2025/05/26,-428,-52.81,-7,-487.81,0,0,-42.8,Loss,61.17,202501024,,deusfund-sqx2
Closed position,878714345,XAUUSD,1,Buy,3346.79,3337.42,2025/05/23 14:49:45,2025/05/26 10:00:00,2025/05/23,2025/05/26,-937,-52.81,-7,-996.81,0,0,-93.7,Loss,67.17,1006,,deusfund-sqx1
Closed position,878714361,XAUUSD,1,Buy,3346.79,3334.76,2025/05/23 14:49:45,2025/05/26 12:00:00,2025/05/23,2025/05/26,-1203,-52.81,-7,-1262.81,0,0,-120.3,Loss,69.17,202501023,,deusfund-sqx2
Closed position,878714374,XAUUSD,1,Buy,3346.79,3325.74,2025/05/23 14:49:45,2025/05/26 12:26:36,2025/05/23,2025/05/26,-2105,-52.81,-7,-2164.81,0,0,-210.5,Loss,69.61,202501027,,deusfund-sqx2
Closed position,881480972,USTEC,8,Buy,21239.05,21202.1,2025/05/26 16:33:30,2025/05/26 17:22:00,2025/05/26,2025/05/26,-295.6,0,0,-295.6,0,0,-37.0,Loss,0.81,9,,deusfund-sqx1
Closed position,881616910,USTEC,8,Buy,21200.65,21219.45,2025/05/26 18:31:08,2025/05/27 01:00:13,2025/05/26,2025/05/27,150.4,-27.29,0,123.11,0,0,18.8,Win,6.48,202501011,,deusfund-sqx2
Closed position,881630376,USTEC,8,Buy,21213.2,21219.45,2025/05/26 18:45:23,2025/05/27 01:00:13,2025/05/26,2025/05/27,50,-27.29,0,22.71,0,0,6.2,Win,6.25,9,,deusfund-sqx1
Closed position,881148762,GBPJPY,1,Buy,193.87,193.063,2025/05/26 12:04:29,2025/05/27 04:27:45,2025/05/26,2025/05/27,-567.76,10.14,-7,-564.62,0,0,-80.7,Loss,16.39,202501003,,deusfund-sqx2
Closed position,882520624,USTEC,8,Buy,21299.25,21241.15,2025/05/27 10:50:32,2025/05/27 11:51:04,2025/05/27,2025/05/27,-464.8,0,0,-464.8,0,0,-58.1,Loss,1.01,202501005,,deusfund-sqx2
Closed position,882998542,BTCUSD,0.8,Buy,110509.92,109817.72,2025/05/27 16:13:04,2025/05/27 16:51:36,2025/05/27,2025/05/27,-553.76,0,0,-553.76,0,0,-692.2,Loss,0.64,1001,,deusfund-sqx1
Closed position,883310648,USTEC,8,Buy,21351.85,21366.8,2025/05/27 19:00:53,2025/05/27 22:31:30,2025/05/27,2025/05/27,119.6,0,0,119.6,0,0,15.0,Win,3.51,9,,deusfund-sqx1
Closed position,883162131,USTEC,16,Buy,21323.8,21356.35,2025/05/27 17:26:18,2025/05/27 22:32:00,2025/05/27,2025/05/27,520.8,0,0,520.8,0,0,32.6,Win,5.1,202501010,,deusfund-sqx2
Closed position,883459742,USTEC,8,Buy,21428.2,21379.5,2025/05/27 21:01:09,2025/05/27 22:45:00,2025/05/27,2025/05/27,-389.6,0,0,-389.6,0,0,-48.7,Loss,1.73,202501011,,deusfund-sqx2
Closed position,882259849,GBPJPY,1,Buy,193.882,194.617,2025/05/27 08:09:52,2025/05/28 03:22:24,2025/05/27,2025/05/28,510.41,10.04,-7,513.45,0,0,73.5,Win,19.21,202501003,,deusfund-sqx2
Closed position,882246520,USDJPY,1,Buy,142.989,144.72,2025/05/27 08:02:43,2025/05/28 04:09:54,2025/05/27,2025/05/28,1196.1,7.48,-7,1196.58,0,0,173.1,Win,20.12,2025010019,,deusfund-sqx2
Closed position,883826596,GBPJPY,1,Buy,195.364,194.52,2025/05/28 04:09:54,2025/05/28 07:43:19,2025/05/28,2025/05/28,-584.73,0,-7,-591.73,0,0,-84.4,Loss,3.56,202501003,,deusfund-sqx2
Closed position,884823537,USTEC,5,Buy,21476.2,21404.7,2025/05/28 15:40:16,2025/05/28 16:57:48,2025/05/28,2025/05/28,-357.5,0,0,-357.5,0,0,-71.5,Loss,1.29,2,,deusfund-sqx1
Closed position,885598282,USTEC,5,Buy,21487.5,21599.9,2025/05/29 01:38:37,2025/05/29 02:05:44,2025/05/29,2025/05/29,562,0,0,562,0,0,112.4,Win,0.45,1,,deusfund-sqx1
Closed position,882246524,USDJPY,1,Buy,142.989,145.271,2025/05/27 08:02:43,2025/05/29 02:10:46,2025/05/27,2025/05/29,1570.86,29.85,-7,1593.71,0,0,228.2,Win,42.13,202501015,,deusfund-sqx2
Closed position,885626349,GBPJPY,1,Buy,195.33,195.484,2025/05/29 02:06:00,2025/05/29 11:26:37,2025/05/29,2025/05/29,106.02,0,-7,99.02,0,0,15.4,Win,9.34,202501003,,deusfund-sqx2
Closed position,883820772,USDJPY,1,Buy,144.395,145.002,2025/05/28 04:08:33,2025/05/29 13:25:24,2025/05/28,2025/05/29,418.61,22.37,-7,433.98,0,0,60.7,Win,33.28,202501020,,deusfund-sqx2
Closed position,885630806,USTEC,8,Buy,21636.4,21636.25,2025/05/29 02:07:57,2025/05/29 14:27:39,2025/05/29,2025/05/29,-1.2,0,0,-1.2,0,0,-0.2,Loss,12.33,202501005,,deusfund-sqx2
Closed position,883822190,USDJPY,1,Buy,144.433,144.703,2025/05/28 04:09:15,2025/05/29 15:17:24,2025/05/28,2025/05/29,186.59,22.37,-7,201.96,0,0,27.0,Win,35.14,202501016,,deusfund-sqx2
Closed position,883826543,GBPJPY,1,Buy,195.364,194.866,2025/05/28 04:09:54,2025/05/29 16:25:08,2025/05/28,2025/05/29,-345.16,30.01,-7,-322.15,0,0,-49.8,Loss,36.25,202501002,,deusfund-sqx2
Closed position,887586537,XAUUSD,1,Buy,3326.29,3322.27,2025/05/29 19:04:57,2025/05/29 20:00:08,2025/05/29,2025/05/29,-402,0,-7,-409,0,0,-40.2,Loss,0.92,1007,,deusfund-sqx1
Closed position,887586593,XAUUSD,1,Buy,3326.29,3322.26,2025/05/29 19:04:57,2025/05/29 20:00:08,2025/05/29,2025/05/29,-403,0,-7,-410,0,0,-40.3,Loss,0.92,202501023,,deusfund-sqx2
Closed position,887585848,XAUUSD,1,Buy,3326.29,3309.3,2025/05/29 19:04:55,2025/05/30 04:51:34,2025/05/29,2025/05/30,-1699,-51,-7,-1757,0,0,-169.9,Loss,9.78,202501026,,deusfund-sqx2
Closed position,890507993,XAUUSD,1,Buy,3331.71,3344.75,2025/06/02 09:18:42,2025/06/02 10:00:00,2025/06/02,2025/06/02,1304,0,-7,1297,0,0,130.4,Win,0.69,1006,,deusfund-sqx1
Closed position,890508031,XAUUSD,1,Buy,3331.71,3344.94,2025/06/02 09:18:42,2025/06/02 10:00:00,2025/06/02,2025/06/02,1323,0,-7,1316,0,0,132.3,Win,0.69,202501023,,deusfund-sqx2
Closed position,890508042,XAUUSD,1,Buy,3331.71,3344.75,2025/06/02 09:18:42,2025/06/02 10:00:00,2025/06/02,2025/06/02,1304,0,-7,1297,0,0,130.4,Win,0.69,1007,,deusfund-sqx1
Closed position,890508044,XAUUSD,1,Buy,3331.71,3345.64,2025/06/02 09:18:42,2025/06/02 10:00:04,2025/06/02,2025/06/02,1393,0,-7,1386,0,0,139.3,Win,0.69,202501021,,deusfund-sqx2
Closed position,889954381,BTCUSD,0.8,Buy,104851.83,105425.41,2025/06/01 17:46:55,2025/06/02 11:00:00,2025/06/01,2025/06/02,458.86,0,0,458.86,0,0,573.6,Win,17.22,1001,,deusfund-sqx1
Closed position,891389748,USTEC,5,Buy,21396.05,21275.95,2025/06/02 16:38:08,2025/06/02 16:52:15,2025/06/02,2025/06/02,-600.5,0,0,-600.5,0,0,-120.1,Loss,0.24,1,,deusfund-sqx1
Closed position,891877845,USTEC,16,Buy,21491.45,21464.3,2025/06/02 22:25:09,2025/06/02 22:45:00,2025/06/02,2025/06/02,-434.4,0,0,-434.4,0,0,-27.2,Loss,0.33,202501010,,deusfund-sqx2
Closed position,890508052,XAUUSD,1,Buy,3331.71,3381.48,2025/06/02 09:18:42,2025/06/02 23:00:07,2025/06/02,2025/06/02,4977,0,-7,4970,0,0,497.7,Win,13.69,202501025,,deusfund-sqx2
Closed position,890602626,XAUUSD,1,Buy,3351.77,3390.4,2025/06/02 10:13:50,2025/06/03 02:00:02,2025/06/02,2025/06/03,3863,-51,-7,3805,0,0,386.3,Win,15.77,202501027,,deusfund-sqx2
Closed position,890509788,XAUUSD,1,Buy,3332.95,3375.8,2025/06/02 09:19:07,2025/06/03 03:41:02,2025/06/02,2025/06/03,4285,-51,-7,4227,0,0,428.5,Win,18.37,202501022,,deusfund-sqx2
Closed position,890507994,XAUUSD,1,Buy,3331.71,3361.19,2025/06/02 09:18:42,2025/06/03 07:00:00,2025/06/02,2025/06/03,2948,-51,-7,2890,0,0,294.8,Win,21.69,202501024,,deusfund-sqx2
Closed position,892553922,GBPJPY,1,Sell,193.086,193.314,2025/06/03 10:20:22,2025/06/03 14:13:20,2025/06/03,2025/06/03,-159.3,0,-7,-166.3,0,0,-22.8,Loss,3.88,202501002,,deusfund-sqx2
Closed position,891997766,BTCUSD,0.8,Buy,105396.54,106643.36,2025/06/03 01:18:25,2025/06/03 18:00:00,2025/06/03,2025/06/03,997.46,0,0,997.46,0,0,1246.8,Win,16.69,1001,,deusfund-sqx1
Closed position,893345556,USTEC,16,Buy,21694.35,21623.9,2025/06/03 19:35:30,2025/06/03 21:03:06,2025/06/03,2025/06/03,-1127.2,0,0,-1127.2,0,0,-70.4,Loss,1.46,202501010,,deusfund-sqx2
Closed position,893377796,USTEC,8,Buy,21707.65,21623.9,2025/06/03 20:18:26,2025/06/03 21:03:06,2025/06/03,2025/06/03,-670,0,0,-670,0,0,-83.8,Loss,0.74,202501005,,deusfund-sqx2
Closed position,893640032,USDJPY,1,Buy,144.202,143.704,2025/06/04 04:01:15,2025/06/04 04:35:47,2025/06/04,2025/06/04,-346.55,0,-7,-353.55,0,0,-49.8,Loss,0.58,202501020,,deusfund-sqx2
Closed position,893438592,GBPJPY,1,Buy,194.646,194.461,2025/06/03 21:59:02,2025/06/04 15:25:33,2025/06/03,2025/06/04,-128.79,10.06,-7,-125.73,0,0,-18.5,Loss,17.44,202501003,,deusfund-sqx2
Closed position,893510403,USDJPY,1,Buy,144.072,143.469,2025/06/04 01:00:16,2025/06/04 17:01:15,2025/06/04,2025/06/04,-420.3,0,-7,-427.3,0,0,-60.3,Loss,16.02,2025010019,,deusfund-sqx2
Closed position,893510404,USDJPY,1,Buy,144.072,143.469,2025/06/04 01:00:16,2025/06/04 17:01:15,2025/06/04,2025/06/04,-420.3,0,-7,-427.3,0,0,-60.3,Loss,16.02,202501015,,deusfund-sqx2
Closed position,893778150,GBPJPY,1,Buy,194.779,193.764,2025/06/04 06:32:49,2025/06/04 19:06:19,2025/06/04,2025/06/04,-710.61,0,-7,-717.61,0,0,-101.5,Loss,12.56,202501002,,deusfund-sqx2
Closed position,894652788,USTEC,8,Buy,21715.55,21742.2,2025/06/04 19:56:58,2025/06/04 22:45:00,2025/06/04,2025/06/04,213.2,0,0,213.2,0,0,26.6,Win,2.8,9,,deusfund-sqx1
Closed position,894483668,XAUUSD,1,Buy,3378.82,3363.5,2025/06/04 17:38:33,2025/06/05 08:34:18,2025/06/04,2025/06/05,-1532,-156.49,-7,-1695.49,0,0,-153.2,Loss,14.93,202501023,,deusfund-sqx2
Closed position,895169531,USTEC,5,Buy,21786.4,21717.05,2025/06/05 10:40:37,2025/06/05 13:43:39,2025/06/05,2025/06/05,-346.75,0,0,-346.75,0,0,-69.4,Loss,3.05,2,,deusfund-sqx1
Closed position,895303976,XAUUSD,1,Buy,3394,3399.75,2025/06/05 13:06:23,2025/06/05 14:00:32,2025/06/05,2025/06/05,575,0,-7,568,0,0,57.5,Win,0.9,1007,,deusfund-sqx1
Closed position,895304009,XAUUSD,1,Buy,3393.87,3399.75,2025/06/05 13:06:23,2025/06/05 14:00:32,2025/06/05,2025/06/05,588,0,-7,581,0,0,58.8,Win,0.9,202501027,,deusfund-sqx2
Closed position,895303960,XAUUSD,1,Buy,3394,3399.79,2025/06/05 13:06:23,2025/06/05 14:00:32,2025/06/05,2025/06/05,579,0,-7,572,0,0,57.9,Win,0.9,202501021,,deusfund-sqx2
Closed position,895273466,XAUUSD,1,Buy,3386.4,3381.36,2025/06/05 12:31:02,2025/06/05 15:54:51,2025/06/05,2025/06/05,-504,0,-7,-511,0,0,-50.4,Loss,3.4,202501026,,deusfund-sqx2
Closed position,895304367,XAUUSD,1,Buy,3393.85,3381.29,2025/06/05 13:06:23,2025/06/05 15:54:51,2025/06/05,2025/06/05,-1256,0,-7,-1263,0,0,-125.6,Loss,2.81,202501022,,deusfund-sqx2
Closed position,895303986,XAUUSD,1,Buy,3394,3374.3,2025/06/05 13:06:23,2025/06/05 16:07:39,2025/06/05,2025/06/05,-1970,0,-7,-1977,0,0,-197,Loss,3.02,202501024,,deusfund-sqx2
Closed position,895303993,XAUUSD,1,Buy,3394,3374.3,2025/06/05 13:06:23,2025/06/05 16:07:39,2025/06/05,2025/06/05,-1970,0,-7,-1977,0,0,-197,Loss,3.02,202501025,,deusfund-sqx2
Closed position,895303961,XAUUSD,1,Buy,3394,3374.3,2025/06/05 13:06:23,2025/06/05 16:07:39,2025/06/05,2025/06/05,-1970,0,-7,-1977,0,0,-197,Loss,3.02,1006,,deusfund-sqx1
Closed position,895169176,USTEC,5,Buy,21779.95,21709.95,2025/06/05 10:40:14,2025/06/05 16:50:45,2025/06/05,2025/06/05,-350,0,0,-350,0,0,-70.0,Loss,6.18,1,,deusfund-sqx1
Closed position,895629333,USTEC,8,Buy,21755.5,21714.6,2025/06/05 17:26:58,2025/06/05 17:37:08,2025/06/05,2025/06/05,-327.2,0,0,-327.2,0,0,-40.9,Loss,0.17,9,,deusfund-sqx1
Closed position,895707886,USTEC,8,Buy,21872.35,21821.4,2025/06/05 18:18:02,2025/06/05 19:15:59,2025/06/05,2025/06/05,-407.6,0,0,-407.6,0,0,-51.0,Loss,0.97,202501005,,deusfund-sqx2
Closed position,895708907,USTEC,16,Buy,21872.95,21821.4,2025/06/05 18:18:38,2025/06/05 19:15:59,2025/06/05,2025/06/05,-824.8,0,0,-824.8,0,0,-51.6,Loss,0.96,202501010,,deusfund-sqx2
Closed position,895705251,USTEC,8,Buy,21849.6,21802.7,2025/06/05 18:17:03,2025/06/05 19:17:13,2025/06/05,2025/06/05,-375.2,0,0,-375.2,0,0,-46.9,Loss,1,7,,deusfund-sqx1
Closed position,895705250,USTEC,8,Buy,21849.6,21802.7,2025/06/05 18:17:03,2025/06/05 19:17:13,2025/06/05,2025/06/05,-375.2,0,0,-375.2,0,0,-46.9,Loss,1,8,,deusfund-sqx1
Closed position,895708781,USTEC,8,Buy,21875.85,21794.6,2025/06/05 18:18:37,2025/06/05 19:17:15,2025/06/05,2025/06/05,-650,0,0,-650,0,0,-81.2,Loss,0.98,202501011,,deusfund-sqx2
Closed position,895919138,USTEC,8,Buy,21680.55,21592.75,2025/06/05 21:45:43,2025/06/05 22:45:03,2025/06/05,2025/06/05,-702.4,0,0,-702.4,0,0,-87.8,Loss,0.99,9,,deusfund-sqx1
Closed position,895654193,GBPJPY,1,Buy,194.955,194.674,2025/06/05 17:42:54,2025/06/06 00:02:29,2025/06/05,2025/06/06,-195.71,8.96,-7,-193.75,0,0,-28.1,Loss,6.33,202501003,,deusfund-sqx2
Closed position,896831071,USTEC,8,Buy,21767.7,21744.75,2025/06/06 16:31:35,2025/06/06 17:29:02,2025/06/06,2025/06/06,-183.6,0,0,-183.6,0,0,-23.0,Loss,0.96,9,,deusfund-sqx1
Closed position,896658948,GBPJPY,1,Buy,195.401,195.982,2025/06/06 14:41:29,2025/06/06 20:00:00,2025/06/06,2025/06/06,400.79,0,-7,393.79,0,0,58.1,Win,5.31,202501002,,deusfund-sqx2
Closed position,896658947,GBPJPY,1,Buy,195.401,195.982,2025/06/06 14:41:29,2025/06/06 20:00:00,2025/06/06,2025/06/06,400.79,0,-7,393.79,0,0,58.1,Win,5.31,202501003,,deusfund-sqx2
Closed position,896853719,USTEC,8,Buy,21811.85,21772.95,2025/06/06 16:44:10,2025/06/06 22:45:02,2025/06/06,2025/06/06,-311.2,0,0,-311.2,0,0,-38.9,Loss,6.01,202501011,,deusfund-sqx2
Closed position,896983655,USTEC,8,Buy,21832.45,21772.95,2025/06/06 18:06:29,2025/06/06 22:45:02,2025/06/06,2025/06/06,-476,0,0,-476,0,0,-59.5,Loss,4.64,9,,deusfund-sqx1
Closed position,897163485,USTEC,8,Buy,21832.75,21772.95,2025/06/06 21:33:48,2025/06/06 22:45:02,2025/06/06,2025/06/06,-478.4,0,0,-478.4,0,0,-59.8,Loss,1.19,5,,deusfund-sqx1
Closed position,897439682,BTCUSD,0.8,Buy,105952.44,105526.37,2025/06/08 16:38:34,2025/06/09 04:55:43,2025/06/08,2025/06/09,-340.86,0,0,-340.86,0,0,-426.1,Loss,12.29,1001,,deusfund-sqx1
Closed position,898935194,USTEC,8,Buy,21940.65,21889.65,2025/06/10 04:34:33,2025/06/10 07:25:57,2025/06/10,2025/06/10,-408,0,0,-408,0,0,-51.0,Loss,2.86,202501005,,deusfund-sqx2
Closed position,898952323,USDJPY,1,Buy,144.97,144.522,2025/06/10 04:49:59,2025/06/10 08:32:15,2025/06/10,2025/06/10,-309.99,0,-7,-316.99,0,0,-44.8,Loss,3.7,202501016,,deusfund-sqx2
Closed position,898952320,USDJPY,1,Buy,144.97,144.51,2025/06/10 04:49:59,2025/06/10 08:32:23,2025/06/10,2025/06/10,-318.32,0,-7,-325.32,0,0,-46,Loss,3.71,202501020,,deusfund-sqx2
Closed position,897638650,GBPJPY,1,Buy,196.04,195.509,2025/06/09 03:51:56,2025/06/10 09:13:02,2025/06/09,2025/06/10,-367.51,8.9,-7,-365.61,0,0,-53.1,Loss,29.35,202501003,,deusfund-sqx2
Closed position,897638651,GBPJPY,1,Buy,196.04,195.01,2025/06/09 03:51:56,2025/06/10 09:57:35,2025/06/09,2025/06/10,-712.19,8.9,-7,-710.29,0,0,-103,Loss,30.09,202501002,,deusfund-sqx2
Closed position,899483603,XAUUSD,1,Buy,3338.44,3334.05,2025/06/10 14:12:38,2025/06/10 15:00:00,2025/06/10,2025/06/10,-439,0,-7,-446,0,0,-43.9,Loss,0.79,202501023,,deusfund-sqx2
Closed position,900005950,USTEC,16,Buy,21936.85,21893.85,2025/06/10 21:56:49,2025/06/10 22:42:42,2025/06/10,2025/06/10,-688,0,0,-688,0,0,-43.0,Loss,0.76,202501010,,deusfund-sqx2
Closed position,900006094,USTEC,8,Buy,21939.05,21911.8,2025/06/10 21:56:49,2025/06/10 22:45:00,2025/06/10,2025/06/10,-218,0,0,-218,0,0,-27.2,Loss,0.8,202501011,,deusfund-sqx2
Closed position,900014643,USTEC,5,Buy,21957.7,21845.95,2025/06/10 22:05:41,2025/06/11 08:01:46,2025/06/10,2025/06/11,-558.75,-17.65,0,-576.40,0,0,-111.8,Loss,9.93,1,,deusfund-sqx1
Closed position,900475125,XAUUSD,1,Buy,3343.83,3334.46,2025/06/11 10:50:06,2025/06/11 12:07:41,2025/06/11,2025/06/11,-937,0,-7,-944,0,0,-93.7,Loss,1.29,202501026,,deusfund-sqx2
Closed position,900134847,USDJPY,1,Buy,145.014,144.653,2025/06/11 02:01:59,2025/06/11 15:30:07,2025/06/11,2025/06/11,-249.56,0,-7,-256.56,0,0,-36.1,Loss,13.47,2025010019,,deusfund-sqx2
Closed position,900134850,USDJPY,1,Buy,145.014,144.573,2025/06/11 02:01:59,2025/06/11 15:33:13,2025/06/11,2025/06/11,-305.04,0,-7,-312.04,0,0,-44.1,Loss,13.52,202501016,,deusfund-sqx2
Closed position,900745933,XAUUSD,1,Buy,3350.49,3333.83,2025/06/11 15:30:13,2025/06/11 15:57:25,2025/06/11,2025/06/11,-1666,0,-7,-1673,0,0,-166.6,Loss,0.45,1007,,deusfund-sqx1
Closed position,900742038,USTEC,5,Buy,22058.7,21874.4,2025/06/11 15:30:06,2025/06/11 21:01:15,2025/06/11,2025/06/11,-921.5,0,0,-921.5,0,0,-184.3,Loss,5.52,1,,deusfund-sqx1
Closed position,901299918,XAUUSD,1,Buy,3349.3,3347.28,2025/06/11 22:34:04,2025/06/11 23:00:00,2025/06/11,2025/06/11,-202,0,-7,-209,0,0,-20.2,Loss,0.43,202501023,,deusfund-sqx2
Closed position,898952324,USDJPY,1,Buy,144.97,144.236,2025/06/10 04:49:59,2025/06/12 01:58:14,2025/06/10,2025/06/12,-508.89,27.51,-7,-488.38,0,0,-73.4,Loss,45.14,202501015,,deusfund-sqx2
Closed position,901364325,XAUUSD,1,Buy,3360.7,3368.98,2025/06/12 01:10:24,2025/06/12 02:00:00,2025/06/12,2025/06/12,828,0,-7,821,0,0,82.8,Win,0.83,1006,,deusfund-sqx1
Closed position,900690421,GBPJPY,1,Buy,196.242,195.395,2025/06/11 15:04:57,2025/06/12 04:39:12,2025/06/11,2025/06/12,-589.16,26.69,-7,-569.47,0,0,-84.7,Loss,13.57,202501003,,deusfund-sqx2
Closed position,901517732,XAUUSD,1,Buy,3375.66,3370.94,2025/06/12 04:28:15,2025/06/12 05:00:00,2025/06/12,2025/06/12,-472,0,-7,-479,0,0,-47.2,Loss,0.53,202501021,,deusfund-sqx2
Closed position,900690413,GBPJPY,1,Buy,196.242,195.059,2025/06/11 15:04:57,2025/06/12 09:01:23,2025/06/11,2025/06/12,-823.24,26.69,-7,-803.55,0,0,-118.3,Loss,17.94,202501002,,deusfund-sqx2
Closed position,901393444,XAUUSD,1,Buy,3369.37,3359.19,2025/06/12 01:58:35,2025/06/12 10:35:55,2025/06/12,2025/06/12,-1018,0,-7,-1025,0,0,-101.8,Loss,8.62,202501022,,deusfund-sqx2
Closed position,901372643,XAUUSD,1,Buy,3364.17,3349.78,2025/06/12 01:24:27,2025/06/12 10:37:43,2025/06/12,2025/06/12,-1439,0,-7,-1446,0,0,-143.9,Loss,9.22,202501024,,deusfund-sqx2
Closed position,902848671,XAUUSD,0.4,Buy,3408.77,3400.4,2025/06/13 03:07:07,2025/06/13 03:15:10,2025/06/13,2025/06/13,-334.8,0,-2.8,-337.6,0,0,-83.7,Loss,0.13,6,,deusfund-sqx1
Closed position,902846383,XAUUSD,1,Buy,3403.41,3415.07,2025/06/13 03:06:59,2025/06/13 04:00:00,2025/06/13,2025/06/13,1166,0,-7,1159,0,0,116.6,Win,0.88,202501027,,deusfund-sqx2
Closed position,902846378,XAUUSD,1,Buy,3403.41,3415.07,2025/06/13 03:06:59,2025/06/13 04:00:00,2025/06/13,2025/06/13,1166,0,-7,1159,0,0,116.6,Win,0.88,202501025,,deusfund-sqx2
Closed position,902964219,XAUUSD,0.4,Buy,3416.78,3440.21,2025/06/13 04:00:01,2025/06/13 05:41:25,2025/06/13,2025/06/13,937.2,0,-2.8,934.4,0,0,234.3,Win,1.69,6,,deusfund-sqx1
Closed position,903786391,XAUUSD,0.4,Buy,3441.06,3432.8,2025/06/13 16:02:46,2025/06/13 17:03:17,2025/06/13,2025/06/13,-330.4,0,-2.8,-333.2,0,0,-82.6,Loss,1.01,6,,deusfund-sqx1
Closed position,904799754,XAUUSD,0.4,Buy,3448.57,3440.18,2025/06/16 03:22:00,2025/06/16 03:45:03,2025/06/16,2025/06/16,-335.6,0,-2.8,-338.4,0,0,-83.9,Loss,0.38,6,,deusfund-sqx1
Closed position,904944333,BTCUSD,0.8,Buy,106237.46,107585.09,2025/06/16 07:21:30,2025/06/16 18:00:00,2025/06/16,2025/06/16,1078.1,0,0,1078.1,0,0,1347.6,Win,10.64,1001,,deusfund-sqx1
Closed position,905465643,USTEC,8,Buy,21836,21906.3,2025/06/16 16:31:04,2025/06/16 19:45:13,2025/06/16,2025/06/16,562.4,0,0,562.4,0,0,70.3,Win,3.24,9,,deusfund-sqx1
Closed position,905537235,USTEC,16,Buy,21917,21923.7,2025/06/16 16:55:51,2025/06/16 22:45:00,2025/06/16,2025/06/16,107.2,0,0,107.2,0,0,6.7,Win,5.82,202501010,,deusfund-sqx2
Closed position,905706231,USTEC,8,Buy,21981.2,21923.7,2025/06/16 18:22:06,2025/06/16 22:45:00,2025/06/16,2025/06/16,-460,0,0,-460,0,0,-57.5,Loss,4.38,5,,deusfund-sqx1
Closed position,905829735,USTEC,8,Buy,21963.1,21923.7,2025/06/16 20:28:32,2025/06/16 22:45:00,2025/06/16,2025/06/16,-315.2,0,0,-315.2,0,0,-39.4,Loss,2.27,9,,deusfund-sqx1
Closed position,904708587,GBPJPY,1,Buy,195.821,196.102,2025/06/16 01:08:38,2025/06/17 07:37:03,2025/06/16,2025/06/17,194.5,8.89,-7,196.39,0,0,28.1,Win,30.47,202501003,,deusfund-sqx2
Closed position,904708582,GBPJPY,1,Buy,195.821,195.396,2025/06/16 01:08:38,2025/06/17 20:44:25,2025/06/16,2025/06/17,-292.71,8.89,-7,-290.82,0,0,-42.5,Loss,43.6,202501002,,deusfund-sqx2
Closed position,907596069,USDJPY,1,Buy,145.369,144.794,2025/06/18 01:51:34,2025/06/18 15:13:10,2025/06/18,2025/06/18,-397.12,0,-7,-404.12,0,0,-57.5,Loss,13.36,202501016,,deusfund-sqx2
Closed position,906098728,USDJPY,1,Buy,144.863,144.38,2025/06/17 03:02:32,2025/06/18 21:00:32,2025/06/17,2025/06/18,-334.53,6.85,-7,-334.68,0,0,-48.3,Loss,41.97,202501020,,deusfund-sqx2
Closed position,908660375,USTEC,8,Buy,21800,21743.9,2025/06/18 21:00:01,2025/06/18 21:53:36,2025/06/18,2025/06/18,-448.8,0,0,-448.8,0,0,-56.1,Loss,0.89,9,,deusfund-sqx1
Closed position,910782547,USTEC,5,Buy,21811,21813.7,2025/06/20 15:55:38,2025/06/20 16:52:17,2025/06/20,2025/06/20,13.5,0,0,13.5,0,0,2.7,Win,0.94,1,,deusfund-sqx1
Closed position,910778934,USTEC,8,Buy,21803.5,21735.3,2025/06/20 15:51:59,2025/06/20 17:23:47,2025/06/20,2025/06/20,-545.6,0,0,-545.6,0,0,-68.2,Loss,1.53,202501005,,deusfund-sqx2
Closed position,910485034,BTCUSD,0.8,Buy,105268.73,104691.92,2025/06/20 10:31:18,2025/06/20 17:49:23,2025/06/20,2025/06/20,-461.45,0,0,-461.45,0,0,-576.8,Loss,7.3,1001,,deusfund-sqx1
Closed position,910047512,GBPJPY,1,Buy,195.885,196.448,2025/06/19 22:59:54,2025/06/20 20:00:00,2025/06/19,2025/06/20,386.05,8.85,-7,387.90,0,0,56.3,Win,21,202501003,,deusfund-sqx2
Closed position,910643083,GBPJPY,1,Buy,196.294,196.448,2025/06/20 13:55:53,2025/06/20 20:00:00,2025/06/20,2025/06/20,105.6,0,-7,98.6,0,0,15.4,Win,6.07,202501002,,deusfund-sqx2
Closed position,911044236,USTEC,8,Buy,21650.5,21615.3,2025/06/20 18:30:30,2025/06/20 20:26:11,2025/06/20,2025/06/20,-281.6,0,0,-281.6,0,0,-35.2,Loss,1.93,9,,deusfund-sqx1
Closed position,910964921,USTEC,8,Buy,21736.7,21597.8,2025/06/20 17:38:58,2025/06/20 22:45:00,2025/06/20,2025/06/20,-1111.2,0,0,-1111.2,0,0,-138.9,Loss,5.1,202501011,,deusfund-sqx2
Closed position,909101458,USDJPY,1,Buy,145.124,147.158,2025/06/19 04:57:40,2025/06/23 08:26:29,2025/06/19,2025/06/23,1382.19,13.65,-7,1388.84,0,0,203.4,Win,99.48,202501013,,deusfund-sqx2
Closed position,906098725,USDJPY,1,Buy,144.863,147.198,2025/06/17 03:02:32,2025/06/23 08:26:40,2025/06/17,2025/06/23,1586.3,41.06,-7,1620.36,0,0,233.5,Win,149.4,202501015,,deusfund-sqx2
Closed position,909409536,USDJPY,1,Buy,145.4,147.86,2025/06/19 10:57:39,2025/06/23 12:20:18,2025/06/19,2025/06/23,1663.74,13.65,-7,1670.39,0,0,246,Win,97.38,202501016,,deusfund-sqx2
Closed position,912508725,XAUUSD,1,Buy,3379.22,3369.35,2025/06/23 14:21:07,2025/06/23 15:10:03,2025/06/23,2025/06/23,-987,0,-7,-994,0,0,-98.7,Loss,0.82,202501026,,deusfund-sqx2
Closed position,911813333,GBPJPY,1,Buy,196.576,197.314,2025/06/23 02:00:55,2025/06/23 15:42:22,2025/06/23,2025/06/23,500.53,0,-7,493.53,0,0,73.8,Win,13.69,202501003,,deusfund-sqx2
Closed position,912139350,USDJPY,1,Buy,147.12,147.24,2025/06/23 09:00:00,2025/06/23 16:49:40,2025/06/23,2025/06/23,81.5,0,-7,74.5,0,0,12,Win,7.83,202501013,,deusfund-sqx2
Closed position,911878162,USDJPY,1,Buy,146.5,147.053,2025/06/23 03:31:20,2025/06/23 17:01:45,2025/06/23,2025/06/23,376.05,0,-7,369.05,0,0,55.3,Win,13.51,202501020,,deusfund-sqx2
Closed position,912757616,USTEC,8,Buy,21693,21718.2,2025/06/23 16:48:37,2025/06/23 18:30:12,2025/06/23,2025/06/23,201.6,0,0,201.6,0,0,25.2,Win,1.69,9,,deusfund-sqx1
Closed position,912786956,USTEC,8,Buy,21717,21596.5,2025/06/23 17:00:00,2025/06/23 19:33:44,2025/06/23,2025/06/23,-964,0,0,-964,0,0,-120.5,Loss,2.56,5,,deusfund-sqx1
Closed position,913130804,USTEC,8,Buy,21703.1,21822,2025/06/23 20:05:08,2025/06/23 22:45:00,2025/06/23,2025/06/23,951.2,0,0,951.2,0,0,118.9,Win,2.66,9,,deusfund-sqx1
Closed position,913178341,USTEC,8,Buy,21833.1,21822,2025/06/23 20:30:30,2025/06/23 22:45:00,2025/06/23,2025/06/23,-88.8,0,0,-88.8,0,0,-11.1,Loss,2.24,5,,deusfund-sqx1
Closed position,913321461,BTCUSD,0.8,Buy,103442.41,105295.11,2025/06/23 23:12:11,2025/06/24 19:00:00,2025/06/23,2025/06/24,1482.16,-46.11,0,1436.05,0,0,1852.7,Win,19.8,1001,,deusfund-sqx1
Closed position,914334367,USTEC,8,Buy,22092,22195.1,2025/06/24 16:32:04,2025/06/24 22:45:00,2025/06/24,2025/06/24,824.8,0,0,824.8,0,0,103.1,Win,6.22,202501011,,deusfund-sqx2
Closed position,914334380,USTEC,8,Buy,22092.6,22195.1,2025/06/24 16:32:05,2025/06/24 22:45:00,2025/06/24,2025/06/24,820,0,0,820,0,0,102.5,Win,6.22,9,,deusfund-sqx1
Closed position,914718469,USTEC,16,Buy,22201.9,22195.1,2025/06/24 20:48:49,2025/06/24 22:45:00,2025/06/24,2025/06/24,-108.8,0,0,-108.8,0,0,-6.8,Loss,1.94,202501010,,deusfund-sqx2
Closed position,913787967,USTEC,8,Buy,22113,22175.7,2025/06/24 09:14:15,2025/06/25 02:00:00,2025/06/24,2025/06/25,501.6,-43.74,0,457.86,0,0,62.7,Win,16.76,202501005,,deusfund-sqx2
Closed position,915470612,USTEC,8,Buy,22298.5,22286,2025/06/25 16:30:29,2025/06/25 16:50:11,2025/06/25,2025/06/25,-100,0,0,-100,0,0,-12.5,Loss,0.33,9,,deusfund-sqx1
Closed position,915484725,USTEC,16,Buy,22312.4,22268.4,2025/06/25 16:36:33,2025/06/25 16:50:34,2025/06/25,2025/06/25,-704,0,0,-704,0,0,-44.0,Loss,0.23,202501010,,deusfund-sqx2
Closed position,915491162,USTEC,8,Buy,22321.5,22261.7,2025/06/25 16:40:02,2025/06/25 17:11:27,2025/06/25,2025/06/25,-478.4,0,0,-478.4,0,0,-59.8,Loss,0.52,202501005,,deusfund-sqx2
Closed position,915470847,USTEC,5,Buy,22300.3,22188.9,2025/06/25 16:30:32,2025/06/25 20:40:31,2025/06/25,2025/06/25,-557,0,0,-557,0,0,-111.4,Loss,4.17,1,,deusfund-sqx1
Closed position,915741026,USTEC,8,Buy,22232.2,22187.6,2025/06/25 20:20:14,2025/06/25 20:40:32,2025/06/25,2025/06/25,-356.8,0,0,-356.8,0,0,-44.6,Loss,0.34,9,,deusfund-sqx1
Closed position,915821946,USTEC,8,Buy,22214.5,22219.8,2025/06/25 22:03:24,2025/06/25 22:45:00,2025/06/25,2025/06/25,42.4,0,0,42.4,0,0,5.3,Win,0.69,9,,deusfund-sqx1
Closed position,915060378,USDJPY,1,Buy,145.099,145.102,2025/06/25 08:18:17,2025/06/26 02:01:28,2025/06/25,2025/06/26,2.07,20.55,-7,15.62,0,0,0.3,Win,17.72,202501013,,deusfund-sqx2
Closed position,915117878,GBPJPY,1,Buy,198.022,197.814,2025/06/25 10:00:09,2025/06/26 10:30:21,2025/06/25,2025/06/26,-144.35,26.58,-7,-124.77,0,0,-20.8,Loss,24.5,202501003,,deusfund-sqx2
Closed position,916172139,USTEC,5,Buy,22304,22326.6,2025/06/26 09:09:00,2025/06/26 12:31:32,2025/06/26,2025/06/26,113,0,0,113,0,0,22.6,Win,3.38,1,,deusfund-sqx1
Closed position,916780798,USTEC,8,Buy,22344.6,22436,2025/06/26 17:16:26,2025/06/26 22:45:00,2025/06/26,2025/06/26,731.2,0,0,731.2,0,0,91.4,Win,5.48,9,,deusfund-sqx1
Closed position,916809369,USTEC,16,Buy,22376.6,22436,2025/06/26 17:31:29,2025/06/26 22:45:00,2025/06/26,2025/06/26,950.4,0,0,950.4,0,0,59.4,Win,5.23,202501010,,deusfund-sqx2
Closed position,916875233,USTEC,8,Buy,22385.5,22436,2025/06/26 18:16:21,2025/06/26 22:45:00,2025/06/26,2025/06/26,404,0,0,404,0,0,50.5,Win,4.48,202501011,,deusfund-sqx2
Closed position,916809480,USTEC,8,Buy,22375.2,22519.5,2025/06/26 17:31:30,2025/06/27 10:00:01,2025/06/26,2025/06/27,1154.4,-44.52,0,1109.88,0,0,144.3,Win,16.48,202501005,,deusfund-sqx2
Closed position,918054219,USTEC,8,Buy,22525,22535.5,2025/06/27 16:45:39,2025/06/27 17:52:00,2025/06/27,2025/06/27,84,0,0,84,0,0,10.5,Win,1.11,9,,deusfund-sqx1
Closed position,918097009,USTEC,8,Buy,22580.7,22536.6,2025/06/27 17:03:52,2025/06/27 17:52:00,2025/06/27,2025/06/27,-352.8,0,0,-352.8,0,0,-44.1,Loss,0.8,202501011,,deusfund-sqx2
Closed position,915883630,GBPJPY,1,Buy,198.508,198.272,2025/06/26 01:00:01,2025/06/27 20:00:00,2025/06/26,2025/06/27,-163.16,8.91,-7,-161.25,0,0,-23.6,Loss,43,202501002,,deusfund-sqx2
Closed position,917212915,GBPJPY,1,Buy,198.536,198.272,2025/06/27 02:31:16,2025/06/27 20:00:00,2025/06/27,2025/06/27,-182.51,0,-7,-189.51,0,0,-26.4,Loss,17.48,202501003,,deusfund-sqx2
Closed position,918252463,USTEC,8,Buy,22585.4,22547,2025/06/27 18:32:00,2025/06/27 20:35:10,2025/06/27,2025/06/27,-307.2,0,0,-307.2,0,0,-38.4,Loss,2.05,9,,deusfund-sqx1
Closed position,918262115,USTEC,8,Buy,22596.3,22542.9,2025/06/27 18:40:42,2025/06/27 20:44:24,2025/06/27,2025/06/27,-427.2,0,0,-427.2,0,0,-53.4,Loss,2.06,202501011,,deusfund-sqx2
Closed position,918484833,USTEC,8,Buy,22459.4,22485.8,2025/06/27 22:24:37,2025/06/27 22:45:00,2025/06/27,2025/06/27,211.2,0,0,211.2,0,0,26.4,Win,0.34,9,,deusfund-sqx1
Closed position,918925550,USTEC,5,Buy,22622.4,22654.3,2025/06/30 01:55:24,2025/06/30 07:57:42,2025/06/30,2025/06/30,159.5,0,0,159.5,0,0,31.9,Win,6.04,1,,deusfund-sqx1
Closed position,918720285,BTCUSD,0.8,Buy,107627.05,107207.85,2025/06/29 11:31:37,2025/06/30 17:08:46,2025/06/29,2025/06/30,-335.36,0,0,-335.36,0,0,-419.2,Loss,29.62,1001,,deusfund-sqx1
Closed position,920305036,XAUUSD,1,Buy,3322.13,3321.2,2025/07/01 06:27:50,2025/07/01 07:00:00,2025/07/01,2025/07/01,-93,0,-7,-100,0,0,-9.3,Loss,0.54,202501023,,deusfund-sqx2
Closed position,920666528,XAUUSD,1,Buy,3350.28,3349.15,2025/07/01 14:04:02,2025/07/01 15:00:00,2025/07/01,2025/07/01,-113,0,-7,-120,0,0,-11.3,Loss,0.93,1006,,deusfund-sqx1
Closed position,920666545,XAUUSD,1,Buy,3350.28,3349.15,2025/07/01 14:04:02,2025/07/01 15:00:00,2025/07/01,2025/07/01,-113,0,-7,-120,0,0,-11.3,Loss,0.93,1007,,deusfund-sqx1
Closed position,920666550,XAUUSD,1,Buy,3350.28,3349.15,2025/07/01 14:04:02,2025/07/01 15:00:00,2025/07/01,2025/07/01,-113,0,-7,-120,0,0,-11.3,Loss,0.93,202501021,,deusfund-sqx2
Closed position,920666551,XAUUSD,1,Buy,3350.28,3354.64,2025/07/01 14:04:02,2025/07/01 16:00:00,2025/07/01,2025/07/01,436,0,-7,429,0,0,43.6,Win,1.93,202501027,,deusfund-sqx2
Closed position,920627934,XAUUSD,1,Buy,3348.29,3348.24,2025/07/01 13:12:31,2025/07/01 16:10:08,2025/07/01,2025/07/01,-5,0,-7,-12,0,0,-0.5,Loss,2.96,202501026,,deusfund-sqx2
Closed position,920666531,XAUUSD,1,Buy,3350.28,3337.32,2025/07/01 14:04:02,2025/07/01 18:55:14,2025/07/01,2025/07/01,-1296,0,-7,-1303,0,0,-129.6,Loss,4.85,202501024,,deusfund-sqx2
Closed position,920632689,XAUUSD,1,Buy,3348.63,3337.89,2025/07/01 13:18:09,2025/07/01 23:00:00,2025/07/01,2025/07/01,-1074,0,-7,-1081,0,0,-107.4,Loss,9.7,202501025,,deusfund-sqx2
Closed position,922228190,USTEC,8,Buy,22503.2,22613.6,2025/07/02 17:00:15,2025/07/02 22:45:00,2025/07/02,2025/07/02,883.2,0,0,883.2,0,0,110.4,Win,5.75,5,,deusfund-sqx1
Closed position,922609205,XAUUSD,1,Buy,3358.07,3358.36,2025/07/02 22:55:25,2025/07/02 23:00:00,2025/07/02,2025/07/02,29,0,-7,22,0,0,2.9,Win,0.08,1007,,deusfund-sqx1
Closed position,922609232,XAUUSD,1,Buy,3358.07,3358.36,2025/07/02 22:55:25,2025/07/02 23:00:00,2025/07/02,2025/07/02,29,0,-7,22,0,0,2.9,Win,0.08,1006,,deusfund-sqx1
Closed position,922612655,XAUUSD,1,Buy,3358.83,3350.76,2025/07/02 22:56:57,2025/07/03 02:20:27,2025/07/02,2025/07/03,-807,-156.49,-7,-970.49,0,0,-80.7,Loss,3.39,202501022,,deusfund-sqx2
Closed position,922609250,XAUUSD,1,Buy,3358.07,3345.92,2025/07/02 22:55:25,2025/07/03 03:02:56,2025/07/02,2025/07/03,-1215,-156.49,-7,-1378.49,0,0,-121.5,Loss,4.13,202501023,,deusfund-sqx2
Closed position,921742446,BTCUSD,0.8,Buy,107580.38,109519.53,2025/07/02 11:20:11,2025/07/03 10:00:00,2025/07/02,2025/07/03,1551.32,-48.55,0,1502.77,0,0,1939.2,Win,22.66,1001,,deusfund-sqx1
Closed position,923581838,USTEC,5,Buy,22802.8,22860.3,2025/07/03 17:00:02,2025/07/03 19:47:37,2025/07/03,2025/07/03,287.5,0,0,287.5,0,0,57.5,Win,2.79,1,,deusfund-sqx1
Closed position,923515800,USTEC,16,Buy,22771.3,22850.8,2025/07/03 16:31:08,2025/07/03 19:51:41,2025/07/03,2025/07/03,1272,0,0,1272,0,0,79.5,Win,3.34,202501010,,deusfund-sqx2
Closed position,923734164,USTEC,8,Buy,22879.7,22850.9,2025/07/03 18:32:01,2025/07/03 19:51:41,2025/07/03,2025/07/03,-230.4,0,0,-230.4,0,0,-28.8,Loss,1.33,9,,deusfund-sqx1
Closed position,923516826,USTEC,8,Buy,22776.8,22843.9,2025/07/03 16:31:32,2025/07/03 19:52:23,2025/07/03,2025/07/03,536.8,0,0,536.8,0,0,67.1,Win,3.35,202501011,,deusfund-sqx2
Closed position,923915106,BTCUSD,0.8,Buy,109832.46,109825.88,2025/07/03 22:04:42,2025/07/04 01:00:00,2025/07/03,2025/07/04,-5.26,-48.88,0,-54.14,0,0,-6.6,Loss,2.92,1001,,deusfund-sqx1
Closed position,921542445,USDJPY,1,Buy,143.773,144.337,2025/07/02 08:21:02,2025/07/04 07:22:59,2025/07/02,2025/07/04,390.75,27.63,-7,411.38,0,0,56.4,Win,47.03,202501013,,deusfund-sqx2
Closed position,923515601,USTEC,8,Buy,22770.9,22770.2,2025/07/03 16:31:05,2025/07/04 10:17:03,2025/07/03,2025/07/04,-5.6,-46.14,0,-51.74,0,0,-0.7,Loss,17.77,202501005,,deusfund-sqx2
Closed position,923767043,GBPJPY,1,Buy,198.005,197.198,2025/07/03 19:05:20,2025/07/04 10:46:45,2025/07/03,2025/07/04,-559.05,8.88,-7,-557.17,0,0,-80.7,Loss,15.69,202501003,,deusfund-sqx2
Closed position,923370920,USTEC,5,Buy,22727.6,22730.2,2025/07/03 15:35:01,2025/07/04 19:00:00,2025/07/03,2025/07/04,13,-28.84,0,-15.84,0,0,2.6,Loss,27.42,2,,deusfund-sqx1
Closed position,923678377,GBPJPY,1,Buy,198.029,197.213,2025/07/03 17:50:56,2025/07/04 20:00:00,2025/07/03,2025/07/04,-564.68,8.88,-7,-562.80,0,0,-81.6,Loss,26.15,202501002,,deusfund-sqx2
Closed position,925431067,USDJPY,1,Buy,144.569,144.298,2025/07/07 02:24:17,2025/07/07 03:50:28,2025/07/07,2025/07/07,-187.81,0,-7,-194.81,0,0,-27.1,Loss,1.44,202501013,,deusfund-sqx2
Closed position,926648321,XAUUSD,1,Buy,3344.76,3332.24,2025/07/08 01:06:05,2025/07/08 03:25:09,2025/07/08,2025/07/08,-1252,0,-7,-1259,0,0,-125.2,Loss,2.32,202501021,,deusfund-sqx2
Closed position,926742495,USDJPY,1,Buy,146.182,145.887,2025/07/08 03:57:11,2025/07/08 07:42:04,2025/07/08,2025/07/08,-202.21,0,-7,-209.21,0,0,-29.5,Loss,3.75,202501013,,deusfund-sqx2
Closed position,925693351,USDJPY,1,Buy,145.117,146.671,2025/07/07 09:07:33,2025/07/09 11:40:59,2025/07/07,2025/07/09,1059.51,13.6,-7,1066.11,0,0,155.4,Win,50.56,202501014,,deusfund-sqx2
Closed position,927897743,USDJPY,1,Buy,146.926,146.615,2025/07/09 04:08:23,2025/07/09 11:42:47,2025/07/09,2025/07/09,-212.12,0,-7,-219.12,0,0,-31.1,Loss,7.57,202501013,,deusfund-sqx2
Closed position,926742487,USDJPY,1,Buy,146.182,146.5,2025/07/08 03:57:11,2025/07/09 15:57:11,2025/07/08,2025/07/09,217.06,6.79,-7,216.85,0,0,31.8,Win,36,2025010019,,deusfund-sqx2
Closed position,926005130,GBPJPY,1,Buy,197.944,199.064,2025/07/07 14:27:32,2025/07/09 16:47:41,2025/07/07,2025/07/09,764.41,17.59,-7,775.00,0,0,112.0,Win,50.34,202501003,,deusfund-sqx2
Closed position,926742491,USDJPY,1,Buy,146.182,146.34,2025/07/08 03:57:11,2025/07/09 17:08:41,2025/07/08,2025/07/09,107.97,6.79,-7,107.76,0,0,15.8,Win,37.19,202501020,,deusfund-sqx2
Closed position,928510379,USTEC,16,Buy,22813,22850.6,2025/07/09 16:31:00,2025/07/09 17:28:03,2025/07/09,2025/07/09,601.6,0,0,601.6,0,0,37.6,Win,0.95,202501010,,deusfund-sqx2
Closed position,928513420,USTEC,8,Buy,22823.6,22847.1,2025/07/09 16:32:09,2025/07/09 17:28:12,2025/07/09,2025/07/09,188,0,0,188,0,0,23.5,Win,0.93,202501011,,deusfund-sqx2
Closed position,928510901,USTEC,8,Buy,22820.9,22844.4,2025/07/09 16:31:11,2025/07/09 17:28:28,2025/07/09,2025/07/09,188,0,0,188,0,0,23.5,Win,0.95,7,,deusfund-sqx1
Closed position,928510900,USTEC,8,Buy,22820.9,22844.4,2025/07/09 16:31:11,2025/07/09 17:28:28,2025/07/09,2025/07/09,188,0,0,188,0,0,23.5,Win,0.95,8,,deusfund-sqx1
Closed position,928405259,BTCUSD,0.8,Buy,109324.03,108842.03,2025/07/09 15:09:55,2025/07/09 17:30:13,2025/07/09,2025/07/09,-385.6,0,0,-385.6,0,0,-482.0,Loss,2.34,1001,,deusfund-sqx1
Closed position,928527040,USTEC,8,Buy,22853.3,22802.7,2025/07/09 16:39:02,2025/07/09 17:31:23,2025/07/09,2025/07/09,-404.8,0,0,-404.8,0,0,-50.6,Loss,0.87,202501005,,deusfund-sqx2
Closed position,928754644,USTEC,8,Buy,22790.4,22847.6,2025/07/09 19:31:22,2025/07/09 22:45:00,2025/07/09,2025/07/09,457.6,0,0,457.6,0,0,57.2,Win,3.23,9,,deusfund-sqx1
Closed position,928853634,USTEC,16,Buy,22836.5,22847.6,2025/07/09 21:55:22,2025/07/09 22:45:00,2025/07/09,2025/07/09,177.6,0,0,177.6,0,0,11.1,Win,0.83,202501010,,deusfund-sqx2
Closed position,928855719,USTEC,8,Buy,22844,22847.6,2025/07/09 21:57:20,2025/07/09 22:45:00,2025/07/09,2025/07/09,28.8,0,0,28.8,0,0,3.6,Win,0.79,8,,deusfund-sqx1
Closed position,928855720,USTEC,8,Buy,22844,22847.6,2025/07/09 21:57:20,2025/07/09 22:45:00,2025/07/09,2025/07/09,28.8,0,0,28.8,0,0,3.6,Win,0.79,7,,deusfund-sqx1
Closed position,925693355,USDJPY,1,Buy,145.117,146.185,2025/07/07 09:07:33,2025/07/10 02:17:24,2025/07/07,2025/07/10,730.58,34,-7,757.58,0,0,106.8,Win,65.16,202501016,,deusfund-sqx2
Closed position,925693353,USDJPY,1,Buy,145.117,145.986,2025/07/07 09:07:33,2025/07/10 03:10:05,2025/07/07,2025/07/10,595.26,34,-7,622.26,0,0,86.9,Win,66.04,202501018,,deusfund-sqx2
Closed position,926017563,GBPJPY,1,Buy,198.006,198.537,2025/07/07 14:42:05,2025/07/10 03:23:50,2025/07/07,2025/07/10,363.92,43.97,-7,400.89,0,0,53.1,Win,60.7,202501002,,deusfund-sqx2
Closed position,930299367,XAUUSD,1,Buy,3330.37,3330.48,2025/07/11 03:31:01,2025/07/11 04:00:00,2025/07/11,2025/07/11,11,0,-7,4,0,0,1.1,Win,0.48,202501025,,deusfund-sqx2
Closed position,930494869,XAUUSD,1,Buy,3339.93,3333.2,2025/07/11 08:26:51,2025/07/11 11:54:01,2025/07/11,2025/07/11,-673,0,-7,-680,0,0,-67.3,Loss,3.45,202501026,,deusfund-sqx2
Closed position,930779742,XAUUSD,1,Buy,3345.93,3345,2025/07/11 13:27:02,2025/07/11 14:00:00,2025/07/11,2025/07/11,-93,0,-7,-100,0,0,-9.3,Loss,0.55,202501023,,deusfund-sqx2
Closed position,930779725,XAUUSD,1,Buy,3345.93,3345,2025/07/11 13:27:02,2025/07/11 14:00:00,2025/07/11,2025/07/11,-93,0,-7,-100,0,0,-9.3,Loss,0.55,202501027,,deusfund-sqx2
Closed position,930779736,XAUUSD,1,Buy,3345.93,3345,2025/07/11 13:27:02,2025/07/11 14:00:00,2025/07/11,2025/07/11,-93,0,-7,-100,0,0,-9.3,Loss,0.55,202501021,,deusfund-sqx2
Closed position,930779728,XAUUSD,1,Buy,3345.93,3347.61,2025/07/11 13:27:02,2025/07/11 15:00:00,2025/07/11,2025/07/11,168,0,-7,161,0,0,16.8,Win,1.55,1007,,deusfund-sqx1
Closed position,925693358,USDJPY,1,Buy,145.117,147.426,2025/07/07 09:07:33,2025/07/11 17:08:42,2025/07/07,2025/07/11,1566.21,40.8,-7,1600.01,0,0,230.9,Win,104.02,202501015,,deusfund-sqx2
Closed position,931156632,XAUUSD,1,Buy,3363.68,3361.12,2025/07/11 17:54:36,2025/07/11 18:00:00,2025/07/11,2025/07/11,-256,0,-7,-263,0,0,-25.6,Loss,0.09,1006,,deusfund-sqx1
Closed position,930880970,GBPJPY,1,Sell,198.44,199.048,2025/07/11 14:57:31,2025/07/11 20:00:00,2025/07/11,2025/07/11,-412.56,0,-7,-419.56,0,0,-60.8,Loss,5.04,202501002,,deusfund-sqx2
Closed position,931882963,USDJPY,1,Buy,147.445,147.112,2025/07/14 01:52:00,2025/07/14 03:07:40,2025/07/14,2025/07/14,-226.36,0,-7,-233.36,0,0,-33.3,Loss,1.26,202501018,,deusfund-sqx2
Closed position,931882964,USDJPY,1,Buy,147.445,146.987,2025/07/14 01:52:00,2025/07/14 03:53:39,2025/07/14,2025/07/14,-311.59,0,-7,-318.59,0,0,-45.8,Loss,2.03,202501016,,deusfund-sqx2
Closed position,931882962,USDJPY,1,Buy,147.445,146.97,2025/07/14 01:52:00,2025/07/14 03:58:45,2025/07/14,2025/07/14,-323.2,0,-7,-330.2,0,0,-47.5,Loss,2.11,202501020,,deusfund-sqx2
Closed position,930496975,XAUUSD,1,Buy,3341.51,3355.95,2025/07/11 08:28:01,2025/07/14 05:02:13,2025/07/11,2025/07/14,1444,-52.16,-7,1384.84,0,0,144.4,Win,68.57,202501022,,deusfund-sqx2
Closed position,930985167,XAUUSD,1,Buy,3358.35,3368.74,2025/07/11 16:19:54,2025/07/14 10:00:00,2025/07/11,2025/07/14,1039,-52.16,-7,979.84,0,0,103.9,Win,65.67,202501024,,deusfund-sqx2
Closed position,932234217,XAUUSD,1,Buy,3374.18,3371.98,2025/07/14 10:29:01,2025/07/14 11:00:00,2025/07/14,2025/07/14,-220,0,-7,-227,0,0,-22.0,Loss,0.52,202501025,,deusfund-sqx2
Closed position,932635575,USTEC,8,Buy,22757.8,22846.7,2025/07/14 17:07:07,2025/07/14 22:45:00,2025/07/14,2025/07/14,711.2,0,0,711.2,0,0,88.9,Win,5.63,5,,deusfund-sqx1
Closed position,932826651,USTEC,8,Buy,22850.5,22846.7,2025/07/14 19:09:51,2025/07/14 22:45:00,2025/07/14,2025/07/14,-30.4,0,0,-30.4,0,0,-3.8,Loss,3.59,9,,deusfund-sqx1
Closed position,932907850,USTEC,16,Buy,22884.3,22846.7,2025/07/14 20:36:23,2025/07/14 22:45:00,2025/07/14,2025/07/14,-601.6,0,0,-601.6,0,0,-37.6,Loss,2.14,202501010,,deusfund-sqx2
Closed position,932025128,BTCUSD,0.8,Buy,119603.8,118962.46,2025/07/14 05:23:30,2025/07/15 04:20:21,2025/07/14,2025/07/15,-513.07,-53.5,0,-566.57,0,0,-641.3,Loss,22.95,1001,,deusfund-sqx1
Closed position,933600997,USTEC,8,Buy,23006.2,22962.3,2025/07/15 13:31:37,2025/07/15 15:20:43,2025/07/15,2025/07/15,-351.2,0,0,-351.2,0,0,-43.9,Loss,1.82,202501005,,deusfund-sqx2
Closed position,934010818,USTEC,16,Buy,22987.1,22962.4,2025/07/15 17:06:46,2025/07/15 17:43:20,2025/07/15,2025/07/15,-395.2,0,0,-395.2,0,0,-24.7,Loss,0.61,202501010,,deusfund-sqx2
Closed position,933950468,USTEC,8,Buy,23003.2,22953.1,2025/07/15 16:45:40,2025/07/15 17:51:32,2025/07/15,2025/07/15,-400.8,0,0,-400.8,0,0,-50.1,Loss,1.1,202501011,,deusfund-sqx2
Closed position,934201545,USTEC,16,Buy,23002.7,22933.2,2025/07/15 18:48:40,2025/07/15 22:45:00,2025/07/15,2025/07/15,-1112,0,0,-1112,0,0,-69.5,Loss,3.94,202501010,,deusfund-sqx2
Closed position,933175034,USTEC,5,Buy,22900.9,22832.1,2025/07/15 04:45:00,2025/07/16 01:13:39,2025/07/15,2025/07/16,-344,-28.59,0,-372.59,0,0,-68.8,Loss,20.48,2,,deusfund-sqx1
Closed position,934499450,USDJPY,1,Buy,148.941,148.626,2025/07/16 02:03:38,2025/07/16 09:58:16,2025/07/16,2025/07/16,-211.94,0,-7,-218.94,0,0,-31.5,Loss,7.91,202501013,,deusfund-sqx2
Closed position,933061034,USDJPY,1,Buy,147.763,148.571,2025/07/15 01:14:14,2025/07/16 15:30:06,2025/07/15,2025/07/16,543.85,6.68,-7,543.53,0,0,80.8,Win,38.26,202501014,,deusfund-sqx2
Closed position,933882224,GBPJPY,1,Buy,199.185,198.842,2025/07/15 16:25:58,2025/07/16 17:35:20,2025/07/15,2025/07/16,-230.66,8.64,-7,-229.02,0,0,-34.3,Loss,25.16,202501003,,deusfund-sqx2
Closed position,931882961,USDJPY,1,Buy,147.445,148.399,2025/07/14 01:52:00,2025/07/16 17:54:28,2025/07/14,2025/07/16,642.86,13.42,-7,649.28,0,0,95.4,Win,64.04,2025010019,,deusfund-sqx2
Closed position,933061031,USDJPY,1,Buy,147.763,148.24,2025/07/15 01:14:14,2025/07/16 18:05:27,2025/07/15,2025/07/16,321.78,6.68,-7,321.46,0,0,47.7,Win,40.85,202501020,,deusfund-sqx2
Closed position,933061032,USDJPY,1,Buy,147.763,148.082,2025/07/15 01:14:14,2025/07/16 18:15:58,2025/07/15,2025/07/16,215.42,6.68,-7,215.10,0,0,31.9,Win,41.03,202501016,,deusfund-sqx2
Closed position,933061033,USDJPY,1,Buy,147.763,147.746,2025/07/15 01:14:14,2025/07/16 18:16:26,2025/07/15,2025/07/16,-11.51,6.68,-7,-11.83,0,0,-1.7,Loss,41.04,202501018,,deusfund-sqx2
Closed position,934025732,GBPJPY,1,Buy,199.389,198.344,2025/07/15 17:15:14,2025/07/16 18:16:34,2025/07/15,2025/07/16,-708.18,8.64,-7,-706.54,0,0,-104.5,Loss,25.02,202501002,,deusfund-sqx2
Closed position,935557491,XAUUSD,1,Buy,3375.22,3365.28,2025/07/16 18:30:29,2025/07/16 18:38:04,2025/07/16,2025/07/16,-994,0,-7,-1001,0,0,-99.4,Loss,0.13,202501022,,deusfund-sqx2
Closed position,935556659,XAUUSD,1,Buy,3375.42,3364.07,2025/07/16 18:30:27,2025/07/16 18:41:39,2025/07/16,2025/07/16,-1135,0,-7,-1142,0,0,-113.5,Loss,0.19,202501023,,deusfund-sqx2
Closed position,935556649,XAUUSD,1,Buy,3375.42,3364.07,2025/07/16 18:30:27,2025/07/16 18:41:39,2025/07/16,2025/07/16,-1135,0,-7,-1142,0,0,-113.5,Loss,0.19,1006,,deusfund-sqx1
Closed position,935556755,XAUUSD,1,Buy,3375.42,3363.22,2025/07/16 18:30:27,2025/07/16 18:42:06,2025/07/16,2025/07/16,-1220,0,-7,-1227,0,0,-122.0,Loss,0.19,202501024,,deusfund-sqx2
Closed position,935556724,XAUUSD,1,Buy,3375.42,3363.22,2025/07/16 18:30:27,2025/07/16 18:42:06,2025/07/16,2025/07/16,-1220,0,-7,-1227,0,0,-122.0,Loss,0.19,202501025,,deusfund-sqx2
Closed position,935556741,XAUUSD,1,Buy,3375.42,3362.29,2025/07/16 18:30:27,2025/07/16 18:42:07,2025/07/16,2025/07/16,-1313,0,-7,-1320,0,0,-131.3,Loss,0.19,202501027,,deusfund-sqx2
Closed position,935554109,XAUUSD,1,Buy,3372.57,3361.72,2025/07/16 18:30:21,2025/07/16 18:42:11,2025/07/16,2025/07/16,-1085,0,-7,-1092,0,0,-108.5,Loss,0.2,202501026,,deusfund-sqx2
Closed position,935556730,XAUUSD,1,Buy,3375.42,3361.94,2025/07/16 18:30:27,2025/07/16 18:42:11,2025/07/16,2025/07/16,-1348,0,-7,-1355,0,0,-134.8,Loss,0.2,202501021,,deusfund-sqx2
Closed position,935556733,XAUUSD,1,Buy,3375.42,3361.72,2025/07/16 18:30:27,2025/07/16 18:42:11,2025/07/16,2025/07/16,-1370,0,-7,-1377,0,0,-137.0,Loss,0.2,1007,,deusfund-sqx1
Closed position,935586913,USTEC,5,Sell,22678.9,22804.1,2025/07/16 18:36:38,2025/07/16 18:55:11,2025/07/16,2025/07/16,-626,0,0,-626,0,0,-125.2,Loss,0.31,1,,deusfund-sqx1
Closed position,936266458,USTEC,5,Buy,22945.2,22948,2025/07/17 09:06:37,2025/07/17 10:06:00,2025/07/17,2025/07/17,14,0,0,14,0,0,2.8,Win,0.99,1,,deusfund-sqx1
Closed position,936878038,USTEC,8,Buy,22982.8,23067.2,2025/07/17 16:52:23,2025/07/17 21:15:25,2025/07/17,2025/07/17,675.2,0,0,675.2,0,0,84.4,Win,4.38,9,,deusfund-sqx1
Closed position,936977145,USTEC,16,Buy,23024.9,23084.1,2025/07/17 17:49:13,2025/07/17 22:45:00,2025/07/17,2025/07/17,947.2,0,0,947.2,0,0,59.2,Win,4.93,202501010,,deusfund-sqx2
Closed position,936996422,USTEC,8,Buy,23045,23084.1,2025/07/17 18:04:31,2025/07/17 22:45:00,2025/07/17,2025/07/17,312.8,0,0,312.8,0,0,39.1,Win,4.67,202501011,,deusfund-sqx2
Closed position,937252453,BTCUSD,0.8,Buy,120020,119220.88,2025/07/18 00:06:14,2025/07/18 03:12:45,2025/07/18,2025/07/18,-639.3,0,0,-639.3,0,0,-799.1,Loss,3.11,1001,,deusfund-sqx1
Closed position,937791470,XAUUSD,1,Buy,3350.36,3351.45,2025/07/18 11:05:29,2025/07/18 17:15:36,2025/07/18,2025/07/18,109,0,-7,102,0,0,10.9,Win,6.17,202501026,,deusfund-sqx2
Closed position,935482992,GBPJPY,1,Sell,198.112,199.529,2025/07/16 18:16:40,2025/07/18 20:00:00,2025/07/16,2025/07/18,-952.98,-65.52,-7,-1025.50,0,0,-141.7,Loss,49.72,202501002,,deusfund-sqx2
Closed position,936691269,GBPJPY,1,Buy,199.527,199.524,2025/07/17 15:30:02,2025/07/18 20:00:00,2025/07/17,2025/07/18,-2.02,8.66,-7,-0.36,0,0,-0.3,Loss,28.5,202501003,,deusfund-sqx2
Closed position,939100296,BTCUSD,0.8,Buy,118550.25,118065.25,2025/07/20 17:02:02,2025/07/20 20:53:28,2025/07/20,2025/07/20,-388,0,0,-388,0,0,-485.0,Loss,3.86,1001,,deusfund-sqx1
Closed position,939516627,BTCUSD,0.8,Buy,118927.25,118347.75,2025/07/21 09:27:37,2025/07/21 14:48:25,2025/07/21,2025/07/21,-463.6,0,0,-463.6,0,0,-579.5,Loss,5.35,1001,,deusfund-sqx1
Closed position,939943783,XAUUSD,1,Buy,3377.57,3387.5,2025/07/21 15:18:42,2025/07/21 16:00:00,2025/07/21,2025/07/21,993,0,-7,986,0,0,99.3,Win,0.69,1007,,deusfund-sqx1
Closed position,939943771,XAUUSD,1,Buy,3377.57,3387.5,2025/07/21 15:18:42,2025/07/21 16:00:00,2025/07/21,2025/07/21,993,0,-7,986,0,0,99.3,Win,0.69,1006,,deusfund-sqx1
Closed position,939943755,XAUUSD,1,Buy,3377.57,3387.5,2025/07/21 15:18:42,2025/07/21 16:00:00,2025/07/21,2025/07/21,993,0,-7,986,0,0,99.3,Win,0.69,202501023,,deusfund-sqx2
Closed position,939943777,XAUUSD,1,Buy,3377.57,3387.5,2025/07/21 15:18:42,2025/07/21 16:00:00,2025/07/21,2025/07/21,993,0,-7,986,0,0,99.3,Win,0.69,202501025,,deusfund-sqx2
Closed position,939943769,XAUUSD,1,Buy,3377.57,3386.64,2025/07/21 15:18:42,2025/07/21 16:00:00,2025/07/21,2025/07/21,907,0,-7,900,0,0,90.7,Win,0.69,202501021,,deusfund-sqx2
Closed position,940115050,USTEC,16,Buy,23179.6,23219.2,2025/07/21 16:42:25,2025/07/21 18:07:49,2025/07/21,2025/07/21,633.6,0,0,633.6,0,0,39.6,Win,1.42,202501010,,deusfund-sqx2
Closed position,940108140,USTEC,8,Buy,23167.6,23214.2,2025/07/21 16:39:16,2025/07/21 19:00:22,2025/07/21,2025/07/21,372.8,0,0,372.8,0,0,46.6,Win,2.35,202501011,,deusfund-sqx2
Closed position,940115851,USTEC,5,Buy,23183.8,23207.7,2025/07/21 16:42:49,2025/07/21 19:09:32,2025/07/21,2025/07/21,119.5,0,0,119.5,0,0,23.9,Win,2.45,1,,deusfund-sqx1
Closed position,939943759,XAUUSD,1,Buy,3377.57,3393.34,2025/07/21 15:18:42,2025/07/21 21:00:00,2025/07/21,2025/07/21,1577,0,-7,1570,0,0,157.7,Win,5.69,202501027,,deusfund-sqx2
Closed position,940450866,USTEC,8,Buy,23230.2,23229.2,2025/07/21 19:45:06,2025/07/21 21:47:30,2025/07/21,2025/07/21,-8,0,0,-8,0,0,-1.0,Loss,2.04,9,,deusfund-sqx1
Closed position,940125369,USTEC,8,Buy,23212.7,23173.7,2025/07/21 16:46:01,2025/07/21 22:56:23,2025/07/21,2025/07/21,-312,0,0,-312,0,0,-39.0,Loss,6.17,202501005,,deusfund-sqx2
Closed position,939945263,XAUUSD,1,Buy,3378.68,3390.1,2025/07/21 15:18:59,2025/07/22 04:12:50,2025/07/21,2025/07/22,1142,-52.16,-7,1082.84,0,0,114.2,Win,12.9,202501022,,deusfund-sqx2
Closed position,939943789,XAUUSD,1,Buy,3377.57,3391.62,2025/07/21 15:18:42,2025/07/22 06:00:00,2025/07/21,2025/07/22,1405,-52.16,-7,1345.84,0,0,140.5,Win,14.69,202501024,,deusfund-sqx2
Closed position,941055130,USDJPY,1,Buy,147.923,147.567,2025/07/22 09:44:13,2025/07/22 12:00:13,2025/07/22,2025/07/22,-241.25,0,-7,-248.25,0,0,-35.6,Loss,2.27,202501013,,deusfund-sqx2
Closed position,931882972,USDJPY,1,Buy,147.445,146.702,2025/07/14 01:52:00,2025/07/22 16:21:03,2025/07/14,2025/07/22,-506.47,53.72,-7,-459.75,0,0,-74.3,Loss,206.48,202501015,,deusfund-sqx2
Closed position,941560393,GBPJPY,1,Sell,198.191,197.928,2025/07/22 15:45:06,2025/07/22 18:34:21,2025/07/22,2025/07/22,179.5,0,-7,172.5,0,0,26.3,Win,2.82,202501002,,deusfund-sqx2
Closed position,942276482,XAUUSD,0.4,Buy,3432.36,3423.22,2025/07/23 02:13:42,2025/07/23 04:09:52,2025/07/23,2025/07/23,-365.6,0,-2.8,-368.4,0,0,-91.4,Loss,1.94,6,,deusfund-sqx1
Closed position,942158772,BTCUSD,0.8,Buy,119853.75,118954.25,2025/07/22 21:53:30,2025/07/23 06:17:33,2025/07/22,2025/07/23,-719.6,-53.25,0,-772.85,0,0,-899.5,Loss,8.4,1001,,deusfund-sqx1
Closed position,942794071,XAUUSD,0.4,Buy,3432.26,3424.28,2025/07/23 12:19:20,2025/07/23 13:12:36,2025/07/23,2025/07/23,-319.2,0,-2.8,-322.0,0,0,-79.8,Loss,0.89,6,,deusfund-sqx1
Closed position,943592573,USTEC,5,Buy,23161.6,23236.7,2025/07/23 21:25:04,2025/07/24 03:04:07,2025/07/23,2025/07/24,375.5,-28.82,0,346.68,0,0,75.1,Win,5.65,1,,deusfund-sqx1
Closed position,943704138,GBPJPY,1,Buy,199.126,198.336,2025/07/24 00:53:39,2025/07/24 04:26:57,2025/07/24,2025/07/24,-541.11,0,-7,-548.11,0,0,-79.0,Loss,3.56,202501003,,deusfund-sqx2
Closed position,945152973,GBPJPY,1,Buy,199.011,198.209,2025/07/25 05:27:30,2025/07/25 09:10:30,2025/07/25,2025/07/25,-545.82,0,-7,-552.82,0,0,-80.2,Loss,3.72,202501003,,deusfund-sqx2
Closed position,945110492,GBPJPY,1,Buy,199.012,198.309,2025/07/25 04:18:06,2025/07/25 20:00:00,2025/07/25,2025/07/25,-475.77,0,-7,-482.77,0,0,-70.3,Loss,15.7,202501002,,deusfund-sqx2
Closed position,946071777,USTEC,8,Buy,23331.1,23287.2,2025/07/25 19:31:30,2025/07/25 20:20:30,2025/07/25,2025/07/25,-351.2,0,0,-351.2,0,0,-43.9,Loss,0.82,202501005,,deusfund-sqx2
Closed position,946071643,USTEC,8,Buy,23328.7,23289.7,2025/07/25 19:31:20,2025/07/25 22:45:00,2025/07/25,2025/07/25,-312,0,0,-312,0,0,-39.0,Loss,3.23,7,,deusfund-sqx1
Closed position,946071639,USTEC,8,Buy,23328.7,23289.7,2025/07/25 19:31:20,2025/07/25 22:45:00,2025/07/25,2025/07/25,-312,0,0,-312,0,0,-39.0,Loss,3.23,8,,deusfund-sqx1
Closed position,946571225,BTCUSD,0.8,Buy,118846,119546.38,2025/07/27 19:00:24,2025/07/28 02:00:00,2025/07/27,2025/07/28,560.3,0,0,560.3,0,0,700.4,Win,6.99,1001,,deusfund-sqx1
Closed position,946721391,USDJPY,1,Buy,147.87,147.536,2025/07/28 02:42:07,2025/07/28 04:02:58,2025/07/28,2025/07/28,-226.39,0,-7,-233.39,0,0,-33.4,Loss,1.35,202501013,,deusfund-sqx2
Closed position,946721387,USDJPY,1,Buy,147.87,147.536,2025/07/28 02:42:07,2025/07/28 04:02:58,2025/07/28,2025/07/28,-226.39,0,-7,-233.39,0,0,-33.4,Loss,1.35,202501018,,deusfund-sqx2
Closed position,947144337,GBPJPY,1,Buy,199.069,198.448,2025/07/28 12:13:38,2025/07/28 20:49:06,2025/07/28,2025/07/28,-418.1,0,-7,-425.1,0,0,-62.1,Loss,8.59,202501003,,deusfund-sqx2
Closed position,946721390,USDJPY,1,Buy,147.87,148.314,2025/07/28 02:42:07,2025/07/29 05:29:11,2025/07/28,2025/07/29,299.36,6.7,-7,299.06,0,0,44.4,Win,26.78,202501014,,deusfund-sqx2
Closed position,947959297,USDJPY,1,Buy,148.556,148.243,2025/07/29 02:19:29,2025/07/29 08:22:50,2025/07/29,2025/07/29,-211.14,0,-7,-218.14,0,0,-31.3,Loss,6.06,202501013,,deusfund-sqx2
Closed position,947959295,USDJPY,1,Buy,148.556,148.243,2025/07/29 02:19:29,2025/07/29 08:22:50,2025/07/29,2025/07/29,-211.14,0,-7,-218.14,0,0,-31.3,Loss,6.06,202501018,,deusfund-sqx2
Closed position,948739481,USTEC,8,Buy,23458.7,23458.3,2025/07/29 16:30:01,2025/07/29 16:49:27,2025/07/29,2025/07/29,-3.2,0,0,-3.2,0,0,-0.4,Loss,0.32,9,,deusfund-sqx1
Closed position,948740561,USTEC,16,Buy,23473.8,23451.9,2025/07/29 16:30:21,2025/07/29 16:49:29,2025/07/29,2025/07/29,-350.4,0,0,-350.4,0,0,-21.9,Loss,0.32,202501010,,deusfund-sqx2
Closed position,948739954,USTEC,8,Buy,23468.8,23448.9,2025/07/29 16:30:06,2025/07/29 16:49:31,2025/07/29,2025/07/29,-159.2,0,0,-159.2,0,0,-19.9,Loss,0.32,202501011,,deusfund-sqx2
Closed position,948319317,USTEC,8,Buy,23456.4,23421.2,2025/07/29 10:47:10,2025/07/29 16:50:47,2025/07/29,2025/07/29,-281.6,0,0,-281.6,0,0,-35.2,Loss,6.06,202501005,,deusfund-sqx2
Closed position,949092072,USTEC,8,Buy,23364.9,23322.6,2025/07/29 19:58:06,2025/07/29 20:51:02,2025/07/29,2025/07/29,-338.4,0,0,-338.4,0,0,-42.3,Loss,0.88,9,,deusfund-sqx1
Closed position,947959296,USDJPY,1,Buy,148.556,148.129,2025/07/29 02:19:29,2025/07/30 03:55:55,2025/07/29,2025/07/30,-288.26,6.7,-7,-288.56,0,0,-42.7,Loss,25.61,202501016,,deusfund-sqx2
Closed position,946721385,USDJPY,1,Buy,147.87,147.878,2025/07/28 02:42:07,2025/07/30 06:11:37,2025/07/28,2025/07/30,5.41,13.4,-7,11.81,0,0,0.8,Win,51.49,202501020,,deusfund-sqx2
Closed position,948161270,GBPJPY,1,Sell,197.877,197.85,2025/07/29 08:25:21,2025/07/30 10:25:07,2025/07/29,2025/07/30,18.24,-22.12,-7,-10.88,0,0,2.7,Loss,26,202501002,,deusfund-sqx2
Closed position,950457925,USTEC,5,Buy,23413.4,23385.7,2025/07/30 20:40:43,2025/07/30 21:41:06,2025/07/30,2025/07/30,-138.5,0,0,-138.5,0,0,-27.7,Loss,1.01,1,,deusfund-sqx1
Closed position,950369702,USTEC,8,Buy,23382,23381.7,2025/07/30 18:55:44,2025/07/30 21:41:17,2025/07/30,2025/07/30,-2.4,0,0,-2.4,0,0,-0.3,Loss,2.76,9,,deusfund-sqx1
Closed position,950267151,USTEC,8,Buy,23395,23338.6,2025/07/30 17:50:51,2025/07/30 21:55:36,2025/07/30,2025/07/30,-451.2,0,0,-451.2,0,0,-56.4,Loss,4.08,5,,deusfund-sqx1
Closed position,950929955,GBPJPY,1,Sell,197.594,197.495,2025/07/31 04:55:14,2025/07/31 07:39:08,2025/07/31,2025/07/31,66.48,0,-7,59.48,0,0,9.9,Win,2.73,202501002,,deusfund-sqx2
Closed position,951224694,USTEC,8,Buy,23710.1,23646.4,2025/07/31 10:46:49,2025/07/31 13:00:06,2025/07/31,2025/07/31,-509.6,0,0,-509.6,0,0,-63.7,Loss,2.22,202501005,,deusfund-sqx2
Closed position,946721388,USDJPY,1,Buy,147.87,150.238,2025/07/28 02:42:07,2025/07/31 15:48:24,2025/07/28,2025/07/31,1576.17,33.36,-7,1602.53,0,0,236.8,Win,85.1,202501015,,deusfund-sqx2
Closed position,951177477,BTCUSD,0.8,Buy,118859.75,118130.75,2025/07/31 10:15:24,2025/07/31 16:16:41,2025/07/31,2025/07/31,-583.2,0,0,-583.2,0,0,-729.0,Loss,6.02,1001,,deusfund-sqx1
Closed position,951211866,USDJPY,1,Buy,149.537,150.415,2025/07/31 10:43:18,2025/08/01 08:54:33,2025/07/31,2025/08/01,583.72,6.6,-7,583.32,0,0,87.8,Win,22.19,202501014,,deusfund-sqx2
Closed position,951928883,GBPJPY,1,Buy,199.111,198.577,2025/07/31 19:00:25,2025/08/01 10:53:24,2025/07/31,2025/08/01,-354.66,10.06,-7,-351.60,0,0,-53.4,Loss,15.88,202501003,,deusfund-sqx2
Closed position,952297543,GBPJPY,1,Buy,199.284,198.131,2025/08/01 04:04:39,2025/08/01 12:14:50,2025/08/01,2025/08/01,-766,0,-7,-773,203.231,198.131,-115.3,Loss,8.17,202501002,,deusfund-sqx2
Closed position,951211870,USDJPY,1,Buy,149.537,150.093,2025/07/31 10:43:18,2025/08/01 15:30:01,2025/07/31,2025/08/01,370.44,6.6,-7,370.04,0,0,55.6,Win,28.78,202501013,,deusfund-sqx2
Closed position,951211824,USDJPY,1,Buy,149.537,149.733,2025/07/31 10:43:18,2025/08/01 15:31:10,2025/07/31,2025/08/01,130.9,6.6,-7,130.5,0,0,19.6,Win,28.8,202501018,,deusfund-sqx2
Closed position,951211849,USDJPY,1,Buy,149.537,149.706,2025/07/31 10:43:18,2025/08/01 15:31:12,2025/07/31,2025/08/01,112.89,6.6,-7,112.49,0,0,16.9,Win,28.8,202501016,,deusfund-sqx2
Closed position,951602811,USDJPY,1,Buy,150.193,149.423,2025/07/31 16:00:01,2025/08/01 15:32:40,2025/07/31,2025/08/01,-515.32,6.6,-7,-515.72,0,0,-77.0,Loss,23.54,202501015,,deusfund-sqx2
Closed position,952976859,XAUUSD,1,Buy,3334.39,3341.43,2025/08/01 15:37:29,2025/08/01 16:00:00,2025/08/01,2025/08/01,704,0,-7,697,0,3321.07,70.4,Win,0.38,1007,,deusfund-sqx1
Closed position,952976845,XAUUSD,1,Buy,3334.39,3340.3,2025/08/01 15:37:29,2025/08/01 16:00:12,2025/08/01,2025/08/01,591,0,-7,584,0,3320.93,59.1,Win,0.38,202501021,,deusfund-sqx2
Closed position,953205917,USTEC,5,Sell,22743.6,22857.9,2025/08/01 16:49:38,2025/08/01 17:30:01,2025/08/01,2025/08/01,-571.5,0,0,-571.5,22402.31,22858,-114.3,Loss,0.67,2,,deusfund-sqx1
Closed position,952976918,XAUUSD,1,Buy,3334.39,3348.64,2025/08/01 15:37:29,2025/08/01 19:00:00,2025/08/01,2025/08/01,1425,0,-7,1418,3454.19,3322.9,142.5,Win,3.38,1006,,deusfund-sqx1
Closed position,952928470,XAUUSD,1,Buy,3314.84,3347.34,2025/08/01 15:31:02,2025/08/01 20:00:00,2025/08/01,2025/08/01,3250,0,-7,3243,3434.15,3303.56,325.0,Win,4.48,202501023,,deusfund-sqx2
Closed position,953485075,USTEC,8,Buy,22914.9,22763.5,2025/08/01 19:26:17,2025/08/01 22:45:00,2025/08/01,2025/08/01,-1211.2,0,0,-1211.2,0,20624.35,-151.4,Loss,3.31,5,,deusfund-sqx1
Closed position,952976898,XAUUSD,1,Buy,3334.39,3362.4,2025/08/01 15:37:29,2025/08/04 01:02:16,2025/08/01,2025/08/04,2801,-52.16,-7,2741.84,0,3322.98,280.1,Win,57.41,202501025,,deusfund-sqx2
Closed position,952973096,XAUUSD,1,Buy,3332.14,3352.67,2025/08/01 15:37:04,2025/08/04 03:41:15,2025/08/01,2025/08/04,2053,-52.16,-7,1993.84,0,3321.92,205.3,Win,60.07,202501026,,deusfund-sqx2
Closed position,952982507,XAUUSD,1,Buy,3335.22,3346.27,2025/08/01 15:38:45,2025/08/04 04:24:20,2025/08/01,2025/08/04,1105,-52.16,-7,1045.84,0,3324.6,110.5,Win,60.76,202501022,,deusfund-sqx2
Closed position,954057563,BTCUSD,0.8,Buy,114048.88,114699.88,2025/08/03 14:10:30,2025/08/04 05:00:03,2025/08/03,2025/08/04,520.8,0,0,520.8,0,113363.21,651.0,Win,14.83,1001,,deusfund-sqx1
Closed position,953003334,XAUUSD,1,Buy,3340.85,3357.58,2025/08/01 15:44:10,2025/08/04 09:00:00,2025/08/01,2025/08/04,1673,-52.16,-7,1613.84,3641.48,3327.89,167.3,Win,65.26,202501027,,deusfund-sqx2
Closed position,953077719,XAUUSD,1,Buy,3345.26,3356.01,2025/08/01 16:05:23,2025/08/04 11:00:00,2025/08/01,2025/08/04,1075,-52.16,-7,1015.84,3465.77,3334.55,107.5,Win,66.91,202501024,,deusfund-sqx2
Closed position,955018807,USTEC,8,Buy,22995.3,23082.9,2025/08/04 16:30:14,2025/08/04 17:55:12,2025/08/04,2025/08/04,700.8,0,0,700.8,0,20693.54,87.6,Win,1.42,9,,deusfund-sqx1
Closed position,955262520,USTEC,8,Buy,23129.4,23149.8,2025/08/04 18:56:06,2025/08/04 22:45:00,2025/08/04,2025/08/04,163.2,0,0,163.2,0,20816.48,20.4,Win,3.82,9,,deusfund-sqx1
Closed position,955293866,USTEC,8,Buy,23156.2,23150,2025/08/04 19:23:32,2025/08/04 22:45:00,2025/08/04,2025/08/04,-49.6,0,0,-49.6,0,22460.83,-6.2,Loss,3.36,202501011,,deusfund-sqx2
Closed position,955322491,USTEC,16,Buy,23158.7,23150,2025/08/04 19:53:48,2025/08/04 22:45:00,2025/08/04,2025/08/04,-139.2,0,0,-139.2,24548.02,22695.34,-8.7,Loss,2.85,202501010,,deusfund-sqx2
Closed position,955271590,GBPJPY,1,Sell,195.366,195.397,2025/08/04 19:04:08,2025/08/04 23:40:00,2025/08/04,2025/08/04,-21.08,0,-7,-28.08,186.184,198.101,-3.1,Loss,4.6,202501002,,deusfund-sqx2
Closed position,956581511,XAUUSD,1,Buy,3385.5,3385.37,2025/08/05 17:51:19,2025/08/05 18:00:00,2025/08/05,2025/08/05,-13,0,-7,-20,3507.38,3374.45,-1.3,Loss,0.14,1006,,deusfund-sqx1
Closed position,956581473,XAUUSD,1,Buy,3385.5,3385.37,2025/08/05 17:51:19,2025/08/05 18:00:00,2025/08/05,2025/08/05,-13,0,-7,-20,3507.38,3374.45,-1.3,Loss,0.14,202501023,,deusfund-sqx2
Closed position,956581672,XAUUSD,1,Buy,3385.5,3389.63,2025/08/05 17:51:19,2025/08/05 19:00:00,2025/08/05,2025/08/05,413,0,-7,406,0,3373.48,41.3,Win,1.14,1007,,deusfund-sqx1
Closed position,956553478,XAUUSD,1,Buy,3383.67,3383.8,2025/08/05 17:40:06,2025/08/05 19:17:04,2025/08/05,2025/08/05,13,0,-7,6,0,3373.07,1.3,Win,1.62,202501026,,deusfund-sqx2
Closed position,956581653,XAUUSD,1,Buy,3385.5,3383.5,2025/08/05 17:51:19,2025/08/06 04:00:00,2025/08/05,2025/08/06,-200,-52.16,-7,-259.16,0,3374.06,-20,Loss,10.14,202501025,,deusfund-sqx2
Closed position,956587968,XAUUSD,1,Buy,3386.18,3375.93,2025/08/05 17:54:18,2025/08/06 04:52:52,2025/08/05,2025/08/06,-1025,-52.16,-7,-1084.16,0,3376.04,-102.5,Loss,10.98,202501022,,deusfund-sqx2
Closed position,956581459,XAUUSD,1,Buy,3385.5,3374.46,2025/08/05 17:51:19,2025/08/06 04:55:45,2025/08/05,2025/08/06,-1104,-52.16,-7,-1163.16,3507.38,3374.45,-110.4,Loss,11.07,202501024,,deusfund-sqx2
Closed position,956992071,USDJPY,1,Buy,147.701,147.338,2025/08/06 04:02:37,2025/08/06 06:57:01,2025/08/06,2025/08/06,-246.37,0,-7,-253.37,149.768,147.34,-36.3,Loss,2.91,202501013,,deusfund-sqx2
Closed position,956992067,USDJPY,1,Buy,147.701,147.338,2025/08/06 04:02:37,2025/08/06 06:57:01,2025/08/06,2025/08/06,-246.37,0,-7,-253.37,150.359,147.34,-36.3,Loss,2.91,202501018,,deusfund-sqx2
Closed position,956992068,USDJPY,1,Buy,147.701,147.392,2025/08/06 04:02:37,2025/08/06 16:00:44,2025/08/06,2025/08/06,-209.65,0,-7,-216.65,150.211,146.223,-30.9,Loss,11.97,202501014,,deusfund-sqx2
Closed position,956992069,USDJPY,1,Buy,147.701,147.235,2025/08/06 04:02:37,2025/08/06 18:13:44,2025/08/06,2025/08/06,-316.5,0,-7,-323.5,149.472,146.518,-46.6,Loss,14.19,2025010019,,deusfund-sqx2
Closed position,957685434,USTEC,8,Buy,23115.6,23310.5,2025/08/06 17:00:50,2025/08/06 22:45:00,2025/08/06,2025/08/06,1559.2,0,0,1559.2,0,20803.98,194.9,Win,5.74,5,,deusfund-sqx1
Closed position,957761733,USTEC,8,Buy,23146.7,23310.5,2025/08/06 17:45:02,2025/08/06 22:45:00,2025/08/06,2025/08/06,1310.4,0,0,1310.4,0,20832.04,163.8,Win,5,9,,deusfund-sqx1
Closed position,957867304,USTEC,16,Buy,23265.1,23310.5,2025/08/06 18:52:05,2025/08/06 22:45:00,2025/08/06,2025/08/06,726.4,0,0,726.4,24660.12,22798.97,45.4,Win,3.88,202501010,,deusfund-sqx2
Closed position,957881092,USTEC,8,Buy,23267.9,23310.5,2025/08/06 19:03:58,2025/08/06 22:45:00,2025/08/06,2025/08/06,340.8,0,0,340.8,0,22569.53,42.6,Win,3.68,202501011,,deusfund-sqx2
Closed position,957838981,BTCUSD,0.8,Buy,115389.5,114801,2025/08/06 18:36:31,2025/08/07 04:55:32,2025/08/06,2025/08/07,-470.8,-51.17,0,-521.97,0,114805.33,-588.5,Loss,10.32,1001,,deusfund-sqx1
Closed position,958322669,XAUUSD,1,Buy,3383.67,3374.02,2025/08/07 05:11:06,2025/08/07 08:37:09,2025/08/07,2025/08/07,-965,0,-7,-972,0,3374.12,-96.5,Loss,3.43,202501026,,deusfund-sqx2
Closed position,956992066,USDJPY,1,Buy,147.701,146.962,2025/08/06 04:02:37,2025/08/07 09:45:02,2025/08/06,2025/08/07,-502.85,20.25,-7,-489.60,150.063,146.962,-73.9,Loss,29.71,202501015,,deusfund-sqx2
Closed position,958590359,XAUUSD,1,Buy,3390.63,3396.52,2025/08/07 10:25:03,2025/08/07 11:00:00,2025/08/07,2025/08/07,589,0,-7,582,0,3379.3,58.9,Win,0.58,1007,,deusfund-sqx1
Closed position,958592058,XAUUSD,1,Buy,3391.16,3382.75,2025/08/07 10:25:38,2025/08/07 11:07:26,2025/08/07,2025/08/07,-841,0,-7,-848,0,3381.68,-84.1,Loss,0.7,202501022,,deusfund-sqx2
Closed position,958590354,XAUUSD,1,Buy,3390.63,3379.77,2025/08/07 10:25:03,2025/08/07 11:16:05,2025/08/07,2025/08/07,-1086,0,-7,-1093,3512.54,3379.95,-108.6,Loss,0.85,202501024,,deusfund-sqx2
Closed position,958590319,XAUUSD,1,Buy,3390.63,3379.96,2025/08/07 10:25:03,2025/08/07 11:16:05,2025/08/07,2025/08/07,-1067,0,-7,-1074,0,3379.98,-106.7,Loss,0.85,202501025,,deusfund-sqx2
Closed position,958590346,XAUUSD,1,Buy,3390.63,3379.72,2025/08/07 10:25:03,2025/08/07 11:16:06,2025/08/07,2025/08/07,-1091,0,-7,-1098,3695.62,3379.75,-109.1,Loss,0.85,202501027,,deusfund-sqx2
Closed position,958590302,XAUUSD,1,Buy,3390.63,3379.56,2025/08/07 10:25:03,2025/08/07 11:16:29,2025/08/07,2025/08/07,-1107,0,-7,-1114,3512.54,3379.56,-110.7,Loss,0.86,202501023,,deusfund-sqx2
Closed position,958590262,XAUUSD,1,Buy,3390.63,3379.56,2025/08/07 10:25:03,2025/08/07 11:16:29,2025/08/07,2025/08/07,-1107,0,-7,-1114,3512.54,3379.56,-110.7,Loss,0.86,1006,,deusfund-sqx1
Closed position,959124449,USTEC,8,Buy,23527.6,23493.3,2025/08/07 16:40:04,2025/08/07 17:10:09,2025/08/07,2025/08/07,-274.4,0,0,-274.4,0,21174.72,-34.3,Loss,0.5,9,,deusfund-sqx1
Closed position,959101664,USTEC,8,Buy,23495.2,23484.3,2025/08/07 16:31:41,2025/08/07 17:10:12,2025/08/07,2025/08/07,-87.2,0,0,-87.2,0,22789.48,-10.9,Loss,0.64,202501011,,deusfund-sqx2
Closed position,958683739,USTEC,8,Buy,23432.3,23390.6,2025/08/07 11:10:13,2025/08/07 18:28:06,2025/08/07,2025/08/07,-333.6,0,0,-333.6,23783.68,23373.5,-41.7,Loss,7.3,202501005,,deusfund-sqx2
Closed position,959172974,USTEC,16,Buy,23548.4,23334.1,2025/08/07 16:57:41,2025/08/07 22:45:00,2025/08/07,2025/08/07,-3428.8,0,0,-3428.8,24959.8,23076.04,-214.3,Loss,5.79,202501010,,deusfund-sqx2
Closed position,959242736,USTEC,8,Buy,23507.5,23334.1,2025/08/07 17:17:13,2025/08/07 22:45:00,2025/08/07,2025/08/07,-1387.2,0,0,-1387.2,0,22801.99,-173.4,Loss,5.46,202501011,,deusfund-sqx2
Closed position,959620372,USTEC,8,Buy,23290.8,23333.5,2025/08/07 21:53:27,2025/08/07 22:45:00,2025/08/07,2025/08/07,341.6,0,0,341.6,0,20960.16,42.7,Win,0.86,9,,deusfund-sqx1
Closed position,961024084,USTEC,5,Buy,23595.3,23576.2,2025/08/08 17:33:30,2025/08/08 19:00:00,2025/08/08,2025/08/08,-95.5,0,0,-95.5,23712.91,23476.97,-19.1,Loss,1.44,1,,deusfund-sqx1
Closed position,957045841,GBPJPY,1,Buy,196.478,198.661,2025/08/06 05:13:40,2025/08/08 20:00:01,2025/08/06,2025/08/08,1477.68,28.78,-7,1499.46,200.426,195.326,218.3,Win,62.77,202501002,,deusfund-sqx2
Closed position,959330356,GBPJPY,1,Buy,197.705,198.661,2025/08/07 18:00:02,2025/08/08 20:00:01,2025/08/07,2025/08/08,647.12,7.2,-7,647.32,203.037,196.899,95.6,Win,26,202501003,,deusfund-sqx2
Closed position,961144007,USTEC,8,Buy,23594.3,23581.7,2025/08/08 19:16:45,2025/08/08 22:45:00,2025/08/08,2025/08/08,-100.8,0,0,-100.8,0,21234.65,-12.6,Loss,3.47,9,,deusfund-sqx1
Closed position,961464452,BTCUSD,0.8,Buy,117727.75,117169.13,2025/08/09 13:14:51,2025/08/09 14:36:12,2025/08/09,2025/08/09,-446.9,0,0,-446.9,0,117167.78,-558.6,Loss,1.36,1001,,deusfund-sqx1
Closed position,961760119,XAUUSD,1,Buy,3405.1,3392.69,2025/08/11 01:02:07,2025/08/11 01:11:31,2025/08/11,2025/08/11,-1241,0,-7,-1248,0,3392.88,-124.1,Loss,0.16,202501026,,deusfund-sqx2
Closed position,963074081,USDJPY,1,Buy,148.23,148.235,2025/08/12 01:43:19,2025/08/12 15:30:01,2025/08/12,2025/08/12,3.37,0,-7,-3.63,150.748,146.746,0.5,Loss,13.78,202501014,,deusfund-sqx2
Closed position,963074079,USDJPY,1,Buy,148.23,147.949,2025/08/12 01:43:19,2025/08/12 15:30:09,2025/08/12,2025/08/12,-189.93,0,-7,-196.93,150.896,147.956,-28.1,Loss,13.78,202501018,,deusfund-sqx2
Closed position,963074083,USDJPY,1,Buy,148.23,147.949,2025/08/12 01:43:19,2025/08/12 15:30:09,2025/08/12,2025/08/12,-189.93,0,-7,-196.93,150.303,147.956,-28.1,Loss,13.78,202501013,,deusfund-sqx2
Closed position,963074074,USDJPY,1,Buy,148.23,147.836,2025/08/12 01:43:19,2025/08/12 15:30:12,2025/08/12,2025/08/12,-266.51,0,-7,-273.51,150.748,147.853,-39.4,Loss,13.78,202501016,,deusfund-sqx2
Closed position,963074071,USDJPY,1,Buy,148.23,147.83,2025/08/12 01:43:19,2025/08/12 15:30:12,2025/08/12,2025/08/12,-270.58,0,-7,-277.58,151.193,147.836,-40,Loss,13.78,202501020,,deusfund-sqx2
Closed position,964045399,USTEC,8,Buy,23674.7,23816.5,2025/08/12 17:52:14,2025/08/12 22:45:00,2025/08/12,2025/08/12,1134.4,0,0,1134.4,0,21306.83,141.8,Win,4.88,9,,deusfund-sqx1
Closed position,964075085,USTEC,8,Buy,23716.9,23816.5,2025/08/12 18:10:18,2025/08/12 22:45:00,2025/08/12,2025/08/12,796.8,0,0,796.8,0,23613.67,99.6,Win,4.58,8,,deusfund-sqx1
Closed position,964075084,USTEC,8,Buy,23716.9,23816.5,2025/08/12 18:10:18,2025/08/12 22:45:00,2025/08/12,2025/08/12,796.8,0,0,796.8,0,23613.67,99.6,Win,4.58,7,,deusfund-sqx1
Closed position,964076345,USTEC,8,Buy,23730.7,23816.5,2025/08/12 18:10:57,2025/08/12 22:45:00,2025/08/12,2025/08/12,686.4,0,0,686.4,0,23019.26,85.8,Win,4.57,202501011,,deusfund-sqx2
Closed position,964076564,USTEC,16,Buy,23733.6,23816.5,2025/08/12 18:11:05,2025/08/12 22:45:00,2025/08/12,2025/08/12,1326.4,0,0,1326.4,25157.11,23258.46,82.9,Win,4.57,202501010,,deusfund-sqx2
Closed position,964401895,BTCUSD,0.8,Buy,120312.25,119670.88,2025/08/13 02:51:20,2025/08/13 03:57:01,2025/08/13,2025/08/13,-513.1,0,0,-513.1,0,119625.33,-641.4,Loss,1.09,1001,,deusfund-sqx1
Closed position,963074077,USDJPY,1,Buy,148.23,147.487,2025/08/12 01:43:19,2025/08/13 10:24:59,2025/08/12,2025/08/13,-503.77,6.73,-7,-504.04,150.6,147.487,-74.3,Loss,32.69,202501015,,deusfund-sqx2
Closed position,964088093,USTEC,8,Buy,23761.2,23886.8,2025/08/12 18:19:21,2025/08/13 11:00:00,2025/08/12,2025/08/13,1004.8,-47.36,0,957.44,24117.11,23712.23,125.6,Win,16.68,202501005,,deusfund-sqx2
Closed position,964662994,XAUUSD,1,Buy,3359.25,3354.38,2025/08/13 10:13:13,2025/08/13 11:00:00,2025/08/13,2025/08/13,-487,0,-7,-494,3480.1,3346.1,-48.7,Loss,0.78,202501023,,deusfund-sqx2
Closed position,964611122,XAUUSD,1,Buy,3355.73,3356.26,2025/08/13 09:16:52,2025/08/13 15:30:46,2025/08/13,2025/08/13,53,0,-7,46,0,3343.7,5.3,Win,6.23,202501026,,deusfund-sqx2
Closed position,965030051,USTEC,8,Buy,23947.5,23816.4,2025/08/13 16:30:01,2025/08/13 22:45:00,2025/08/13,2025/08/13,-1048.8,0,0,-1048.8,0,21551.05,-131.1,Loss,6.25,9,,deusfund-sqx1
Closed position,961757908,GBPJPY,1,Buy,198.774,199.415,2025/08/11 01:00:26,2025/08/14 03:17:45,2025/08/11,2025/08/14,436.71,35.91,-7,465.62,204.138,197.971,64.1,Win,74.29,202501003,,deusfund-sqx2
Closed position,965550346,XAUUSD,1,Buy,3370.84,3369.48,2025/08/14 03:23:34,2025/08/14 04:00:00,2025/08/14,2025/08/14,-136,0,-7,-143,0,3357.8,-13.6,Loss,0.61,1007,,deusfund-sqx1
Closed position,961757907,GBPJPY,1,Buy,198.774,198.993,2025/08/11 01:00:26,2025/08/14 04:18:28,2025/08/11,2025/08/14,149.58,35.91,-7,178.49,202.721,197.621,21.9,Win,75.3,202501002,,deusfund-sqx2
Closed position,965550382,XAUUSD,1,Buy,3370.84,3358.45,2025/08/14 03:23:34,2025/08/14 06:16:50,2025/08/14,2025/08/14,-1239,0,-7,-1246,0,3358.67,-123.9,Loss,2.89,202501025,,deusfund-sqx2
Closed position,966218440,USTEC,5,Sell,23731.8,23849.5,2025/08/14 15:34:08,2025/08/14 16:51:19,2025/08/14,2025/08/14,-588.5,0,0,-588.5,23613.07,23850.39,-117.7,Loss,1.29,1,,deusfund-sqx1
Closed position,968255378,BTCUSD,0.8,Buy,118006,117589.5,2025/08/18 01:34:00,2025/08/18 02:26:02,2025/08/18,2025/08/18,-333.2,0,0,-333.2,0,117599.57,-416.5,Loss,0.87,1001,,deusfund-sqx1
Closed position,968847166,GBPJPY,1,Buy,200.116,199.413,2025/08/18 15:58:59,2025/08/19 04:43:45,2025/08/18,2025/08/19,-475.81,7.25,-7,-475.56,205.521,199.318,-70.3,Loss,12.75,202501003,,deusfund-sqx2
Closed position,969301503,USDJPY,1,Buy,147.943,147.638,2025/08/19 02:09:53,2025/08/19 04:45:27,2025/08/19,2025/08/19,-206.59,0,-7,-213.59,150.605,147.641,-30.5,Loss,2.59,202501018,,deusfund-sqx2
Closed position,968847165,GBPJPY,1,Buy,200.116,198.994,2025/08/18 15:58:59,2025/08/19 20:04:31,2025/08/18,2025/08/19,-760.47,7.25,-7,-760.22,204.068,198.968,-112.2,Loss,28.09,202501002,,deusfund-sqx2
Closed position,969301500,USDJPY,1,Buy,147.943,147.509,2025/08/19 02:09:53,2025/08/19 20:11:17,2025/08/19,2025/08/19,-294.22,0,-7,-301.22,150.901,147.509,-43.4,Loss,18.02,202501020,,deusfund-sqx2
Closed position,970121823,USTEC,5,Sell,23475.5,23358.1,2025/08/19 17:48:56,2025/08/19 22:01:16,2025/08/19,2025/08/19,587,0,0,587,23359.29,23594.05,117.4,Win,4.21,1,,deusfund-sqx1
Closed position,968239969,USDJPY,1,Buy,147.241,147.286,2025/08/18 01:00:19,2025/08/20 09:12:10,2025/08/18,2025/08/20,30.55,12.31,-7,35.86,149.3,146.931,4.5,Win,56.2,202501013,,deusfund-sqx2
Closed position,969301501,USDJPY,1,Buy,147.943,147.198,2025/08/19 02:09:53,2025/08/20 09:16:50,2025/08/19,2025/08/20,-506.12,6.16,-7,-506.96,150.309,147.202,-74.5,Loss,31.12,202501015,,deusfund-sqx2
Closed position,971309559,USTEC,5,Sell,22966,23082.9,2025/08/20 17:46:33,2025/08/20 18:18:01,2025/08/20,2025/08/20,-584.5,0,0,-584.5,22852,23081.66,-116.9,Loss,0.52,1,,deusfund-sqx1
Closed position,971199443,USTEC,5,Sell,23104.3,23181.6,2025/08/20 16:53:42,2025/08/20 18:38:00,2025/08/20,2025/08/20,-386.5,0,0,-386.5,22756.87,23177.99,-77.3,Loss,1.74,2,,deusfund-sqx1
Closed position,971449354,USTEC,8,Buy,23172.9,23256.6,2025/08/20 19:17:27,2025/08/20 22:45:00,2025/08/20,2025/08/20,669.6,0,0,669.6,0,20855.31,83.7,Win,3.46,5,,deusfund-sqx1
Closed position,971013997,GBPJPY,1,Sell,198.73,198.214,2025/08/20 15:03:50,2025/08/20 22:54:03,2025/08/20,2025/08/20,350.27,0,-7,343.27,189.393,201.515,51.6,Win,7.84,202501002,,deusfund-sqx2
Closed position,971643248,XAUUSD,1,Buy,3351.98,3342.72,2025/08/21 01:05:35,2025/08/21 03:25:53,2025/08/21,2025/08/21,-926,0,-7,-933,0,3342.71,-92.6,Loss,2.34,202501025,,deusfund-sqx2
Closed position,972454278,USTEC,8,Buy,23241.4,23137.8,2025/08/21 17:23:56,2025/08/21 22:45:00,2025/08/21,2025/08/21,-828.8,0,0,-828.8,0,20917.05,-103.6,Loss,5.35,5,,deusfund-sqx1
Closed position,969301502,USDJPY,1,Buy,147.943,148.347,2025/08/19 02:09:53,2025/08/22 17:00:02,2025/08/19,2025/08/22,272.33,30.81,-7,296.14,150.457,146.463,40.4,Win,86.84,202501014,,deusfund-sqx2
Closed position,969301504,USDJPY,1,Buy,147.943,148.118,2025/08/19 02:09:53,2025/08/22 17:00:04,2025/08/19,2025/08/22,118.15,30.81,-7,141.96,149.717,146.758,17.5,Win,86.84,2025010019,,deusfund-sqx2
Closed position,971912019,USDJPY,1,Buy,147.588,148.14,2025/08/21 10:00:43,2025/08/22 17:00:04,2025/08/21,2025/08/22,372.62,6.13,-7,371.75,149.654,147.277,55.2,Win,30.99,202501013,,deusfund-sqx2
Closed position,973540691,USTEC,5,Buy,23256,23381,2025/08/22 16:45:12,2025/08/22 17:00:40,2025/08/22,2025/08/22,625,0,0,625,23372.95,23140.39,125,Win,0.26,1,,deusfund-sqx1
Closed position,973464419,GBPJPY,1,Buy,199.477,198.673,2025/08/22 16:05:30,2025/08/22 17:10:58,2025/08/22,2025/08/22,-545.86,0,-7,-552.86,204.863,198.677,-80.4,Loss,1.09,202501003,,deusfund-sqx2
Closed position,973229960,GBPJPY,1,Buy,199.427,198.358,2025/08/22 12:22:14,2025/08/22 17:19:28,2025/08/22,2025/08/22,-727.99,0,-7,-734.99,203.377,198.277,-106.9,Loss,4.95,202501002,,deusfund-sqx2
Closed position,973584625,USTEC,16,Buy,23351.35,23445.2,2025/08/22 17:00:09,2025/08/22 17:22:19,2025/08/22,2025/08/22,1501.6,0,0,1501.6,24752.7,22884.57,93.8,Win,0.37,202501010,,deusfund-sqx2
Closed position,973584107,USTEC,8,Buy,23344.4,23434.8,2025/08/22 17:00:09,2025/08/22 17:22:36,2025/08/22,2025/08/22,723.2,0,0,723.2,0,23252.39,90.4,Win,0.37,7,,deusfund-sqx1
Closed position,973584109,USTEC,8,Buy,23344.4,23434.8,2025/08/22 17:00:09,2025/08/22 17:22:36,2025/08/22,2025/08/22,723.2,0,0,723.2,0,23252.39,90.4,Win,0.37,8,,deusfund-sqx1
Closed position,973584124,USTEC,8,Buy,23344.4,23427.7,2025/08/22 17:00:09,2025/08/22 17:22:57,2025/08/22,2025/08/22,666.4,0,0,666.4,0,22635.33,83.3,Win,0.38,202501011,,deusfund-sqx2
Closed position,973622368,XAUUSD,1,Buy,3352.38,3373.37,2025/08/22 17:02:42,2025/08/22 18:00:25,2025/08/22,2025/08/22,2099,0,-7,2092,0,3343.44,209.9,Win,0.96,202501021,,deusfund-sqx2
Closed position,973622277,XAUUSD,1,Buy,3352.38,3368.06,2025/08/22 17:02:42,2025/08/22 19:00:00,2025/08/22,2025/08/22,1568,0,-7,1561,0,3342.97,156.8,Win,1.96,1007,,deusfund-sqx1
Closed position,973575521,USTEC,8,Buy,23246.6,23480.7,2025/08/22 17:00:04,2025/08/22 22:45:00,2025/08/22,2025/08/22,1872.8,0,0,1872.8,0,20918.95,234.1,Win,5.75,5,,deusfund-sqx1
Closed position,973834041,USTEC,8,Buy,23569.9,23480.7,2025/08/22 18:03:21,2025/08/22 22:45:00,2025/08/22,2025/08/22,-713.6,0,0,-713.6,0,21212.96,-89.2,Loss,4.69,9,,deusfund-sqx1
Closed position,973648421,BTCUSD,0.8,Buy,114789,114985.25,2025/08/22 17:06:44,2025/08/24 01:00:00,2025/08/22,2025/08/24,157,-155.86,0,1.14,0,114174.41,196.2,Win,31.89,1001,,deusfund-sqx1
Closed position,973607768,XAUUSD,1,Buy,3349.96,3366.73,2025/08/22 17:01:13,2025/08/25 01:37:15,2025/08/22,2025/08/25,1677,-52.78,-7,1617.22,0,3342.07,167.7,Win,56.6,202501026,,deusfund-sqx2
Closed position,973622294,XAUUSD,1,Buy,3352.38,3367.3,2025/08/22 17:02:42,2025/08/25 02:00:00,2025/08/22,2025/08/25,1492,-52.78,-7,1432.22,3653.99,3344.05,149.2,Win,56.96,202501027,,deusfund-sqx2
Closed position,973622358,XAUUSD,1,Buy,3352.38,3364.47,2025/08/22 17:02:42,2025/08/25 06:00:00,2025/08/22,2025/08/25,1209,-52.78,-7,1149.22,3472.96,3343.54,120.9,Win,60.96,202501024,,deusfund-sqx2
Closed position,973609945,USTEC,8,Buy,23427.1,23452.2,2025/08/22 17:01:20,2025/08/25 10:00:00,2025/08/22,2025/08/25,200.8,-138.94,0,61.86,23775.77,23354.77,25.1,Win,64.98,202501005,,deusfund-sqx2
Closed position,973622599,XAUUSD,1,Buy,3352.78,3362.52,2025/08/22 17:02:43,2025/08/25 16:07:31,2025/08/22,2025/08/25,974,-52.78,-7,914.22,0,3345.15,97.4,Win,71.08,202501022,,deusfund-sqx2
Closed position,973622274,XAUUSD,1,Buy,3352.38,3370.95,2025/08/22 17:02:42,2025/08/25 17:00:00,2025/08/22,2025/08/25,1857,-52.78,-7,1797.22,3472.96,3343.14,185.7,Win,71.96,1006,,deusfund-sqx1
Closed position,973622308,XAUUSD,1,Buy,3352.38,3373.89,2025/08/22 17:02:42,2025/08/25 20:00:01,2025/08/22,2025/08/25,2151,-52.78,-7,2091.22,3472.96,3343.14,215.1,Win,74.96,202501023,,deusfund-sqx2
Closed position,975795525,USDJPY,1,Buy,147.825,147.467,2025/08/26 02:29:48,2025/08/26 03:03:52,2025/08/26,2025/08/26,-242.77,0,-7,-249.77,150.485,147.507,-35.8,Loss,0.57,202501018,,deusfund-sqx2
Closed position,975795527,USDJPY,1,Buy,147.825,147.467,2025/08/26 02:29:48,2025/08/26 03:03:52,2025/08/26,2025/08/26,-242.77,0,-7,-249.77,149.894,147.507,-35.8,Loss,0.57,202501013,,deusfund-sqx2
Closed position,975795526,USDJPY,1,Buy,147.825,147.084,2025/08/26 02:29:48,2025/08/26 03:35:22,2025/08/26,2025/08/26,-503.79,0,-7,-510.79,150.189,147.085,-74.1,Loss,1.09,202501015,,deusfund-sqx2
Closed position,975909977,XAUUSD,1,Buy,3378.88,3383.31,2025/08/26 03:23:00,2025/08/26 04:00:00,2025/08/26,2025/08/26,443,0,-7,436,3500.44,3370.19,44.3,Win,0.62,1006,,deusfund-sqx1
Closed position,975909922,XAUUSD,1,Buy,3378.88,3382.65,2025/08/26 03:23:00,2025/08/26 04:00:00,2025/08/26,2025/08/26,377,0,-7,370,0,3369.04,37.7,Win,0.62,202501021,,deusfund-sqx2
Closed position,975909966,XAUUSD,1,Buy,3378.88,3383.31,2025/08/26 03:23:00,2025/08/26 04:00:00,2025/08/26,2025/08/26,443,0,-7,436,3500.44,3370.19,44.3,Win,0.62,202501023,,deusfund-sqx2
Closed position,975909965,XAUUSD,1,Buy,3378.88,3375.44,2025/08/26 03:23:00,2025/08/26 06:00:00,2025/08/26,2025/08/26,-344,0,-7,-351,0,3370,-34.4,Loss,2.62,1007,,deusfund-sqx1
Closed position,816345038,USTEC,8,Buy,18155.3,23382.9,2025/04/22 17:04:54,2025/08/26 06:00:01,2025/04/22,2025/08/26,41820.8,-5635.34,0,36185.46,0,18055.06,5227.6,Win,3012.92,202501007,,deusfund-sqx2
Closed position,975910764,XAUUSD,1,Buy,3379.58,3371.78,2025/08/26 03:23:03,2025/08/26 06:05:58,2025/08/26,2025/08/26,-780,0,-7,-787,0,3371.83,-78.0,Loss,2.72,202501022,,deusfund-sqx2
Closed position,975909865,XAUUSD,1,Buy,3378.88,3369.67,2025/08/26 03:23:00,2025/08/26 10:18:29,2025/08/26,2025/08/26,-921,0,-7,-928,0,3369.57,-92.1,Loss,6.92,202501025,,deusfund-sqx2
Closed position,977361879,XAUUSD,1,Buy,3393.6,3384.01,2025/08/27 03:19:42,2025/08/27 04:39:19,2025/08/27,2025/08/27,-959,0,-7,-966,0,3384.03,-95.9,Loss,1.33,202501025,,deusfund-sqx2
Closed position,977034026,XAUUSD,1,Buy,3383.17,3383.6,2025/08/26 18:25:52,2025/08/27 04:40:15,2025/08/26,2025/08/27,43,-52.78,-7,-16.78,0,3374.28,4.3,Loss,10.24,202501026,,deusfund-sqx2
Closed position,975795529,USDJPY,1,Buy,147.825,147.757,2025/08/26 02:29:48,2025/08/27 18:04:31,2025/08/26,2025/08/27,-46.02,6.17,-7,-46.85,150.337,146.346,-6.8,Loss,39.58,202501014,,deusfund-sqx2
Closed position,977381388,USDJPY,1,Buy,147.586,147.518,2025/08/27 04:00:01,2025/08/27 19:35:44,2025/08/27,2025/08/27,-46.1,0,-7,-53.1,149.652,147.259,-6.8,Loss,15.6,202501013,,deusfund-sqx2
Closed position,977461053,USDJPY,1,Buy,147.825,147.493,2025/08/27 06:30:40,2025/08/27 19:40:11,2025/08/27,2025/08/27,-225.1,0,-7,-232.1,150.485,147.497,-33.2,Loss,13.16,202501018,,deusfund-sqx2
Closed position,978244174,XAUUSD,1,Buy,3394.07,3395.6,2025/08/27 19:34:40,2025/08/27 20:00:00,2025/08/27,2025/08/27,153,0,-7,146,0,3383.77,15.3,Win,0.42,1007,,deusfund-sqx1
Closed position,978426572,USTEC,8,Buy,23603.1,23448.1,2025/08/27 23:20:29,2025/08/27 23:21:00,2025/08/27,2025/08/27,-1240,0,0,-1240,0,23519.57,-155.0,Loss,0.01,202501007,,deusfund-sqx2
Closed position,978247595,XAUUSD,1,Buy,3395.11,3387.48,2025/08/27 19:35:38,2025/08/28 04:33:38,2025/08/27,2025/08/28,-763,-158.35,-7,-928.35,0,3386.63,-76.3,Loss,8.97,202501022,,deusfund-sqx2
Closed position,978244094,XAUUSD,1,Buy,3394.07,3385.73,2025/08/27 19:34:40,2025/08/28 05:00:00,2025/08/27,2025/08/28,-834,-158.35,-7,-999.35,3699.71,3384.39,-83.4,Loss,9.42,202501027,,deusfund-sqx2
Closed position,977461058,USDJPY,1,Buy,147.825,147.085,2025/08/27 06:30:40,2025/08/28 06:55:17,2025/08/27,2025/08/28,-503.11,18.51,-7,-491.60,150.189,147.085,-74.0,Loss,24.41,202501015,,deusfund-sqx2
Closed position,978831756,XAUUSD,1,Buy,3396.96,3397.04,2025/08/28 10:14:26,2025/08/28 15:59:57,2025/08/28,2025/08/28,8,0,-7,1,0,3389.04,0.8,Win,5.76,202501026,,deusfund-sqx2
Closed position,979266985,USTEC,8,Buy,23603.8,23602.3,2025/08/28 16:30:17,2025/08/28 16:49:47,2025/08/28,2025/08/28,-12,0,0,-12,0,21240.79,-1.5,Loss,0.32,9,,deusfund-sqx1
Closed position,979270219,USTEC,8,Buy,23660.3,23601,2025/08/28 16:31:05,2025/08/28 16:49:58,2025/08/28,2025/08/28,-474.4,0,0,-474.4,24015.81,23601.21,-59.3,Loss,0.31,202501005,,deusfund-sqx2
Closed position,979268604,USTEC,16,Buy,23632.2,23597.4,2025/08/28 16:30:43,2025/08/28 16:50:11,2025/08/28,2025/08/28,-556.8,0,0,-556.8,25046.28,23156,-34.8,Loss,0.32,202501010,,deusfund-sqx2
Closed position,979299736,USTEC,8,Buy,23647.7,23574.5,2025/08/28 16:45:02,2025/08/28 16:50:30,2025/08/28,2025/08/28,-585.6,0,0,-585.6,0,23575.89,-73.2,Loss,0.09,7,,deusfund-sqx1
Closed position,979299729,USTEC,8,Buy,23647.7,23574.5,2025/08/28 16:45:02,2025/08/28 16:50:30,2025/08/28,2025/08/28,-585.6,0,0,-585.6,0,23575.89,-73.2,Loss,0.09,8,,deusfund-sqx1
Closed position,978915948,XAUUSD,1,Buy,3399.33,3407.46,2025/08/28 11:37:48,2025/08/28 17:00:01,2025/08/28,2025/08/28,813,0,-7,806,3521.72,3390.35,81.3,Win,5.37,1006,,deusfund-sqx1
Closed position,979452415,USTEC,16,Buy,23664.4,23615.3,2025/08/28 17:55:08,2025/08/28 18:26:30,2025/08/28,2025/08/28,-785.6,0,0,-785.6,25084.34,23191.18,-49.1,Loss,0.52,202501010,,deusfund-sqx2
Closed position,979439807,USTEC,8,Buy,23655.9,23608.1,2025/08/28 17:47:32,2025/08/28 18:29:01,2025/08/28,2025/08/28,-382.4,0,0,-382.4,0,23560.27,-47.8,Loss,0.69,7,,deusfund-sqx1
Closed position,979439806,USTEC,8,Buy,23655.9,23608.1,2025/08/28 17:47:32,2025/08/28 18:29:01,2025/08/28,2025/08/28,-382.4,0,0,-382.4,0,23560.27,-47.8,Loss,0.69,8,,deusfund-sqx1
Closed position,978916038,XAUUSD,1,Buy,3399.33,3418.03,2025/08/28 11:37:48,2025/08/28 21:00:01,2025/08/28,2025/08/28,1870,0,-7,1863,3521.72,3390.35,187.0,Win,9.37,202501023,,deusfund-sqx2
Closed position,979422709,USTEC,8,Buy,23625.4,23726,2025/08/28 17:40:21,2025/08/28 22:45:00,2025/08/28,2025/08/28,804.8,0,0,804.8,0,21262.52,100.6,Win,5.08,5,,deusfund-sqx1
Closed position,979552268,USTEC,8,Buy,23661.2,23726,2025/08/28 19:14:30,2025/08/28 22:45:00,2025/08/28,2025/08/28,518.4,0,0,518.4,0,23556.72,64.8,Win,3.51,8,,deusfund-sqx1
Closed position,979552779,USTEC,16,Buy,23668.7,23726,2025/08/28 19:14:51,2025/08/28 22:45:00,2025/08/28,2025/08/28,916.8,0,0,916.8,25088.53,23195.05,57.3,Win,3.5,202501010,,deusfund-sqx2
Closed position,979269437,USTEC,8,Buy,23645.3,23725.8,2025/08/28 16:30:56,2025/08/28 22:45:01,2025/08/28,2025/08/28,644,0,0,644,0,22934.64,80.5,Win,6.23,202501011,,deusfund-sqx2
Closed position,979423192,USTEC,8,Buy,23633.2,23725.8,2025/08/28 17:40:31,2025/08/28 22:45:01,2025/08/28,2025/08/28,740.8,0,0,740.8,0,21268.33,92.6,Win,5.08,9,,deusfund-sqx1
Closed position,978461227,GBPJPY,1,Buy,199.126,198.32,2025/08/28 00:16:01,2025/08/29 00:15:04,2025/08/28,2025/08/29,-548.97,7.3,-7,-548.67,204.498,198.322,-80.6,Loss,23.98,202501003,,deusfund-sqx2
Closed position,978916063,XAUUSD,1,Buy,3399.33,3418.19,2025/08/28 11:37:48,2025/08/29 01:02:16,2025/08/28,2025/08/29,1886,-52.78,-7,1826.22,0,3390.38,188.6,Win,13.41,202501025,,deusfund-sqx2
Closed position,979268346,USTEC,8,Buy,23624.7,23673.8,2025/08/28 16:30:41,2025/08/29 01:47:41,2025/08/28,2025/08/29,392.8,-47.54,0,345.26,0,23472.89,49.1,Win,9.28,202501007,,deusfund-sqx2
Closed position,978915990,XAUUSD,1,Buy,3399.33,3410.82,2025/08/28 11:37:48,2025/08/29 07:00:00,2025/08/28,2025/08/29,1149,-52.78,-7,1089.22,3521.72,3390.55,114.9,Win,19.37,202501024,,deusfund-sqx2
Closed position,978629550,GBPJPY,1,Buy,199.122,197.961,2025/08/28 05:22:45,2025/08/29 12:51:35,2025/08/28,2025/08/29,-789.49,7.3,-7,-789.19,203.072,197.972,-116.1,Loss,31.48,202501002,,deusfund-sqx2
Closed position,979746415,GBPJPY,1,Sell,198.318,198.214,2025/08/29 00:22:23,2025/08/29 13:56:18,2025/08/29,2025/08/29,70.63,0,-7,63.63,188.998,201.095,10.4,Win,13.57,202501002,,deusfund-sqx2
Closed position,980521492,XAUUSD,1,Buy,3423.32,3429.06,2025/08/29 16:38:22,2025/08/29 17:00:00,2025/08/29,2025/08/29,574,0,-7,567,3731.27,3414.63,57.4,Win,0.36,202501027,,deusfund-sqx2
Closed position,980521566,XAUUSD,1,Buy,3423.32,3429.06,2025/08/29 16:38:22,2025/08/29 17:00:00,2025/08/29,2025/08/29,574,0,-7,567,0,3414.33,57.4,Win,0.36,202501025,,deusfund-sqx2
Closed position,980521546,XAUUSD,1,Buy,3423.32,3429.06,2025/08/29 16:38:22,2025/08/29 17:00:00,2025/08/29,2025/08/29,574,0,-7,567,0,3414.05,57.4,Win,0.36,1007,,deusfund-sqx1
Closed position,980515391,XAUUSD,0.4,Buy,3422.21,3445.66,2025/08/29 16:36:07,2025/08/29 18:16:46,2025/08/29,2025/08/29,938,0,-2.8,935.2,3445.56,3414.01,234.5,Win,1.68,6,,deusfund-sqx1
Closed position,980522267,XAUUSD,1,Buy,3424.29,3439.56,2025/08/29 16:38:23,2025/09/01 04:11:58,2025/08/29,2025/09/01,1527,-53.75,-7,1466.25,0,3415.98,152.7,Win,59.56,202501022,,deusfund-sqx2
Closed position,981501462,USDJPY,1,Buy,147.322,147.035,2025/09/01 04:20:01,2025/09/01 05:28:21,2025/09/01,2025/09/01,-195.19,0,-7,-202.19,149.974,147.041,-28.7,Loss,1.14,202501018,,deusfund-sqx2
Closed position,981501467,USDJPY,1,Buy,147.322,147.035,2025/09/01 04:20:01,2025/09/01 05:28:21,2025/09/01,2025/09/01,-195.19,0,-7,-202.19,149.385,147.041,-28.7,Loss,1.14,202501013,,deusfund-sqx2
Closed position,981541471,XAUUSD,0.4,Buy,3452.61,3476.06,2025/09/01 04:58:22,2025/09/01 05:43:23,2025/09/01,2025/09/01,938,0,-2.8,935.2,3476.1,3444.55,234.5,Win,0.75,6,,deusfund-sqx1
Closed position,981835615,XAUUSD,0.4,Buy,3483.81,3475.26,2025/09/01 09:16:52,2025/09/01 10:12:17,2025/09/01,2025/09/01,-342,0,-2.8,-344.8,3507.22,3475.67,-85.5,Loss,0.92,6,,deusfund-sqx1
Closed position,981542716,XAUUSD,1,Buy,3455.13,3476.94,2025/09/01 04:58:32,2025/09/01 12:00:00,2025/09/01,2025/09/01,2181,0,-7,2174,0,3444.71,218.1,Win,7.02,202501025,,deusfund-sqx2
Closed position,982806748,XAUUSD,0.4,Buy,3483.8,3507.33,2025/09/02 03:29:15,2025/09/02 04:47:14,2025/09/02,2025/09/02,941.2,0,-2.8,938.4,3507.22,3475.67,235.3,Win,1.3,6,,deusfund-sqx1
Closed position,981548693,GBPJPY,1,Buy,199.033,199.5,2025/09/01 05:00:08,2025/09/02 10:23:42,2025/09/01,2025/09/02,314.98,7.28,-7,315.26,204.406,198.232,46.7,Win,29.39,202501003,,deusfund-sqx2
Closed position,982860909,XAUUSD,1,Buy,3489.95,3479.18,2025/09/02 04:16:33,2025/09/02 10:50:20,2025/09/02,2025/09/02,-1077,0,-7,-1084,0,3479.68,-107.7,Loss,6.56,202501025,,deusfund-sqx2
Closed position,981469170,GBPJPY,1,Buy,199.02,199.243,2025/09/01 03:41:04,2025/09/02 10:52:46,2025/09/01,2025/09/02,150.09,7.28,-7,150.37,202.966,197.866,22.3,Win,31.2,202501002,,deusfund-sqx2
Closed position,982987278,BTCUSD,0.8,Buy,109933.13,109275.5,2025/09/02 05:51:32,2025/09/02 15:38:22,2025/09/02,2025/09/02,-526.1,0,0,-526.1,0,109277.67,-657.6,Loss,9.78,1001,,deusfund-sqx1
Closed position,982793841,USDJPY,1,Buy,147.297,148.22,2025/09/02 03:11:14,2025/09/02 17:05:14,2025/09/02,2025/09/02,622.72,0,-7,615.72,149.354,147.077,92.3,Win,13.9,202501013,,deusfund-sqx2
Closed position,981501466,USDJPY,1,Buy,147.322,148.134,2025/09/01 04:20:01,2025/09/02 17:07:31,2025/09/01,2025/09/02,548.15,6.17,-7,547.32,149.826,145.849,81.2,Win,36.79,202501014,,deusfund-sqx2
Closed position,982798805,USDJPY,1,Buy,147.328,148.018,2025/09/02 03:17:31,2025/09/02 17:19:27,2025/09/02,2025/09/02,466.16,0,-7,459.16,150.268,147.013,69.0,Win,14.03,202501020,,deusfund-sqx2
Closed position,981501460,USDJPY,1,Buy,147.322,147.995,2025/09/01 04:20:01,2025/09/02 17:24:27,2025/09/01,2025/09/02,454.75,6.17,-7,453.92,149.09,146.143,67.3,Win,37.07,2025010019,,deusfund-sqx2
Closed position,984207309,XAUUSD,1,Buy,3508.82,3511.25,2025/09/02 17:44:44,2025/09/02 18:00:00,2025/09/02,2025/09/02,243,0,-7,236,3635.04,3497.79,24.3,Win,0.25,1006,,deusfund-sqx1
Closed position,984207217,XAUUSD,1,Buy,3508.82,3520.5,2025/09/02 17:44:44,2025/09/02 19:00:00,2025/09/02,2025/09/02,1168,0,-7,1161,0,3494.54,116.8,Win,1.25,1007,,deusfund-sqx1
Closed position,984106309,XAUUSD,0.4,Buy,3498.37,3521.35,2025/09/02 17:08:40,2025/09/02 19:00:19,2025/09/02,2025/09/02,919.2,0,-2.8,916.4,3521.36,3489.81,229.8,Win,1.86,6,,deusfund-sqx1
Closed position,983605925,USTEC,5,Sell,23197.2,23289.9,2025/09/02 13:31:40,2025/09/02 23:09:01,2025/09/02,2025/09/02,-463.5,0,0,-463.5,22849.24,23289.41,-92.7,Loss,9.62,2,,deusfund-sqx1
Closed position,984207297,XAUUSD,1,Buy,3508.82,3529.74,2025/09/02 17:44:44,2025/09/03 03:00:00,2025/09/02,2025/09/03,2092,-55.18,-7,2029.82,3824.52,3495.73,209.2,Win,9.25,202501027,,deusfund-sqx2
Closed position,984207324,XAUUSD,1,Buy,3508.82,3529.74,2025/09/02 17:44:44,2025/09/03 03:00:00,2025/09/02,2025/09/03,2092,-55.18,-7,2029.82,3635.04,3497.79,209.2,Win,9.25,202501023,,deusfund-sqx2
Closed position,984893882,USDJPY,1,Buy,148.822,148.513,2025/09/03 04:20:13,2025/09/03 08:24:38,2025/09/03,2025/09/03,-208.06,0,-7,-215.06,151.354,147.336,-30.9,Loss,4.07,202501014,,deusfund-sqx2
Closed position,984875036,XAUUSD,0.4,Buy,3537.04,3528.84,2025/09/03 04:00:13,2025/09/03 08:55:29,2025/09/03,2025/09/03,-328,0,-2.8,-330.8,3560.56,3529.01,-82.0,Loss,4.92,6,,deusfund-sqx1
Closed position,984893883,USDJPY,1,Buy,148.822,148.473,2025/09/03 04:20:13,2025/09/03 12:45:33,2025/09/03,2025/09/03,-235.06,0,-7,-242.06,150.908,148.473,-34.9,Loss,8.42,202501013,,deusfund-sqx2
Closed position,984893881,USDJPY,1,Buy,148.822,148.309,2025/09/03 04:20:13,2025/09/03 17:00:04,2025/09/03,2025/09/03,-345.9,0,-7,-352.9,151.8,148.319,-51.3,Loss,12.66,202501020,,deusfund-sqx2
Closed position,985260426,XAUUSD,0.4,Buy,3538.91,3562.29,2025/09/03 11:06:11,2025/09/03 17:23:52,2025/09/03,2025/09/03,935.2,0,-2.8,932.4,3562.31,3530.76,233.8,Win,6.29,6,,deusfund-sqx1
Closed position,985783552,USTEC,8,Buy,23413.4,23413.1,2025/09/03 17:07:58,2025/09/03 18:23:19,2025/09/03,2025/09/03,-2.4,0,0,-2.4,0,21071.58,-0.3,Loss,1.26,9,,deusfund-sqx1
Closed position,982793839,USDJPY,1,Buy,147.297,147.925,2025/09/02 03:11:14,2025/09/03 19:21:25,2025/09/02,2025/09/03,424.54,6.14,-7,423.68,149.943,147.077,62.8,Win,40.17,202501018,,deusfund-sqx2
Closed position,983243333,USDJPY,1,Buy,148.154,147.925,2025/09/02 10:12:11,2025/09/03 19:21:25,2025/09/02,2025/09/03,-154.81,6.14,-7,-155.67,150.66,147.847,-22.9,Loss,33.15,202501016,,deusfund-sqx2
Closed position,985869190,USTEC,5,Buy,23476.4,23355.2,2025/09/03 17:48:20,2025/09/03 19:40:33,2025/09/03,2025/09/03,-606,0,0,-606,23592.2,23357.46,-121.2,Loss,1.87,1,,deusfund-sqx1
Closed position,985870128,USTEC,8,Buy,23479.4,23305.2,2025/09/03 17:49:08,2025/09/03 20:45:43,2025/09/03,2025/09/03,-1393.6,0,0,-1393.6,0,23304.23,-174.2,Loss,2.94,202501007,,deusfund-sqx2
Closed position,985993581,USTEC,8,Buy,23414.9,23355.8,2025/09/03 19:21:14,2025/09/03 22:45:00,2025/09/03,2025/09/03,-472.8,0,0,-472.8,0,21072.93,-59.1,Loss,3.4,9,,deusfund-sqx1
Closed position,987714649,USTEC,16,Buy,23559.9,23595.1,2025/09/04 20:53:56,2025/09/04 22:45:00,2025/09/04,2025/09/04,563.2,0,0,563.2,24971.24,23086.61,35.2,Win,1.85,202501010,,deusfund-sqx2
Closed position,987766302,USTEC,8,Buy,23585.3,23595.1,2025/09/04 22:12:07,2025/09/04 22:45:00,2025/09/04,2025/09/04,78.4,0,0,78.4,0,22877.61,9.8,Win,0.55,202501011,,deusfund-sqx2
Closed position,987713054,USTEC,5,Buy,23549.5,23667.9,2025/09/04 20:51:43,2025/09/05 01:01:51,2025/09/04,2025/09/05,592,-29.63,0,562.37,23667.62,23432.12,118.4,Win,4.17,1,,deusfund-sqx1
Closed position,987790242,USTEC,8,Buy,23618,23735,2025/09/04 22:55:06,2025/09/05 15:00:00,2025/09/04,2025/09/05,936,-47.41,0,888.59,23971.56,23547.58,117,Win,16.08,202501005,,deusfund-sqx2
Closed position,987664135,USTEC,8,Buy,23520.5,23707.5,2025/09/04 19:50:45,2025/09/05 15:30:10,2025/09/04,2025/09/05,1496,-47.41,0,1448.59,0,23401.63,187.0,Win,19.66,202501007,,deusfund-sqx2
Closed position,988321227,GBPJPY,1,Buy,199.739,199.066,2025/09/05 12:56:12,2025/09/05 15:30:31,2025/09/05,2025/09/05,-456.88,0,-7,-463.88,205.13,198.937,-67.3,Loss,2.57,202501003,,deusfund-sqx2
Closed position,988506381,XAUUSD,1,Buy,3578.52,3580.92,2025/09/05 15:32:35,2025/09/05 16:00:00,2025/09/05,2025/09/05,240,0,-7,233,0,3561.95,24.0,Win,0.46,1007,,deusfund-sqx1
Closed position,987789609,USTEC,5,Buy,23610.9,23836.1,2025/09/04 22:54:40,2025/09/05 16:00:01,2025/09/04,2025/09/05,1126,-29.63,0,1096.37,23965.21,23540.21,225.2,Win,17.09,2,,deusfund-sqx1
Closed position,988494311,XAUUSD,1,Buy,3574.25,3574.26,2025/09/05 15:31:00,2025/09/05 16:06:36,2025/09/05,2025/09/05,1,0,-7,-6,0,3561.39,0.1,Loss,0.59,202501026,,deusfund-sqx2
Closed position,988506363,XAUUSD,1,Buy,3578.52,3594.25,2025/09/05 15:32:35,2025/09/05 17:00:00,2025/09/05,2025/09/05,1573,0,-7,1566,3707.34,3565.19,157.3,Win,1.46,202501024,,deusfund-sqx2
Closed position,988571596,USTEC,8,Buy,23817.7,23780.6,2025/09/05 15:51:38,2025/09/05 17:00:27,2025/09/05,2025/09/05,-296.8,0,0,-296.8,24175.27,23782.04,-37.1,Loss,1.15,202501005,,deusfund-sqx2
Closed position,988494315,XAUUSD,0.4,Buy,3574.25,3597.82,2025/09/05 15:31:00,2025/09/05 17:06:17,2025/09/05,2025/09/05,942.8,0,-2.8,940.0,3597.96,3566.41,235.7,Win,1.59,6,,deusfund-sqx1
Closed position,988170404,BTCUSD,0.8,Buy,112312.38,111695.38,2025/09/05 10:05:43,2025/09/05 17:18:15,2025/09/05,2025/09/05,-493.6,0,0,-493.6,0,111667.76,-617.0,Loss,7.21,1001,,deusfund-sqx1
Closed position,988509398,XAUUSD,1,Buy,3580.75,3574.22,2025/09/05 15:33:08,2025/09/05 17:39:31,2025/09/05,2025/09/05,-653,0,-7,-660,0,3567.2,-65.3,Loss,2.11,202501022,,deusfund-sqx2
Closed position,988321226,GBPJPY,1,Buy,199.739,198.709,2025/09/05 12:56:12,2025/09/05 17:45:24,2025/09/05,2025/09/05,-700.38,0,-7,-707.38,203.687,198.587,-103.0,Loss,4.82,202501002,,deusfund-sqx2
Closed position,989140130,USTEC,8,Buy,23637.5,23626.8,2025/09/05 22:06:16,2025/09/05 22:45:00,2025/09/05,2025/09/05,-85.6,0,0,-85.6,0,21274.89,-10.7,Loss,0.65,9,,deusfund-sqx1
Closed position,988506395,XAUUSD,1,Buy,3578.52,3594.09,2025/09/05 15:32:35,2025/09/08 04:00:00,2025/09/05,2025/09/08,1557,-55.24,-7,1494.76,3707.34,3565.38,155.7,Win,60.46,202501023,,deusfund-sqx2
Closed position,989623710,XAUUSD,0.4,Buy,3596.38,3588.41,2025/09/08 04:02:42,2025/09/08 04:09:31,2025/09/08,2025/09/08,-318.8,0,-2.8,-321.6,3620.01,3588.46,-79.7,Loss,0.11,6,,deusfund-sqx1
Closed position,989594585,USDJPY,1,Buy,148.562,148.178,2025/09/08 03:21:26,2025/09/08 04:55:19,2025/09/08,2025/09/08,-259.15,0,-7,-266.15,151.238,148.179,-38.4,Loss,1.56,202501018,,deusfund-sqx2
Closed position,988506397,XAUUSD,1,Buy,3578.52,3591.14,2025/09/05 15:32:35,2025/09/08 09:00:00,2025/09/05,2025/09/08,1262,-55.24,-7,1199.76,3707.34,3565.38,126.2,Win,65.46,1006,,deusfund-sqx1
Closed position,989511366,USDJPY,1,Buy,148.211,147.81,2025/09/08 01:14:15,2025/09/08 09:52:20,2025/09/08,2025/09/08,-271.29,0,-7,-278.29,150.273,147.813,-40.1,Loss,8.63,202501013,,deusfund-sqx2
Closed position,989580859,GBPJPY,1,Buy,200.195,199.386,2025/09/08 03:00:39,2025/09/08 11:00:25,2025/09/08,2025/09/08,-548.37,0,-7,-555.37,205.591,199.386,-80.9,Loss,8,202501003,,deusfund-sqx2
Closed position,989910004,BTCUSD,0.8,Buy,111432.63,111668,2025/09/08 10:25:11,2025/09/08 12:00:00,2025/09/08,2025/09/08,188.3,0,0,188.3,0,111039.2,235.4,Win,1.58,1001,,deusfund-sqx1
Closed position,989847990,XAUUSD,0.4,Buy,3596.43,3620.36,2025/09/08 09:43:23,2025/09/08 13:14:55,2025/09/08,2025/09/08,957.2,0,-2.8,954.4,3620.01,3588.46,239.3,Win,3.53,6,,deusfund-sqx1
Closed position,988506375,XAUUSD,1,Buy,3578.52,3619.25,2025/09/05 15:32:35,2025/09/08 15:00:00,2025/09/05,2025/09/08,4073,-55.24,-7,4010.76,0,3565.14,407.3,Win,71.46,202501025,,deusfund-sqx2
Closed position,990320502,USTEC,8,Buy,23778.5,23782.5,2025/09/08 16:30:16,2025/09/08 19:31:51,2025/09/08,2025/09/08,32,0,0,32,0,23658.71,4.0,Win,3.03,202501007,,deusfund-sqx2
Closed position,990700916,USTEC,8,Buy,23782.1,23763.2,2025/09/08 21:22:57,2025/09/08 22:45:00,2025/09/08,2025/09/08,-151.2,0,0,-151.2,0,21403.54,-18.9,Loss,1.37,9,,deusfund-sqx1
Closed position,989594586,USDJPY,1,Buy,148.562,147.072,2025/09/08 03:21:26,2025/09/09 08:04:46,2025/09/08,2025/09/09,-1013.11,6.32,-7,-1013.79,151.09,147.078,-149.0,Loss,28.72,202501014,,deusfund-sqx2
Closed position,988506307,XAUUSD,1,Buy,3578.52,3655.48,2025/09/05 15:32:35,2025/09/09 09:00:00,2025/09/05,2025/09/09,7696,-110.95,-7,7578.05,3900.58,3563.1,769.6,Win,89.46,202501027,,deusfund-sqx2
Closed position,991166080,BTCUSD,0.8,Buy,112957.63,113036,2025/09/09 09:46:31,2025/09/09 10:00:00,2025/09/09,2025/09/09,62.7,0,0,62.7,0,112503.77,78.4,Win,0.22,1001,,deusfund-sqx1
Closed position,981501465,USDJPY,1,Buy,147.322,146.587,2025/09/01 04:20:01,2025/09/09 11:32:06,2025/09/01,2025/09/09,-501.41,49.73,-7,-458.68,149.679,146.585,-73.5,Loss,199.2,202501015,,deusfund-sqx2
Closed position,990920776,XAUUSD,1,Buy,3646.76,3651.92,2025/09/09 04:35:59,2025/09/09 14:00:00,2025/09/09,2025/09/09,516,0,-7,509,0,3633.11,51.6,Win,9.4,202501025,,deusfund-sqx2
Closed position,990866419,XAUUSD,0.4,Buy,3640.91,3664.36,2025/09/09 03:23:34,2025/09/09 16:35:08,2025/09/09,2025/09/09,938,0,-2.8,935.2,3664.24,3632.69,234.5,Win,13.19,6,,deusfund-sqx1
Closed position,991662662,XAUUSD,0.4,Buy,3666.16,3658.05,2025/09/09 17:00:00,2025/09/09 17:03:58,2025/09/09,2025/09/09,-324.4,0,-2.8,-327.2,3689.7,3658.15,-81.1,Loss,0.07,6,,deusfund-sqx1
Closed position,991215611,USTEC,5,Buy,23849.9,23730.2,2025/09/09 10:37:36,2025/09/09 17:34:44,2025/09/09,2025/09/09,-598.5,0,0,-598.5,23969.12,23730.62,-119.7,Loss,6.95,1,,deusfund-sqx1
Closed position,992097095,USTEC,5,Buy,23857.9,23882.7,2025/09/09 23:20:15,2025/09/10 08:10:19,2025/09/09,2025/09/10,124,-30.07,0,93.93,23976.47,23737.89,24.8,Win,8.83,1,,deusfund-sqx1
Closed position,992097439,USTEC,8,Buy,23862.2,23874,2025/09/09 23:21:35,2025/09/10 11:31:47,2025/09/09,2025/09/10,94.4,-48.11,0,46.29,0,23786.16,11.8,Win,12.17,202501007,,deusfund-sqx2
Closed position,992266486,USDJPY,1,Buy,147.516,147.17,2025/09/10 04:28:25,2025/09/10 15:30:03,2025/09/10,2025/09/10,-235.1,0,-7,-242.1,150.171,147.154,-34.6,Loss,11.03,202501018,,deusfund-sqx2
Closed position,992266487,USDJPY,1,Buy,147.516,147.17,2025/09/10 04:28:25,2025/09/10 15:30:03,2025/09/10,2025/09/10,-235.1,0,-7,-242.1,150.024,146.041,-34.6,Loss,11.03,202501014,,deusfund-sqx2
Closed position,992755479,USTEC,5,Buy,23959.1,23934,2025/09/10 15:30:02,2025/09/10 16:30:11,2025/09/10,2025/09/10,-125.5,0,0,-125.5,24090.35,23850.65,-25.1,Loss,1,1,,deusfund-sqx1
Closed position,992759572,USTEC,8,Buy,23982.1,23936.3,2025/09/10 15:30:03,2025/09/10 16:30:11,2025/09/10,2025/09/10,-366.4,0,0,-366.4,24339.7,23936.06,-45.8,Loss,1,202501005,,deusfund-sqx2
Closed position,992948755,USTEC,8,Buy,23935,23899,2025/09/10 17:15:23,2025/09/10 18:20:27,2025/09/10,2025/09/10,-288,0,0,-288,0,21540.31,-36,Loss,1.08,9,,deusfund-sqx1
Closed position,993147716,USTEC,8,Buy,23906.2,23832.8,2025/09/10 20:02:02,2025/09/10 22:45:00,2025/09/10,2025/09/10,-587.2,0,0,-587.2,0,21517.36,-73.4,Loss,2.72,9,,deusfund-sqx1
Closed position,992766738,BTCUSD,0.8,Buy,113446,114195,2025/09/10 15:30:18,2025/09/11 08:00:00,2025/09/10,2025/09/11,599.2,-50.52,0,548.68,0,112791.03,749,Win,16.5,1001,,deusfund-sqx1
Closed position,993606086,USDJPY,1,Buy,147.571,147.694,2025/09/11 08:55:15,2025/09/11 15:30:17,2025/09/11,2025/09/11,83.28,0,-7,76.28,150.077,146.092,12.3,Win,6.58,202501014,,deusfund-sqx2
Closed position,993606079,USDJPY,1,Buy,147.571,147.562,2025/09/11 08:55:15,2025/09/11 15:30:59,2025/09/11,2025/09/11,-6.1,0,-7,-13.1,149.339,146.387,-0.9,Loss,6.6,2025010019,,deusfund-sqx2
Closed position,992190753,USDJPY,1,Buy,147.444,147.364,2025/09/10 02:33:14,2025/09/11 15:35:54,2025/09/10,2025/09/11,-54.29,18.57,-7,-42.72,149.508,147.082,-8.0,Loss,37.04,202501013,,deusfund-sqx2
Closed position,993606082,USDJPY,1,Buy,147.571,147.267,2025/09/11 08:55:15,2025/09/11 17:05:13,2025/09/11,2025/09/11,-206.43,0,-7,-213.43,150.224,147.27,-30.4,Loss,8.17,202501018,,deusfund-sqx2
Closed position,994283265,USTEC,5,Buy,23981.1,23971.7,2025/09/11 17:36:51,2025/09/11 19:52:17,2025/09/11,2025/09/11,-47,0,0,-47,24100.81,23861.01,-9.4,Loss,2.26,1,,deusfund-sqx1
Closed position,994158007,USTEC,8,Buy,23954.6,23997.1,2025/09/11 16:30:01,2025/09/11 22:45:00,2025/09/11,2025/09/11,340,0,0,340,0,21557.19,42.5,Win,6.25,9,,deusfund-sqx1
Closed position,994332504,USTEC,8,Buy,24017.9,23997.1,2025/09/11 18:18:24,2025/09/11 22:45:00,2025/09/11,2025/09/11,-166.4,0,0,-166.4,0,23938.16,-20.8,Loss,4.44,8,,deusfund-sqx1
Closed position,994332494,USTEC,8,Buy,24017.9,23997.1,2025/09/11 18:18:24,2025/09/11 22:45:00,2025/09/11,2025/09/11,-166.4,0,0,-166.4,0,23938.16,-20.8,Loss,4.44,7,,deusfund-sqx1
Closed position,994014203,USTEC,8,Buy,23936.3,23978.7,2025/09/11 15:30:52,2025/09/12 11:11:48,2025/09/11,2025/09/12,339.2,-48.26,0,290.94,0,23833.63,42.4,Win,19.68,202501007,,deusfund-sqx2
Closed position,994792156,XAUUSD,1,Buy,3655.3,3643.06,2025/09/12 07:31:18,2025/09/12 11:14:00,2025/09/12,2025/09/12,-1224,0,-7,-1231,0,3643.09,-122.4,Loss,3.71,202501026,,deusfund-sqx2
Closed position,995374861,USTEC,5,Buy,24058.9,24071.3,2025/09/12 17:33:43,2025/09/12 19:00:00,2025/09/12,2025/09/12,62,0,0,62,24178.34,23937.76,12.4,Win,1.44,1,,deusfund-sqx1
Closed position,993646221,GBPJPY,1,Buy,199.741,200.262,2025/09/11 09:30:22,2025/09/12 20:00:00,2025/09/11,2025/09/12,352.79,7.63,-7,353.42,205.131,198.938,52.1,Win,34.49,202501003,,deusfund-sqx2
Closed position,993920598,GBPJPY,1,Buy,200.035,200.262,2025/09/11 14:40:29,2025/09/12 20:00:00,2025/09/11,2025/09/12,153.71,7.63,-7,154.34,203.981,198.881,22.7,Win,29.33,202501002,,deusfund-sqx2
Closed position,995491639,USTEC,8,Buy,24088.4,24095.9,2025/09/12 19:30:46,2025/09/12 22:31:09,2025/09/12,2025/09/12,60,0,0,60,0,21680.19,7.5,Win,3.01,9,,deusfund-sqx1
Closed position,995400965,USTEC,16,Buy,24090.7,24093.4,2025/09/12 17:55:15,2025/09/12 22:31:11,2025/09/12,2025/09/12,43.2,0,0,43.2,25535.17,23607.98,2.7,Win,4.6,202501010,,deusfund-sqx2
Closed position,995399888,USTEC,8,Buy,24086.3,24088.3,2025/09/12 17:54:05,2025/09/12 22:32:26,2025/09/12,2025/09/12,16,0,0,16,0,24033.43,2.0,Win,4.64,8,,deusfund-sqx1
Closed position,995399887,USTEC,8,Buy,24086.3,24088.3,2025/09/12 17:54:05,2025/09/12 22:32:26,2025/09/12,2025/09/12,16,0,0,16,0,24033.43,2.0,Win,4.64,7,,deusfund-sqx1
Closed position,995401338,USTEC,8,Buy,24094.3,24088.3,2025/09/12 17:55:24,2025/09/12 22:32:26,2025/09/12,2025/09/12,-48,0,0,-48,0,23371.84,-6.0,Loss,4.62,202501011,,deusfund-sqx2
Closed position,995577614,USTEC,8,Buy,24117,24074.5,2025/09/12 21:33:20,2025/09/12 22:40:58,2025/09/12,2025/09/12,-340,0,0,-340,24478.35,24074.76,-42.5,Loss,1.13,202501005,,deusfund-sqx2
Closed position,996347499,BTCUSD,0.8,Buy,116230,115882,2025/09/15 08:13:48,2025/09/15 10:37:48,2025/09/15,2025/09/15,-278.4,0,0,-278.4,0,115872.23,-348,Loss,2.4,1001,,deusfund-sqx1
Closed position,997080453,XAUUSD,1,Buy,3656.79,3657.15,2025/09/15 16:36:18,2025/09/15 17:00:00,2025/09/15,2025/09/15,36,0,-7,29,3788.33,3644.74,3.6,Win,0.4,202501024,,deusfund-sqx2
Closed position,997080461,XAUUSD,1,Buy,3656.79,3657.15,2025/09/15 16:36:18,2025/09/15 17:00:00,2025/09/15,2025/09/15,36,0,-7,29,3788.33,3644.68,3.6,Win,0.4,202501023,,deusfund-sqx2
Closed position,997084552,XAUUSD,1,Buy,3657.79,3657.15,2025/09/15 16:37:43,2025/09/15 17:00:00,2025/09/15,2025/09/15,-64,0,-7,-71,3789.19,3645.51,-6.4,Loss,0.37,1006,,deusfund-sqx1
Closed position,997080437,XAUUSD,1,Buy,3656.79,3663.49,2025/09/15 16:36:18,2025/09/15 18:00:00,2025/09/15,2025/09/15,670,0,-7,663,0,3644.6,67.0,Win,1.4,1007,,deusfund-sqx1
Closed position,997084603,XAUUSD,1,Buy,3657.79,3663.54,2025/09/15 16:37:43,2025/09/15 18:00:01,2025/09/15,2025/09/15,575,0,-7,568,0,3642.5,57.5,Win,1.37,202501021,,deusfund-sqx2
Closed position,997084615,XAUUSD,1,Buy,3657.79,3679.36,2025/09/15 16:37:43,2025/09/15 20:00:00,2025/09/15,2025/09/15,2157,0,-7,2150,0,3645.6,215.7,Win,3.37,202501025,,deusfund-sqx2
Closed position,997090294,USTEC,5,Buy,24201.4,24233.7,2025/09/15 16:38:50,2025/09/15 20:31:33,2025/09/15,2025/09/15,161.5,0,0,161.5,24322.18,24080.16,32.3,Win,3.88,1,,deusfund-sqx1
Closed position,997120585,USTEC,8,Buy,24211.5,24233.4,2025/09/15 16:49:07,2025/09/15 21:43:55,2025/09/15,2025/09/15,175.2,0,0,175.2,0,24139.3,21.9,Win,4.91,202501007,,deusfund-sqx2
Closed position,997098488,USTEC,16,Buy,24207.9,24230.8,2025/09/15 16:41:12,2025/09/15 21:43:56,2025/09/15,2025/09/15,366.4,0,0,366.4,25660.23,23723.6,22.9,Win,5.05,202501010,,deusfund-sqx2
Closed position,997310414,USTEC,8,Buy,24250.1,24230.8,2025/09/15 18:04:09,2025/09/15 21:43:56,2025/09/15,2025/09/15,-154.4,0,0,-154.4,0,21824.82,-19.3,Loss,3.66,9,,deusfund-sqx1
Closed position,997097148,USTEC,8,Buy,24206.1,24258,2025/09/15 16:40:38,2025/09/15 22:45:00,2025/09/15,2025/09/15,415.2,0,0,415.2,0,23480.37,51.9,Win,6.07,202501011,,deusfund-sqx2
Closed position,997114164,USTEC,8,Buy,24203.4,24258,2025/09/15 16:47:00,2025/09/15 22:45:00,2025/09/15,2025/09/15,436.8,0,0,436.8,0,24153.94,54.6,Win,5.97,7,,deusfund-sqx1
Closed position,997114160,USTEC,8,Buy,24203.4,24258,2025/09/15 16:47:00,2025/09/15 22:45:00,2025/09/15,2025/09/15,436.8,0,0,436.8,0,24153.94,54.6,Win,5.97,8,,deusfund-sqx1
Closed position,997863598,USDJPY,1,Buy,147.422,147.186,2025/09/16 02:39:24,2025/09/16 05:17:17,2025/09/16,2025/09/16,-160.34,0,-7,-167.34,149.482,147.189,-23.6,Loss,2.63,202501013,,deusfund-sqx2
Closed position,997071300,XAUUSD,1,Buy,3655.06,3677.12,2025/09/15 16:32:53,2025/09/16 05:38:59,2025/09/15,2025/09/16,2206,-56.61,-7,2142.39,0,3644.32,220.6,Win,13.1,202501026,,deusfund-sqx2
Closed position,997125074,USTEC,8,Buy,24221.9,24337.8,2025/09/15 16:51:05,2025/09/16 09:00:01,2025/09/15,2025/09/16,927.2,-48.79,0,878.41,24584.92,24182.67,115.9,Win,16.15,202501005,,deusfund-sqx2
Closed position,993606085,USDJPY,1,Buy,147.571,146.831,2025/09/11 08:55:15,2025/09/16 09:33:09,2025/09/11,2025/09/16,-503.98,19.54,-7,-491.44,149.929,146.83,-74.0,Loss,120.63,202501015,,deusfund-sqx2
Closed position,997356157,XAUUSD,0.4,Buy,3666.18,3689.74,2025/09/15 18:23:42,2025/09/16 09:44:48,2025/09/15,2025/09/16,942.4,-22.64,-2.8,916.96,3689.7,3658.15,235.6,Win,15.35,6,,deusfund-sqx1
Closed position,997431157,XAUUSD,1,Buy,3677.56,3685.59,2025/09/15 18:54:14,2025/09/16 16:06:24,2025/09/15,2025/09/16,803,-56.61,-7,739.39,0,3663.93,80.3,Win,21.2,202501022,,deusfund-sqx2
Closed position,998865193,XAUUSD,0.4,Buy,3698.62,3690.26,2025/09/16 17:11:14,2025/09/16 17:32:31,2025/09/16,2025/09/16,-334.4,0,-2.8,-337.2,3721.89,3690.34,-83.6,Loss,0.35,6,,deusfund-sqx1
Closed position,996633531,GBPJPY,1,Buy,200.395,200.007,2025/09/15 11:22:12,2025/09/16 18:05:57,2025/09/15,2025/09/16,-264.8,7.54,-7,-264.26,205.806,199.595,-38.8,Loss,30.73,202501003,,deusfund-sqx2
Closed position,999172309,BTCUSD,0.8,Buy,116825,116321.5,2025/09/16 20:25:21,2025/09/16 21:42:00,2025/09/16,2025/09/16,-402.8,0,0,-402.8,0,116321.69,-503.5,Loss,1.28,1001,,deusfund-sqx1
Closed position,997080482,XAUUSD,1,Buy,3656.79,3690.52,2025/09/15 16:36:18,2025/09/16 22:00:00,2025/09/15,2025/09/16,3373,-56.61,-7,3309.39,3985.79,3645.22,337.3,Win,29.4,202501027,,deusfund-sqx2
Closed position,999236887,USTEC,8,Buy,24295.7,24285.8,2025/09/16 21:50:38,2025/09/16 22:45:00,2025/09/16,2025/09/16,-79.2,0,0,-79.2,0,21865.88,-9.9,Loss,0.91,9,,deusfund-sqx1
Closed position,998665400,GBPJPY,1,Buy,200.702,199.555,2025/09/16 15:30:02,2025/09/17 13:56:58,2025/09/16,2025/09/17,-784.13,7.53,-7,-783.60,204.655,199.555,-114.7,Loss,22.45,202501002,,deusfund-sqx2
Closed position,1000557281,XAUUSD,0.4,Buy,3697.58,3690.98,2025/09/17 21:04:15,2025/09/17 21:04:44,2025/09/17,2025/09/17,-264,0,-2.8,-266.8,3721.89,3690.34,-66.0,Loss,0.01,6,,deusfund-sqx1
Closed position,1000583711,XAUUSD,1,Buy,3704.63,3693.42,2025/09/17 21:09:02,2025/09/17 21:13:03,2025/09/17,2025/09/17,-1121,0,-7,-1128,0,3693.63,-112.1,Loss,0.07,202501022,,deusfund-sqx2
Closed position,1000583368,XAUUSD,1,Buy,3704.32,3691.42,2025/09/17 21:09:02,2025/09/17 21:14:20,2025/09/17,2025/09/17,-1290,0,-7,-1297,3836.37,3691.58,-129.0,Loss,0.09,1006,,deusfund-sqx1
Closed position,1000583336,XAUUSD,1,Buy,3704.32,3691.42,2025/09/17 21:09:02,2025/09/17 21:14:20,2025/09/17,2025/09/17,-1290,0,-7,-1297,3836.37,3691.58,-129.0,Loss,0.09,202501024,,deusfund-sqx2
Closed position,1000583383,XAUUSD,1,Buy,3704.32,3691.42,2025/09/17 21:09:02,2025/09/17 21:14:20,2025/09/17,2025/09/17,-1290,0,-7,-1297,3836.37,3691.58,-129.0,Loss,0.09,202501023,,deusfund-sqx2
Closed position,1000583319,XAUUSD,1,Buy,3704.32,3691.42,2025/09/17 21:09:02,2025/09/17 21:14:20,2025/09/17,2025/09/17,-1290,0,-7,-1297,4036.34,3691.54,-129.0,Loss,0.09,202501027,,deusfund-sqx2
Closed position,1000583334,XAUUSD,1,Buy,3704.32,3690.57,2025/09/17 21:09:02,2025/09/17 21:14:22,2025/09/17,2025/09/17,-1375,0,-7,-1382,0,3690.87,-137.5,Loss,0.09,1007,,deusfund-sqx1
Closed position,1000583358,XAUUSD,1,Buy,3704.32,3690.57,2025/09/17 21:09:02,2025/09/17 21:14:22,2025/09/17,2025/09/17,-1375,0,-7,-1382,0,3690.69,-137.5,Loss,0.09,202501021,,deusfund-sqx2
Closed position,1000557271,XAUUSD,1,Buy,3697.58,3687.93,2025/09/17 21:04:15,2025/09/17 21:15:00,2025/09/17,2025/09/17,-965,0,-7,-972,0,3688.13,-96.5,Loss,0.18,202501026,,deusfund-sqx2
Closed position,1001305957,USTEC,8,Buy,24380.3,24353.3,2025/09/18 06:00:39,2025/09/18 09:07:01,2025/09/18,2025/09/18,-216,0,0,-216,0,24222.56,-27.0,Loss,3.11,202501007,,deusfund-sqx2
Closed position,1002574069,USTEC,8,Buy,24555.6,24492.6,2025/09/18 17:30:59,2025/09/18 17:57:35,2025/09/18,2025/09/18,-504,0,0,-504,24922.61,24492.64,-63.0,Loss,0.44,202501005,,deusfund-sqx2
Closed position,1002350437,USTEC,16,Buy,24448.5,24485.7,2025/09/18 16:32:12,2025/09/18 17:58:47,2025/09/18,2025/09/18,595.2,0,0,595.2,25916.49,23960.53,37.2,Win,1.44,202501010,,deusfund-sqx2
Closed position,1001315620,BTCUSD,0.8,Buy,117394,117695,2025/09/18 06:07:19,2025/09/18 18:00:00,2025/09/18,2025/09/18,240.8,0,0,240.8,0,116728.28,301,Win,11.88,1001,,deusfund-sqx1
Closed position,1002373118,USTEC,8,Buy,24463.9,24480.1,2025/09/18 16:36:50,2025/09/18 18:52:44,2025/09/18,2025/09/18,129.6,0,0,129.6,0,22018.42,16.2,Win,2.26,9,,deusfund-sqx1
Closed position,1001754536,GBPJPY,1,Buy,200.647,200.387,2025/09/18 11:05:34,2025/09/18 19:29:34,2025/09/18,2025/09/18,-175.76,0,-7,-182.76,206.071,199.853,-26.0,Loss,8.4,202501003,,deusfund-sqx2
Closed position,1002811896,USTEC,8,Buy,24530,24477.4,2025/09/18 19:31:34,2025/09/18 20:57:34,2025/09/18,2025/09/18,-420.8,0,0,-420.8,0,22076.83,-52.6,Loss,1.43,9,,deusfund-sqx1
Closed position,1002447107,USTEC,8,Buy,24432.9,24466.9,2025/09/18 16:50:12,2025/09/18 22:33:28,2025/09/18,2025/09/18,272,0,0,272,0,23698.25,34.0,Win,5.72,202501011,,deusfund-sqx2
Closed position,1001754535,GBPJPY,1,Buy,200.647,200.11,2025/09/18 11:05:34,2025/09/19 06:47:36,2025/09/18,2025/09/19,-363.67,7.44,-7,-363.23,204.603,199.503,-53.7,Loss,19.7,202501002,,deusfund-sqx2
Closed position,1001167876,USDJPY,1,Buy,147.103,147.51,2025/09/18 04:15:34,2025/09/19 06:47:56,2025/09/18,2025/09/19,275.91,5.83,-7,274.74,148.865,145.923,40.7,Win,26.54,2025010019,,deusfund-sqx2
Closed position,1001074501,USDJPY,1,Buy,146.978,147.433,2025/09/18 03:05:03,2025/09/19 06:48:06,2025/09/18,2025/09/19,308.61,5.83,-7,307.44,149.036,146.613,45.5,Win,27.72,202501013,,deusfund-sqx2
Closed position,1001534801,USDJPY,1,Buy,147.521,147.272,2025/09/18 09:13:31,2025/09/19 07:07:41,2025/09/18,2025/09/19,-169.07,5.83,-7,-170.24,150.48,146.999,-24.9,Loss,21.9,202501020,,deusfund-sqx2
Closed position,1004519096,XAUUSD,1,Buy,3673.02,3670.74,2025/09/19 18:17:21,2025/09/19 19:00:00,2025/09/19,2025/09/19,-228,0,-7,-235,3805.21,3659.83,-22.8,Loss,0.71,202501023,,deusfund-sqx2
Closed position,1003449523,GBPJPY,1,Sell,199.565,199.348,2025/09/19 07:15:05,2025/09/19 20:00:00,2025/09/19,2025/09/19,146.77,0,-7,139.77,190.194,202.368,21.7,Win,12.75,202501002,,deusfund-sqx2
Closed position,1004801045,USTEC,8,Buy,24594.8,24591.8,2025/09/19 22:15:35,2025/09/19 22:45:00,2025/09/19,2025/09/19,-24,0,0,-24,0,22134.79,-3.0,Loss,0.49,9,,deusfund-sqx1
Closed position,1005202792,USDJPY,1,Buy,148.169,148.045,2025/09/22 03:06:56,2025/09/22 09:38:19,2025/09/22,2025/09/22,-83.76,0,-7,-90.76,150.685,146.684,-12.4,Loss,6.52,202501014,,deusfund-sqx2
Closed position,1005526669,XAUUSD,1,Buy,3707.81,3714.35,2025/09/22 09:34:10,2025/09/22 10:00:00,2025/09/22,2025/09/22,654,0,-7,647,0,3691.58,65.4,Win,0.43,1007,,deusfund-sqx1
Closed position,1005526677,XAUUSD,1,Buy,3707.81,3714.35,2025/09/22 09:34:10,2025/09/22 10:00:00,2025/09/22,2025/09/22,654,0,-7,647,3840.99,3694.37,65.4,Win,0.43,1006,,deusfund-sqx1
Closed position,1005202793,USDJPY,1,Buy,148.169,147.847,2025/09/22 03:06:56,2025/09/22 11:32:04,2025/09/22,2025/09/22,-217.79,0,-7,-224.79,150.24,147.85,-32.2,Loss,8.42,202501013,,deusfund-sqx2
Closed position,1005450489,XAUUSD,0.4,Buy,3698.39,3722.22,2025/09/22 08:33:52,2025/09/22 11:44:52,2025/09/22,2025/09/22,953.2,0,-2.8,950.4,3721.89,3690.34,238.3,Win,3.18,6,,deusfund-sqx1
Closed position,1005202790,USDJPY,1,Buy,148.169,147.723,2025/09/22 03:06:56,2025/09/22 20:00:53,2025/09/22,2025/09/22,-301.92,0,-7,-308.92,150.685,147.731,-44.6,Loss,16.9,202501016,,deusfund-sqx2
Closed position,1005202789,USDJPY,1,Buy,148.169,147.71,2025/09/22 03:06:56,2025/09/22 20:33:25,2025/09/22,2025/09/22,-310.74,0,-7,-317.74,151.129,147.711,-45.9,Loss,17.44,202501020,,deusfund-sqx2
Closed position,1006411640,USTEC,16,Buy,24739.9,24744.9,2025/09/22 19:40:25,2025/09/22 22:45:00,2025/09/22,2025/09/22,80,0,0,80,26223.46,24244.33,5.0,Win,3.08,202501010,,deusfund-sqx2
Closed position,1006502619,USTEC,8,Buy,24748.2,24744.9,2025/09/22 20:44:06,2025/09/22 22:45:00,2025/09/22,2025/09/22,-26.4,0,0,-26.4,0,24680.69,-3.3,Loss,2.02,7,,deusfund-sqx1
Closed position,1006502622,USTEC,8,Buy,24748.2,24744.9,2025/09/22 20:44:06,2025/09/22 22:45:00,2025/09/22,2025/09/22,-26.4,0,0,-26.4,0,24680.69,-3.3,Loss,2.02,8,,deusfund-sqx1
Closed position,1006537171,USTEC,8,Buy,24754.8,24744.9,2025/09/22 21:12:59,2025/09/22 22:45:00,2025/09/22,2025/09/22,-79.2,0,0,-79.2,0,24012.31,-9.9,Loss,1.53,202501011,,deusfund-sqx2
Closed position,1006541178,USTEC,8,Buy,24763.3,24744.9,2025/09/22 21:17:13,2025/09/22 22:45:00,2025/09/22,2025/09/22,-147.2,0,0,-147.2,0,22287.12,-18.4,Loss,1.46,9,,deusfund-sqx1
Closed position,1005526653,XAUUSD,1,Buy,3707.81,3747.92,2025/09/22 09:34:10,2025/09/22 23:00:00,2025/09/22,2025/09/22,4011,0,-7,4004,0,3694.4,401.1,Win,13.43,202501025,,deusfund-sqx2
Closed position,1005526636,XAUUSD,1,Buy,3707.81,3747.88,2025/09/22 09:34:10,2025/09/22 23:00:03,2025/09/22,2025/09/22,4007,0,-7,4000,4041.2,3692.4,400.7,Win,13.43,202501027,,deusfund-sqx2
Closed position,1006259331,XAUUSD,0.4,Buy,3727.52,3751,2025/09/22 18:08:27,2025/09/23 04:05:08,2025/09/22,2025/09/23,939.2,-20.95,-2.8,915.45,3751.01,3719.46,234.8,Win,9.94,6,,deusfund-sqx1
Closed position,1006361382,USTEC,8,Buy,24695.7,24760.7,2025/09/22 19:11:00,2025/09/23 12:00:00,2025/09/22,2025/09/23,520,-48.36,0,471.64,25066.24,24650.37,65.0,Win,16.82,202501005,,deusfund-sqx2
Closed position,1006964176,XAUUSD,0.4,Buy,3754.8,3778.62,2025/09/23 08:35:07,2025/09/23 12:03:36,2025/09/23,2025/09/23,952.8,0,-2.8,950.0,3778.18,3746.63,238.2,Win,3.47,6,,deusfund-sqx1
Closed position,1006382167,USTEC,8,Buy,24720,24735.5,2025/09/22 19:21:42,2025/09/23 14:14:09,2025/09/22,2025/09/23,124,-48.36,0,75.64,0,24649.12,15.5,Win,18.87,202501007,,deusfund-sqx2
Closed position,1007888176,XAUUSD,0.4,Buy,3784.78,3776.77,2025/09/23 20:26:41,2025/09/23 20:58:10,2025/09/23,2025/09/23,-320.4,0,-2.8,-323.2,3808.36,3776.81,-80.1,Loss,0.52,6,,deusfund-sqx1
Closed position,1008861883,USTEC,8,Buy,24658.6,24468.6,2025/09/24 16:30:08,2025/09/24 22:45:00,2025/09/24,2025/09/24,-1520,0,0,-1520,0,22193.43,-190.0,Loss,6.25,9,,deusfund-sqx1
Closed position,1009337669,USTEC,8,Buy,24486.7,24468.6,2025/09/24 21:53:11,2025/09/24 22:45:00,2025/09/24,2025/09/24,-144.8,0,0,-144.8,0,22038.26,-18.1,Loss,0.86,5,,deusfund-sqx1
Closed position,1009016063,BTCUSD,0.8,Buy,113380,112859,2025/09/24 17:42:44,2025/09/25 04:35:23,2025/09/24,2025/09/25,-416.8,-50.48,0,-467.28,0,112853.19,-521,Loss,10.88,1001,,deusfund-sqx1
Closed position,1009403694,GBPJPY,1,Buy,200.169,199.624,2025/09/24 23:00:02,2025/09/25 15:16:13,2025/09/24,2025/09/25,-366.2,21.81,-7,-351.39,205.573,199.368,-54.5,Loss,16.27,202501003,,deusfund-sqx2
Closed position,1001074496,USDJPY,1,Buy,146.978,149.337,2025/09/18 03:05:03,2025/09/25 15:51:12,2025/09/18,2025/09/25,1579.65,40.84,-7,1613.49,149.33,146.243,235.9,Win,180.77,202501015,,deusfund-sqx2
Closed position,1001074495,USDJPY,1,Buy,146.978,149.629,2025/09/18 03:05:03,2025/09/25 17:54:53,2025/09/18,2025/09/25,1771.72,40.84,-7,1805.56,149.624,146.613,265.1,Win,182.83,202501018,,deusfund-sqx2
Closed position,1008330984,USDJPY,1,Buy,147.882,149.657,2025/09/24 07:00:02,2025/09/25 18:00:36,2025/09/24,2025/09/25,1186.05,17.36,-7,1196.41,149.653,146.695,177.5,Win,35.01,2025010019,,deusfund-sqx2
Closed position,1008321016,USDJPY,1,Buy,147.842,149.911,2025/09/24 06:39:30,2025/09/25 20:35:46,2025/09/24,2025/09/25,1380.15,17.36,-7,1390.51,149.911,147.591,206.9,Win,37.94,202501013,,deusfund-sqx2
Closed position,1010367769,USTEC,8,Buy,24414.9,24328.7,2025/09/25 17:48:22,2025/09/25 20:36:32,2025/09/25,2025/09/25,-689.6,0,0,-689.6,0,21972.83,-86.2,Loss,2.8,5,,deusfund-sqx1
Closed position,1011479539,XAUUSD,1,Buy,3761.67,3761.92,2025/09/26 16:08:54,2025/09/26 17:00:00,2025/09/26,2025/09/26,25,0,-7,18,3897.05,3746.6,2.5,Win,0.85,202501023,,deusfund-sqx2
Closed position,1011628854,XAUUSD,1,Buy,3773.25,3778.73,2025/09/26 17:09:27,2025/09/26 18:00:00,2025/09/26,2025/09/26,548,0,-7,541,0,3754.56,54.8,Win,0.84,1007,,deusfund-sqx1
Closed position,1007140794,GBPJPY,1,Buy,199.823,200.376,2025/09/23 11:25:49,2025/09/26 20:00:00,2025/09/23,2025/09/26,369.78,36.45,-7,399.23,203.764,198.664,55.3,Win,80.57,202501002,,deusfund-sqx2
Closed position,1011525377,GBPJPY,1,Buy,200.332,200.376,2025/09/26 16:32:02,2025/09/26 20:00:00,2025/09/26,2025/09/26,29.42,0,-7,22.42,205.739,199.53,4.4,Win,3.47,202501003,,deusfund-sqx2
Closed position,1011421176,XAUUSD,1,Buy,3757.26,3771.05,2025/09/26 15:36:13,2025/09/26 22:30:42,2025/09/26,2025/09/26,1379,0,-7,1372,0,3743.28,137.9,Win,6.91,202501026,,deusfund-sqx2
Closed position,1011662637,XAUUSD,1,Buy,3779.53,3764.44,2025/09/26 17:22:14,2025/09/26 23:40:02,2025/09/26,2025/09/26,-1509,0,-7,-1516,3915.3,3764.47,-150.9,Loss,6.3,202501024,,deusfund-sqx2
Closed position,1012608351,XAUUSD,1,Buy,3786.48,3787.69,2025/09/29 03:46:33,2025/09/29 04:00:01,2025/09/29,2025/09/29,121,0,-7,114,0,3767.22,12.1,Win,0.22,202501021,,deusfund-sqx2
Closed position,1012606383,XAUUSD,0.4,Buy,3785,3776.83,2025/09/29 03:45:37,2025/09/29 04:10:01,2025/09/29,2025/09/29,-326.8,0,-2.8,-329.6,3808.36,3776.81,-81.7,Loss,0.41,6,,deusfund-sqx1
Closed position,1012627179,XAUUSD,1,Buy,3788.84,3773.77,2025/09/29 04:01:36,2025/09/29 04:23:57,2025/09/29,2025/09/29,-1507,0,-7,-1514,3925.2,3773.77,-150.7,Loss,0.37,1006,,deusfund-sqx1
Closed position,1012601628,XAUUSD,1,Buy,3783.79,3768.69,2025/09/29 03:42:46,2025/09/29 04:24:48,2025/09/29,2025/09/29,-1510,0,-7,-1517,0,3768.83,-151.0,Loss,0.7,202501025,,deusfund-sqx2
Closed position,1012725273,XAUUSD,0.4,Buy,3787.23,3810.6,2025/09/29 05:12:24,2025/09/29 08:05:30,2025/09/29,2025/09/29,934.8,0,-2.8,932.0,3810.61,3779.06,233.7,Win,2.88,6,,deusfund-sqx1
Closed position,1013425435,XAUUSD,0.4,Buy,3818.38,3810.74,2025/09/29 14:11:03,2025/09/29 16:04:16,2025/09/29,2025/09/29,-305.6,0,-2.8,-308.4,3842.25,3810.7,-76.4,Loss,1.89,6,,deusfund-sqx1
Closed position,1012604037,USTEC,8,Buy,24577.5,24623.5,2025/09/29 03:44:10,2025/09/29 16:29:41,2025/09/29,2025/09/29,368,0,0,368,0,24469.13,46.0,Win,12.76,202501007,,deusfund-sqx2
Closed position,1013829600,XAUUSD,0.4,Buy,3828.96,3820.88,2025/09/29 17:10:43,2025/09/29 17:19:03,2025/09/29,2025/09/29,-323.2,0,-2.8,-326.0,3852.46,3820.91,-80.8,Loss,0.14,6,,deusfund-sqx1
Closed position,1013829521,BTCUSD,0.8,Buy,113706.5,114124,2025/09/29 17:10:42,2025/09/29 18:00:00,2025/09/29,2025/09/29,334,0,0,334,0,113009.08,417.5,Win,0.82,1001,,deusfund-sqx1
Closed position,1013707739,USTEC,16,Buy,24653,24678,2025/09/29 16:32:19,2025/09/29 18:11:44,2025/09/29,2025/09/29,400,0,0,400,26132.13,24159.89,25,Win,1.66,202501010,,deusfund-sqx2
Closed position,1013760253,USTEC,8,Buy,24713.1,24643.1,2025/09/29 16:47:22,2025/09/29 18:17:39,2025/09/29,2025/09/29,-560,0,0,-560,25083.8,24642.87,-70.0,Loss,1.5,202501005,,deusfund-sqx2
Closed position,1013753368,USTEC,5,Buy,24696.3,24624,2025/09/29 16:45:03,2025/09/29 18:36:25,2025/09/29,2025/09/29,-361.5,0,0,-361.5,25068.15,24623.59,-72.3,Loss,1.86,2,,deusfund-sqx1
Closed position,1013867711,USTEC,8,Buy,24740.5,24597,2025/09/29 17:24:01,2025/09/29 22:45:00,2025/09/29,2025/09/29,-1148,0,0,-1148,0,22266.41,-143.5,Loss,5.35,9,,deusfund-sqx1
Closed position,1014179465,XAUUSD,0.4,Buy,3830.3,3854.05,2025/09/29 21:21:33,2025/09/30 06:13:16,2025/09/29,2025/09/30,950,-22.71,-2.8,924.49,3853.9,3822.35,237.5,Win,8.86,6,,deusfund-sqx1
Closed position,1012739474,XAUUSD,1,Buy,3793.01,3853.67,2025/09/29 05:20:39,2025/09/30 10:09:37,2025/09/29,2025/09/30,6066,-56.77,-7,6002.23,0,3778.27,606.6,Win,28.82,202501022,,deusfund-sqx2
Closed position,1012736737,XAUUSD,1,Buy,3791.39,3829.56,2025/09/29 05:19:44,2025/09/30 11:21:28,2025/09/29,2025/09/30,3817,-56.77,-7,3753.23,4132.34,3773.77,381.7,Win,30.03,202501027,,deusfund-sqx2
Closed position,1016041734,BTCUSD,0.8,Buy,114498,113995.5,2025/09/30 22:53:21,2025/10/01 01:26:55,2025/09/30,2025/10/01,-402,-50.96,0,-452.96,0,113997.98,-502.5,Loss,2.56,1001,,deusfund-sqx1
Closed position,1016252150,XAUUSD,0.4,Buy,3869.76,3861.74,2025/10/01 05:01:44,2025/10/01 05:54:30,2025/10/01,2025/10/01,-320.8,0,-2.8,-323.6,3893.22,3861.67,-80.2,Loss,0.88,6,,deusfund-sqx1
Closed position,1016256010,XAUUSD,1,Buy,3872.44,3863.4,2025/10/01 05:05:00,2025/10/01 06:00:00,2025/10/01,2025/10/01,-904,0,-7,-911,0,3850.05,-90.4,Loss,0.92,1007,,deusfund-sqx1
Closed position,1016159263,USDJPY,1,Buy,148.03,147.737,2025/10/01 02:59:53,2025/10/01 07:46:01,2025/10/01,2025/10/01,-198.33,0,-7,-205.33,150.099,147.737,-29.3,Loss,4.77,202501013,,deusfund-sqx2
Closed position,1016403051,XAUUSD,0.4,Buy,3869.88,3861.35,2025/10/01 08:04:47,2025/10/01 09:02:50,2025/10/01,2025/10/01,-341.2,0,-2.8,-344.0,3893.22,3861.67,-85.3,Loss,0.97,6,,deusfund-sqx1
Closed position,1016256021,XAUUSD,1,Buy,3872.44,3854.22,2025/10/01 05:05:00,2025/10/01 09:21:23,2025/10/01,2025/10/01,-1822,0,-7,-1829,4011.1,3854.64,-182.2,Loss,4.27,1006,,deusfund-sqx1
Closed position,1016256015,XAUUSD,1,Buy,3872.44,3854.22,2025/10/01 05:05:00,2025/10/01 09:21:23,2025/10/01,2025/10/01,-1822,0,-7,-1829,4011.1,3854.64,-182.2,Loss,4.27,202501023,,deusfund-sqx2
Closed position,1016594867,XAUUSD,0.4,Buy,3869.71,3893.21,2025/10/01 10:21:29,2025/10/01 11:20:10,2025/10/01,2025/10/01,940,0,-2.8,937.2,3893.22,3861.67,235.0,Win,0.98,6,,deusfund-sqx1
Closed position,1016377957,GBPJPY,1,Sell,198.707,198.341,2025/10/01 07:51:57,2025/10/01 15:30:00,2025/10/01,2025/10/01,249.15,0,-7,242.15,189.373,201.494,36.6,Win,7.63,202501002,,deusfund-sqx2
Closed position,1017696926,USTEC,8,Buy,24786,24895.3,2025/10/01 21:00:32,2025/10/02 14:00:00,2025/10/01,2025/10/02,874.4,-48.38,0,826.02,25157.59,24724.49,109.3,Win,16.99,202501005,,deusfund-sqx2
Closed position,1017650080,USTEC,5,Buy,24763.3,24945.2,2025/10/01 20:26:33,2025/10/02 16:30:01,2025/10/01,2025/10/02,909.5,-30.24,0,879.26,25134.75,24689.01,181.9,Win,20.06,2,,deusfund-sqx1
Closed position,1018613994,USTEC,8,Buy,24952.9,24916.6,2025/10/02 16:00:33,2025/10/02 16:34:31,2025/10/02,2025/10/02,-290.4,0,0,-290.4,25328.51,24915.83,-36.3,Loss,0.57,202501005,,deusfund-sqx2
Closed position,1017589114,USTEC,8,Buy,24729.6,24900.6,2025/10/01 19:31:14,2025/10/02 16:34:52,2025/10/01,2025/10/02,1368,-48.38,0,1319.62,0,24607.75,171.0,Win,21.06,202501007,,deusfund-sqx2
Closed position,1018648524,XAUUSD,0.4,Buy,3893.03,3884.68,2025/10/02 16:24:07,2025/10/02 16:38:20,2025/10/02,2025/10/02,-334,0,-2.8,-336.8,3916.47,3884.92,-83.5,Loss,0.24,6,,deusfund-sqx1
Closed position,1018667043,XAUUSD,1,Buy,3896.52,3879.66,2025/10/02 16:31:58,2025/10/02 16:49:40,2025/10/02,2025/10/02,-1686,0,-7,-1693,0,3879.75,-168.6,Loss,0.3,202501022,,deusfund-sqx2
Closed position,1018665041,XAUUSD,1,Buy,3895.46,3877.92,2025/10/02 16:31:46,2025/10/02 16:49:56,2025/10/02,2025/10/02,-1754,0,-7,-1761,4035.6,3878.15,-175.4,Loss,0.3,1006,,deusfund-sqx1
Closed position,1018665178,XAUUSD,1,Buy,3895.46,3877.92,2025/10/02 16:31:47,2025/10/02 16:49:56,2025/10/02,2025/10/02,-1754,0,-7,-1761,0,3878.15,-175.4,Loss,0.3,202501025,,deusfund-sqx2
Closed position,1018665184,XAUUSD,1,Buy,3895.46,3877.92,2025/10/02 16:31:47,2025/10/02 16:49:56,2025/10/02,2025/10/02,-1754,0,-7,-1761,4035.6,3878.15,-175.4,Loss,0.3,202501023,,deusfund-sqx2
Closed position,1018665094,XAUUSD,1,Buy,3895.46,3876.04,2025/10/02 16:31:46,2025/10/02 16:50:09,2025/10/02,2025/10/02,-1942,0,-7,-1949,4245.95,3876.25,-194.2,Loss,0.31,202501027,,deusfund-sqx2
Closed position,1018665211,XAUUSD,1,Buy,3895.46,3876.02,2025/10/02 16:31:47,2025/10/02 16:50:09,2025/10/02,2025/10/02,-1944,0,-7,-1951,0,3876.57,-194.4,Loss,0.31,202501021,,deusfund-sqx2
Closed position,1018665102,XAUUSD,1,Buy,3895.46,3874.66,2025/10/02 16:31:46,2025/10/02 16:50:45,2025/10/02,2025/10/02,-2080,0,-7,-2087,0,3874.73,-208.0,Loss,0.32,1007,,deusfund-sqx1
Closed position,1018823842,USTEC,8,Buy,24870.9,24898,2025/10/02 17:24:24,2025/10/02 22:45:00,2025/10/02,2025/10/02,216.8,0,0,216.8,0,22384.13,27.1,Win,5.34,9,,deusfund-sqx1
Closed position,1019629288,USTEC,8,Buy,24980.7,24940.9,2025/10/03 08:40:39,2025/10/03 14:18:54,2025/10/03,2025/10/03,-318.4,0,0,-318.4,0,24907.15,-39.8,Loss,5.64,202501007,,deusfund-sqx2
Closed position,1019602074,USTEC,5,Buy,24971.4,24846.8,2025/10/03 08:06:09,2025/10/03 17:09:21,2025/10/03,2025/10/03,-623,0,0,-623,25096.34,24846.62,-124.6,Loss,9.05,1,,deusfund-sqx1
Closed position,1020131532,XAUUSD,1,Buy,3886.39,3870.75,2025/10/03 16:41:43,2025/10/03 17:14:06,2025/10/03,2025/10/03,-1564,0,-7,-1571,0,3871.02,-156.4,Loss,0.54,202501026,,deusfund-sqx2
Closed position,1020974484,BTCUSD,0.8,Buy,124002.5,124083,2025/10/05 05:33:57,2025/10/05 06:00:00,2025/10/05,2025/10/05,64.4,0,0,64.4,0,123324.53,80.5,Win,0.43,1001,,deusfund-sqx1
Closed position,1021304784,XAUUSD,1,Buy,3898.91,3899.38,2025/10/06 01:59:51,2025/10/06 02:00:00,2025/10/06,2025/10/06,47,0,-7,40,0,3876.43,4.7,Win,0,1007,,deusfund-sqx1
Closed position,1021304850,XAUUSD,1,Buy,3898.91,3899.59,2025/10/06 01:59:52,2025/10/06 02:00:01,2025/10/06,2025/10/06,68,0,-7,61,0,3876.11,6.8,Win,0,202501021,,deusfund-sqx2
Closed position,1021304967,XAUUSD,1,Buy,3898.91,3920.99,2025/10/06 01:59:52,2025/10/06 06:00:00,2025/10/06,2025/10/06,2208,0,-7,2201,0,3880.19,220.8,Win,4,202501025,,deusfund-sqx2
Closed position,1021465229,XAUUSD,0.4,Buy,3909.62,3933.13,2025/10/06 04:42:05,2025/10/06 07:06:44,2025/10/06,2025/10/06,940.4,0,-2.8,937.6,3933.14,3901.59,235.1,Win,2.41,6,,deusfund-sqx1
Closed position,1021942728,XAUUSD,0.4,Buy,3942.7,3933.78,2025/10/06 13:00:01,2025/10/06 13:08:09,2025/10/06,2025/10/06,-356.8,0,-2.8,-359.6,3966.05,3934.5,-89.2,Loss,0.14,6,,deusfund-sqx1
Closed position,1021997955,XAUUSD,0.4,Buy,3942.58,3934.44,2025/10/06 14:00:27,2025/10/06 14:16:33,2025/10/06,2025/10/06,-325.6,0,-2.8,-328.4,3966.05,3934.5,-81.4,Loss,0.27,6,,deusfund-sqx1
Closed position,1021307210,USDJPY,1,Buy,149.318,149.981,2025/10/06 02:00:01,2025/10/06 15:00:48,2025/10/06,2025/10/06,442.06,0,-7,435.06,151.119,148.857,66.3,Win,13.01,202501017,,deusfund-sqx2
Closed position,1021368642,GBPJPY,1,Buy,200.931,201.498,2025/10/06 03:00:03,2025/10/06 15:00:49,2025/10/06,2025/10/06,377.89,0,-7,370.89,206.344,200.119,56.7,Win,12.01,202501003,,deusfund-sqx2
Closed position,1021307221,USDJPY,1,Buy,149.318,149.797,2025/10/06 02:00:01,2025/10/06 15:55:32,2025/10/06,2025/10/06,319.77,0,-7,312.77,151.866,147.834,47.9,Win,13.93,202501014,,deusfund-sqx2
Closed position,1021911823,USTEC,8,Buy,24920.2,24936.8,2025/10/06 12:23:58,2025/10/06 16:43:19,2025/10/06,2025/10/06,132.8,0,0,132.8,0,24810.16,16.6,Win,4.32,202501007,,deusfund-sqx2
Closed position,1021304915,XAUUSD,1,Buy,3898.91,3955.19,2025/10/06 01:59:52,2025/10/06 18:00:00,2025/10/06,2025/10/06,5628,0,-7,5621,4037.11,3880.22,562.8,Win,16,202501024,,deusfund-sqx2
Closed position,1022278582,XAUUSD,0.4,Buy,3942.7,3967,2025/10/06 16:41:37,2025/10/06 19:06:29,2025/10/06,2025/10/06,972,0,-2.8,969.2,3966.05,3934.5,243,Win,2.41,6,,deusfund-sqx1
Closed position,1022661911,BTCUSD,0.8,Buy,125776,125157,2025/10/06 20:21:28,2025/10/06 21:04:16,2025/10/06,2025/10/06,-495.2,0,0,-495.2,0,125121.33,-619,Loss,0.71,1001,,deusfund-sqx1
Closed position,1021304893,XAUUSD,1,Buy,3898.91,3958.32,2025/10/06 01:59:52,2025/10/06 22:00:00,2025/10/06,2025/10/06,5941,0,-7,5934,4247.53,3877.41,594.1,Win,20,202501027,,deusfund-sqx2
Closed position,1022237810,USTEC,16,Buy,25016.8,25003.4,2025/10/06 16:30:03,2025/10/06 22:45:00,2025/10/06,2025/10/06,-214.4,0,0,-214.4,26518.5,24517.1,-13.4,Loss,6.25,202501010,,deusfund-sqx2
Closed position,1022474592,USTEC,8,Buy,24960.2,25003.3,2025/10/06 18:05:00,2025/10/06 22:45:00,2025/10/06,2025/10/06,344.8,0,0,344.8,0,22463.93,43.1,Win,4.67,9,,deusfund-sqx1
Closed position,1022537921,USTEC,8,Buy,24997.9,25003.4,2025/10/06 18:49:22,2025/10/06 22:45:00,2025/10/06,2025/10/06,44,0,0,44,0,24247.93,5.5,Win,3.93,202501011,,deusfund-sqx2
Closed position,1022554309,USTEC,8,Buy,25005.7,25003.3,2025/10/06 19:00:01,2025/10/06 22:45:00,2025/10/06,2025/10/06,-19.2,0,0,-19.2,0,22504.84,-2.4,Loss,3.75,5,,deusfund-sqx1
Closed position,1022776879,XAUUSD,0.4,Buy,3962.61,3954.49,2025/10/06 22:07:49,2025/10/07 09:56:50,2025/10/06,2025/10/07,-324.8,-22.13,-2.8,-349.73,3986.04,3954.49,-81.2,Loss,11.82,6,,deusfund-sqx1
Closed position,1022903562,GBPJPY,1,Buy,202.744,202.193,2025/10/07 01:40:38,2025/10/07 14:41:14,2025/10/07,2025/10/07,-365.27,0,-7,-372.27,208.227,201.953,-55.1,Loss,13.01,202501003,,deusfund-sqx2
Closed position,1023634902,XAUUSD,1,Buy,3977.37,3978.93,2025/10/07 15:52:47,2025/10/07 17:00:00,2025/10/07,2025/10/07,156,0,-7,149,0,3957.6,15.6,Win,1.12,1007,,deusfund-sqx1
Closed position,1023633009,XAUUSD,0.4,Buy,3976.36,3967.76,2025/10/07 15:52:23,2025/10/07 18:46:54,2025/10/07,2025/10/07,-344,0,-2.8,-346.8,3999.49,3967.94,-86.0,Loss,2.91,6,,deusfund-sqx1
Closed position,1021307223,USDJPY,1,Buy,149.318,151.726,2025/10/06 02:00:01,2025/10/07 21:20:42,2025/10/06,2025/10/07,1587.07,5.82,-7,1585.89,151.716,148.58,240.8,Win,43.34,202501015,,deusfund-sqx2
Closed position,1021350759,USDJPY,1,Buy,149.466,152.012,2025/10/06 02:33:41,2025/10/07 23:13:07,2025/10/06,2025/10/07,1674.87,5.82,-7,1673.69,152.012,148.872,254.6,Win,44.66,202501016,,deusfund-sqx2
Closed position,1021307216,USDJPY,1,Buy,149.318,152.017,2025/10/06 02:00:01,2025/10/07 23:13:08,2025/10/06,2025/10/07,1775.46,5.82,-7,1774.28,152.015,148.884,269.9,Win,45.22,202501018,,deusfund-sqx2
Closed position,1022903257,USDJPY,1,Buy,150.379,152.189,2025/10/07 01:40:38,2025/10/08 03:01:20,2025/10/07,2025/10/08,1189.31,8.18,-7,1190.49,152.183,149.942,181.0,Win,25.34,202501017,,deusfund-sqx2
Closed position,1021307218,USDJPY,1,Buy,149.318,152.314,2025/10/06 02:00:01,2025/10/08 03:07:27,2025/10/06,2025/10/08,1966.99,14,-7,1973.99,152.314,148.691,299.6,Win,49.12,202501020,,deusfund-sqx2
Closed position,1022903268,USDJPY,1,Buy,150.379,152.483,2025/10/07 01:40:38,2025/10/08 04:28:07,2025/10/07,2025/10/08,1379.83,8.18,-7,1381.01,152.483,149.967,210.4,Win,26.79,202501013,,deusfund-sqx2
Closed position,1024310620,XAUUSD,0.4,Buy,3985.6,4009.08,2025/10/07 23:48:16,2025/10/08 05:51:00,2025/10/07,2025/10/08,939.2,-22.13,-2.8,914.27,4009.08,3977.53,234.8,Win,6.05,6,,deusfund-sqx1
Closed position,1022903263,USDJPY,1,Buy,150.379,152.934,2025/10/07 01:40:38,2025/10/08 12:34:06,2025/10/07,2025/10/08,1670.66,8.18,-7,1671.84,152.934,148.874,255.5,Win,34.89,202501014,,deusfund-sqx2
Closed position,1025153160,XAUUSD,0.4,Buy,4049.39,4040.64,2025/10/08 16:13:21,2025/10/08 16:21:12,2025/10/08,2025/10/08,-350,0,-2.8,-352.8,4072.8,4041.25,-87.5,Loss,0.13,6,,deusfund-sqx1
Closed position,1025381388,XAUUSD,0.4,Buy,4049.41,4041.05,2025/10/08 18:00:11,2025/10/08 18:14:06,2025/10/08,2025/10/08,-334.4,0,-2.8,-337.2,4072.8,4041.25,-83.6,Loss,0.23,6,,deusfund-sqx1
Closed position,1024350629,GBPJPY,1,Buy,203.909,204.328,2025/10/08 02:07:00,2025/10/08 19:35:45,2025/10/08,2025/10/08,274.23,0,-7,267.23,209.407,203.102,41.9,Win,17.48,202501003,,deusfund-sqx2
Closed position,1025430189,USTEC,5,Buy,25042.1,25030.5,2025/10/08 18:25:58,2025/10/08 19:50:16,2025/10/08,2025/10/08,-58,0,0,-58,25166.44,24916.02,-11.6,Loss,1.4,1,,deusfund-sqx1
Closed position,1025489170,XAUUSD,0.4,Buy,4049.59,4040.46,2025/10/08 19:10:53,2025/10/08 21:15:22,2025/10/08,2025/10/08,-365.2,0,-2.8,-368.0,4072.8,4041.25,-91.3,Loss,2.07,6,,deusfund-sqx1
Closed position,1025385399,USTEC,8,Buy,25010.3,25104.1,2025/10/08 18:01:34,2025/10/08 22:45:00,2025/10/08,2025/10/08,750.4,0,0,750.4,0,22508.62,93.8,Win,4.72,5,,deusfund-sqx1
Closed position,1025413041,USTEC,8,Buy,25020.1,25104.1,2025/10/08 18:15:36,2025/10/08 22:45:00,2025/10/08,2025/10/08,672,0,0,672,0,22517.52,84.0,Win,4.49,9,,deusfund-sqx1
Closed position,1025619691,USTEC,8,Buy,25078.4,25104.1,2025/10/08 20:48:56,2025/10/08 22:45:00,2025/10/08,2025/10/08,205.6,0,0,205.6,0,24326.78,25.7,Win,1.93,202501011,,deusfund-sqx2
Closed position,1025619783,USTEC,16,Buy,25080.5,25104.1,2025/10/08 20:48:58,2025/10/08 22:45:00,2025/10/08,2025/10/08,377.6,0,0,377.6,26585.27,24578.83,23.6,Win,1.93,202501010,,deusfund-sqx2
Closed position,1025252752,USTEC,8,Buy,24972.9,25133.5,2025/10/08 16:56:01,2025/10/09 04:14:33,2025/10/08,2025/10/09,1284.8,-48.85,0,1235.95,0,24878.82,160.6,Win,11.31,202501007,,deusfund-sqx2
Closed position,1026221707,USDJPY,1,Buy,152.972,152.66,2025/10/09 09:19:28,2025/10/09 12:04:43,2025/10/09,2025/10/09,-204.38,0,-7,-211.38,154.808,152.586,-31.2,Loss,2.75,202501017,,deusfund-sqx2
Closed position,1026221715,USDJPY,1,Buy,152.972,152.612,2025/10/09 09:19:28,2025/10/09 12:04:46,2025/10/09,2025/10/09,-235.89,0,-7,-242.89,155.114,152.609,-36.0,Loss,2.76,202501013,,deusfund-sqx2
Closed position,1026221714,USDJPY,1,Buy,152.972,152.401,2025/10/09 09:19:28,2025/10/09 16:07:03,2025/10/09,2025/10/09,-374.67,0,-7,-381.67,155.573,151.442,-57.1,Loss,6.79,202501014,,deusfund-sqx2
Closed position,1026712546,XAUUSD,0.4,Buy,4056.65,4048.04,2025/10/09 16:08:37,2025/10/09 16:34:35,2025/10/09,2025/10/09,-344.4,0,-2.8,-347.2,4080.11,4048.56,-86.1,Loss,0.43,6,,deusfund-sqx1
Closed position,1021769142,GBPJPY,1,Buy,202.122,203.719,2025/10/06 10:38:08,2025/10/09 18:25:37,2025/10/06,2025/10/09,1043.07,48.84,-7,1084.91,206.073,200.973,159.7,Win,79.79,202501002,,deusfund-sqx2
Closed position,1028453871,USTEC,8,Buy,25179.4,25088.4,2025/10/10 16:37:48,2025/10/10 17:57:58,2025/10/10,2025/10/10,-728,0,0,-728,0,25090.28,-91.0,Loss,1.34,202501007,,deusfund-sqx2
Closed position,1028635164,USTEC,5,Sell,24956.1,24831.3,2025/10/10 17:59:16,2025/10/10 18:02:26,2025/10/10,2025/10/10,624,0,0,624,24835.53,25085.13,124.8,Win,0.05,1,,deusfund-sqx1
Closed position,1024350649,USDJPY,1,Buy,151.913,152.105,2025/10/08 02:07:00,2025/10/10 18:06:51,2025/10/08,2025/10/10,126.23,33.1,-7,152.33,154.641,151.548,19.2,Win,64,202501018,,deusfund-sqx2
Closed position,1024350652,USDJPY,1,Buy,151.913,151.923,2025/10/08 02:07:00,2025/10/10 18:09:31,2025/10/08,2025/10/10,6.58,33.1,-7,32.68,154.489,151.413,1.0,Win,64.04,202501016,,deusfund-sqx2
Closed position,1029964244,XAUUSD,0.4,Buy,4056.91,4046.85,2025/10/13 02:08:23,2025/10/13 02:14:15,2025/10/13,2025/10/13,-402.4,0,-2.8,-405.2,4080.11,4048.56,-100.6,Loss,0.1,6,,deusfund-sqx1
Closed position,1029967243,XAUUSD,1,Buy,4059.42,4040.61,2025/10/13 02:09:00,2025/10/13 02:39:17,2025/10/13,2025/10/13,-1881,0,-7,-1888,4205.29,4040.58,-188.1,Loss,0.5,1006,,deusfund-sqx1
Closed position,1029967162,XAUUSD,1,Buy,4059.42,4040.61,2025/10/13 02:09:00,2025/10/13 02:39:17,2025/10/13,2025/10/13,-1881,0,-7,-1888,4205.29,4040.58,-188.1,Loss,0.5,202501023,,deusfund-sqx2
Closed position,1029967163,XAUUSD,1,Buy,4059.42,4039.43,2025/10/13 02:09:00,2025/10/13 02:40:29,2025/10/13,2025/10/13,-1999,0,-7,-2006,4205.29,4039.49,-199.9,Loss,0.52,202501024,,deusfund-sqx2
Closed position,1029964255,XAUUSD,1,Buy,4056.91,4035.13,2025/10/13 02:08:23,2025/10/13 02:55:21,2025/10/13,2025/10/13,-2178,0,-7,-2185,0,4036.1,-217.8,Loss,0.78,202501026,,deusfund-sqx2
Closed position,1029967252,XAUUSD,1,Buy,4059.42,4035.71,2025/10/13 02:09:00,2025/10/13 02:55:21,2025/10/13,2025/10/13,-2371,0,-7,-2378,0,4036.19,-237.1,Loss,0.77,202501025,,deusfund-sqx2
Closed position,1029967211,XAUUSD,1,Buy,4059.42,4034.85,2025/10/13 02:09:00,2025/10/13 03:00:00,2025/10/13,2025/10/13,-2457,0,-7,-2464,0,4030.51,-245.7,Loss,0.85,1007,,deusfund-sqx1
Closed position,1029967261,XAUUSD,1,Buy,4059.42,4031.43,2025/10/13 02:09:00,2025/10/13 03:03:25,2025/10/13,2025/10/13,-2799,0,-7,-2806,4424.48,4031.7,-279.9,Loss,0.91,202501027,,deusfund-sqx2
Closed position,1029965158,XAUUSD,1,Buy,4057.97,4027.93,2025/10/13 02:08:26,2025/10/13 03:07:52,2025/10/13,2025/10/13,-3004,0,-7,-3011,0,4028.76,-300.4,Loss,0.99,202501021,,deusfund-sqx2
Closed position,1029836999,BTCUSD,0.8,Buy,114839.12,115453,2025/10/12 23:02:31,2025/10/13 11:00:00,2025/10/12,2025/10/13,491.1,0,0,491.1,0,113755.78,613.9,Win,11.96,1001,,deusfund-sqx1
Closed position,1030244382,XAUUSD,0.4,Buy,4056.59,4080.16,2025/10/13 07:18:44,2025/10/13 13:48:48,2025/10/13,2025/10/13,942.8,0,-2.8,940.0,4080.11,4048.56,235.7,Win,6.5,6,,deusfund-sqx1
Closed position,1030694807,XAUUSD,0.4,Buy,4081.16,4104.51,2025/10/13 14:01:07,2025/10/13 18:56:15,2025/10/13,2025/10/13,934,0,-2.8,931.2,4104.55,4073,233.5,Win,4.92,6,,deusfund-sqx1
Closed position,1031337509,USTEC,8,Buy,24769.5,24757.6,2025/10/13 19:56:31,2025/10/13 22:45:00,2025/10/13,2025/10/13,-95.2,0,0,-95.2,0,22292.27,-11.9,Loss,2.81,5,,deusfund-sqx1
Closed position,1031470300,USTEC,8,Buy,24781.3,24757.6,2025/10/13 21:30:51,2025/10/13 22:45:00,2025/10/13,2025/10/13,-189.6,0,0,-189.6,0,22302.9,-23.7,Loss,1.24,9,,deusfund-sqx1
Closed position,1031638186,XAUUSD,0.4,Buy,4115.04,4138.6,2025/10/14 02:00:00,2025/10/14 04:12:03,2025/10/14,2025/10/14,942.4,0,-2.8,939.6,4138.39,4106.84,235.6,Win,2.2,6,,deusfund-sqx1
Closed position,1031703021,GBPJPY,1,Buy,203.334,202.73,2025/10/14 03:17:02,2025/10/14 07:11:49,2025/10/14,2025/10/14,-397.58,0,-7,-404.58,208.825,202.535,-60.4,Loss,3.91,202501003,,deusfund-sqx2
Closed position,1030274641,XAUUSD,1,Buy,4060.98,4143.3,2025/10/13 08:04:57,2025/10/14 08:39:44,2025/10/13,2025/10/14,8232,-45.92,-7,8179.08,0,4043.03,823.2,Win,24.58,202501022,,deusfund-sqx2
Closed position,1032099069,GBPJPY,1,Sell,201.848,201.756,2025/10/14 09:22:10,2025/10/14 11:10:06,2025/10/14,2025/10/14,60.5,0,-7,53.5,192.35,204.662,9.2,Win,1.8,202501002,,deusfund-sqx2
Closed position,1032464918,USTEC,5,Sell,24360.2,24540.9,2025/10/14 13:43:38,2025/10/14 17:27:19,2025/10/14,2025/10/14,-903.5,0,0,-903.5,23996.23,24540.17,-180.7,Loss,3.73,2,,deusfund-sqx1
Closed position,1032733295,USTEC,5,Sell,24368.5,24549.9,2025/10/14 16:35:26,2025/10/14 17:30:06,2025/10/14,2025/10/14,-907,0,0,-907,24003.46,24548.37,-181.4,Loss,0.91,2,,deusfund-sqx1
Closed position,1033479122,XAUUSD,0.4,Buy,4168.15,4160,2025/10/15 03:11:56,2025/10/15 03:27:11,2025/10/15,2025/10/15,-326,0,-2.8,-328.8,4191.62,4160.07,-81.5,Loss,0.25,6,,deusfund-sqx1
Closed position,1033532899,XAUUSD,1,Buy,4179.63,4182.02,2025/10/15 04:07:25,2025/10/15 05:00:00,2025/10/15,2025/10/15,239,0,-7,232,0,4146.84,23.9,Win,0.88,1007,,deusfund-sqx1
Closed position,1024350655,USDJPY,1,Buy,151.913,151.144,2025/10/08 02:07:00,2025/10/15 05:09:54,2025/10/08,2025/10/15,-508.79,58.52,-7,-457.27,154.338,151.147,-76.9,Loss,171.05,202501015,,deusfund-sqx2
Closed position,1033524254,XAUUSD,0.4,Buy,4167.9,4192,2025/10/15 04:02:19,2025/10/15 08:23:48,2025/10/15,2025/10/15,964,0,-2.8,961.2,4191.62,4160.07,241,Win,4.36,6,,deusfund-sqx1
Closed position,1033789933,XAUUSD,0.4,Buy,4187.29,4211.18,2025/10/15 09:00:15,2025/10/15 11:06:24,2025/10/15,2025/10/15,955.6,0,-2.8,952.8,4210.64,4179.09,238.9,Win,2.1,6,,deusfund-sqx1
Closed position,1033538870,XAUUSD,1,Buy,4181.97,4176.81,2025/10/15 04:12:28,2025/10/15 12:21:18,2025/10/15,2025/10/15,-516,0,-7,-523,0,4157.51,-51.6,Loss,8.15,202501022,,deusfund-sqx2
Closed position,1034472117,XAUUSD,0.4,Buy,4208,4199.7,2025/10/15 17:10:55,2025/10/15 17:35:57,2025/10/15,2025/10/15,-332,0,-2.8,-334.8,4231.45,4199.9,-83,Loss,0.42,6,,deusfund-sqx1
Closed position,1034440001,USTEC,8,Buy,24852,24860.2,2025/10/15 17:00:09,2025/10/15 18:32:55,2025/10/15,2025/10/15,65.6,0,0,65.6,0,22368.52,8.2,Win,1.55,9,,deusfund-sqx1
Closed position,1034727916,USTEC,8,Buy,24813.1,24736,2025/10/15 19:25:56,2025/10/15 22:45:00,2025/10/15,2025/10/15,-616.8,0,0,-616.8,0,22331.71,-77.1,Loss,3.32,9,,deusfund-sqx1
Closed position,1034964153,XAUUSD,0.4,Buy,4208.31,4231.41,2025/10/15 22:18:09,2025/10/16 04:42:12,2025/10/15,2025/10/16,924,-60.23,-2.8,860.97,4231.45,4199.9,231.0,Win,6.4,6,,deusfund-sqx1
Closed position,1035215120,XAUUSD,1,Buy,4218.2,4230.37,2025/10/16 04:06:14,2025/10/16 05:00:00,2025/10/16,2025/10/16,1217,0,-7,1210,0,4193.74,121.7,Win,0.9,202501025,,deusfund-sqx2
Closed position,1035250578,XAUUSD,1,Buy,4229.71,4212.89,2025/10/16 04:37:32,2025/10/16 08:31:51,2025/10/16,2025/10/16,-1682,0,-7,-1689,0,4206.29,-168.2,Loss,3.91,202501022,,deusfund-sqx2
Closed position,1035748560,XAUUSD,0.4,Buy,4239.69,4231.45,2025/10/16 12:58:05,2025/10/16 15:40:10,2025/10/16,2025/10/16,-329.6,0,-2.8,-332.4,4263.11,4231.56,-82.4,Loss,2.7,6,,deusfund-sqx1
Closed position,1035871547,GBPJPY,1,Buy,203.271,202.577,2025/10/16 14:54:28,2025/10/16 17:09:56,2025/10/16,2025/10/16,-459.65,0,-7,-466.65,208.759,202.471,-69.4,Loss,2.26,202501003,,deusfund-sqx2
Closed position,1036079391,USTEC,8,Buy,24938.2,24915.8,2025/10/16 16:45:43,2025/10/16 18:05:59,2025/10/16,2025/10/16,-179.2,0,0,-179.2,0,22444.55,-22.4,Loss,1.34,9,,deusfund-sqx1
Closed position,1035955068,USTEC,8,Buy,24928,24851.8,2025/10/16 15:45:21,2025/10/16 18:28:07,2025/10/16,2025/10/16,-609.6,0,0,-609.6,0,24753.77,-76.2,Loss,2.71,202501007,,deusfund-sqx2
Closed position,1035763038,USTEC,5,Buy,24892,24816.6,2025/10/16 13:08:29,2025/10/16 18:41:19,2025/10/16,2025/10/16,-377,0,0,-377,25264.87,24816.83,-75.4,Loss,5.55,2,,deusfund-sqx1
Closed position,1035699759,GBPJPY,1,Buy,203.432,202.282,2025/10/16 12:25:32,2025/10/16 18:57:18,2025/10/16,2025/10/16,-762.81,0,-7,-769.81,207.379,202.279,-115.0,Loss,6.53,202501002,,deusfund-sqx2
Closed position,1036577169,USTEC,8,Buy,24784.5,24601.3,2025/10/16 20:18:42,2025/10/16 22:45:00,2025/10/16,2025/10/16,-1465.6,0,0,-1465.6,0,22306.13,-183.2,Loss,2.44,9,,deusfund-sqx1
Closed position,1037558214,GBPJPY,1,Sell,201.446,201.381,2025/10/17 09:53:26,2025/10/17 13:54:01,2025/10/17,2025/10/17,43.37,0,-7,36.37,191.978,204.266,6.5,Win,4.01,202501002,,deusfund-sqx2
Closed position,1037426815,USTEC,5,Sell,24467,24646.7,2025/10/17 08:38:05,2025/10/17 16:37:48,2025/10/17,2025/10/17,-898.5,0,0,-898.5,24103.42,24644.8,-179.7,Loss,8,2,,deusfund-sqx1
Closed position,1039061917,USTEC,8,Buy,24838.6,24820.1,2025/10/17 21:19:37,2025/10/20 03:16:16,2025/10/17,2025/10/20,-148,-147.82,0,-295.82,0,24605.48,-18.5,Loss,53.94,202501007,,deusfund-sqx2
Closed position,1039701603,USDJPY,1,Buy,150.637,150.394,2025/10/20 01:00:08,2025/10/20 12:07:08,2025/10/20,2025/10/20,-161.58,0,-7,-168.58,153.176,149.11,-24.3,Loss,11.12,202501014,,deusfund-sqx2
Closed position,1041094020,USTEC,8,Buy,25137.4,25130.9,2025/10/20 17:45:43,2025/10/20 22:21:26,2025/10/20,2025/10/20,-52,0,0,-52,0,22623.38,-6.5,Loss,4.6,9,,deusfund-sqx1
Closed position,1041108346,USTEC,8,Buy,25155.5,25144.4,2025/10/20 17:53:38,2025/10/20 22:45:00,2025/10/20,2025/10/20,-88.8,0,0,-88.8,0,24400.52,-11.1,Loss,4.86,202501011,,deusfund-sqx2
Closed position,1041369695,USTEC,16,Buy,25186.8,25144.4,2025/10/20 20:49:08,2025/10/20 22:45:00,2025/10/20,2025/10/20,-678.4,0,0,-678.4,26698.46,24683.49,-42.4,Loss,1.93,202501010,,deusfund-sqx2
Closed position,1041515462,XAUUSD,1,Buy,4379.75,4378.7,2025/10/20 22:57:24,2025/10/20 23:00:00,2025/10/20,2025/10/20,-105,0,-7,-112,0,4333.59,-10.5,Loss,0.04,202501021,,deusfund-sqx2
Closed position,1041515243,XAUUSD,1,Buy,4379.75,4378.7,2025/10/20 22:57:24,2025/10/20 23:00:00,2025/10/20,2025/10/20,-105,0,-7,-112,0,4331.97,-10.5,Loss,0.04,1007,,deusfund-sqx1
Closed position,1041510993,XAUUSD,0.4,Buy,4378.1,4367.6,2025/10/20 22:55:47,2025/10/20 23:02:04,2025/10/20,2025/10/20,-420,0,-2.8,-422.8,4399.95,4368.4,-105,Loss,0.1,6,,deusfund-sqx1
Closed position,1041515259,XAUUSD,1,Buy,4379.75,4346.72,2025/10/20 22:57:24,2025/10/20 23:19:05,2025/10/20,2025/10/20,-3303,0,-7,-3310,4537.06,4346.93,-330.3,Loss,0.36,202501023,,deusfund-sqx2
Closed position,1041515244,XAUUSD,1,Buy,4379.75,4346.72,2025/10/20 22:57:24,2025/10/20 23:19:05,2025/10/20,2025/10/20,-3303,0,-7,-3310,4537.06,4346.93,-330.3,Loss,0.36,1006,,deusfund-sqx1
Closed position,1041515420,XAUUSD,1,Buy,4379.75,4368.56,2025/10/20 22:57:24,2025/10/21 04:00:00,2025/10/20,2025/10/21,-1119,-55.23,-7,-1181.23,0,4345.32,-111.9,Loss,5.04,202501025,,deusfund-sqx2
Closed position,1041515291,XAUUSD,1,Buy,4379.75,4345.81,2025/10/20 22:57:24,2025/10/21 04:30:21,2025/10/20,2025/10/21,-3394,-55.23,-7,-3456.23,4537.06,4346.01,-339.4,Loss,5.55,202501024,,deusfund-sqx2
Closed position,1041511020,XAUUSD,1,Buy,4378.1,4342.3,2025/10/20 22:55:47,2025/10/21 04:30:45,2025/10/20,2025/10/21,-3580,-55.23,-7,-3642.23,0,4342.13,-358,Loss,5.58,202501026,,deusfund-sqx2
Closed position,1041515516,XAUUSD,1,Buy,4379.75,4336.85,2025/10/20 22:57:24,2025/10/21 04:37:39,2025/10/20,2025/10/21,-4290,-55.23,-7,-4352.23,4773.55,4336.78,-429.0,Loss,5.67,202501027,,deusfund-sqx2
Closed position,1041000731,USTEC,8,Buy,25082.7,25114.7,2025/10/20 17:06:40,2025/10/21 10:00:00,2025/10/20,2025/10/21,256,-49.75,0,206.25,25458.13,24968.83,32.0,Win,16.89,202501005,,deusfund-sqx2
Closed position,1041998987,USDJPY,1,Buy,151.414,151.081,2025/10/21 08:17:38,2025/10/21 10:25:39,2025/10/21,2025/10/21,-220.41,0,-7,-227.41,153.219,151.041,-33.3,Loss,2.13,202501017,,deusfund-sqx2
Closed position,1042073581,GBPJPY,1,Buy,202.785,202.815,2025/10/21 09:11:16,2025/10/21 16:49:15,2025/10/21,2025/10/21,19.76,0,-7,12.76,208.259,201.984,3.0,Win,7.63,202501003,,deusfund-sqx2
Closed position,1041214245,USTEC,5,Buy,25178.8,25053,2025/10/20 18:51:26,2025/10/21 16:57:11,2025/10/20,2025/10/21,-629,-31.1,0,-660.1,25304.3,25052.52,-125.8,Loss,22.1,1,,deusfund-sqx1
Closed position,1041815186,USDJPY,1,Buy,150.968,151.605,2025/10/21 04:55:28,2025/10/22 04:00:01,2025/10/21,2025/10/22,420.17,8.29,-7,421.46,153.533,149.457,63.7,Win,23.08,202501014,,deusfund-sqx2
Closed position,1042517109,GBPJPY,1,Buy,203.292,202.129,2025/10/21 13:44:27,2025/10/22 10:01:09,2025/10/21,2025/10/22,-766.74,10.46,-7,-763.28,207.229,202.129,-116.3,Loss,20.28,202501002,,deusfund-sqx2
Closed position,1045444650,USTEC,5,Sell,24850.8,24719.3,2025/10/22 18:30:18,2025/10/22 19:32:14,2025/10/22,2025/10/22,657.5,0,0,657.5,24727.61,24976.13,131.5,Win,1.03,1,,deusfund-sqx1
Closed position,1039701604,USDJPY,1,Buy,150.637,152.728,2025/10/20 01:00:08,2025/10/23 13:53:40,2025/10/20,2025/10/23,1369.1,42.06,-7,1404.16,152.725,150.233,209.1,Win,84.89,202501013,,deusfund-sqx2
Closed position,1041815184,USDJPY,1,Buy,150.968,152.778,2025/10/21 04:55:28,2025/10/23 14:00:07,2025/10/21,2025/10/23,1184.73,33.52,-7,1211.25,152.779,149.759,181.0,Win,57.08,2025010019,,deusfund-sqx2
Closed position,1047518041,BTCUSD,0.8,Buy,111168.29,110228.8,2025/10/23 20:48:31,2025/10/23 22:04:47,2025/10/23,2025/10/23,-751.59,0,0,-751.59,0,110249.83,-939.5,Loss,1.27,1001,,deusfund-sqx1
Closed position,1047505650,USTEC,8,Buy,25115.7,25099,2025/10/23 20:39:22,2025/10/23 22:45:01,2025/10/23,2025/10/23,-133.6,0,0,-133.6,0,22603.2,-16.7,Loss,2.09,5,,deusfund-sqx1
Closed position,1039701602,USDJPY,1,Buy,150.637,153.035,2025/10/20 01:00:08,2025/10/24 08:29:56,2025/10/20,2025/10/24,1566.96,50.65,-7,1610.61,153.026,149.863,239.8,Win,103.5,202501015,,deusfund-sqx2
Closed position,1041996713,USDJPY,1,Buy,151.295,152.238,2025/10/21 08:15:53,2025/10/24 15:30:04,2025/10/21,2025/10/24,619.42,42.11,-7,654.53,154.316,150.802,94.3,Win,79.24,202501020,,deusfund-sqx2
Closed position,1046062508,USDJPY,1,Buy,151.986,152.238,2025/10/23 02:45:14,2025/10/24 15:30:04,2025/10/23,2025/10/24,165.53,8.59,-7,167.12,154.565,150.461,25.2,Win,36.75,202501014,,deusfund-sqx2
Closed position,1046083117,USDJPY,1,Buy,152.033,152.238,2025/10/23 03:01:56,2025/10/24 15:30:04,2025/10/23,2025/10/24,134.66,8.59,-7,136.25,153.853,151.691,20.5,Win,36.47,202501017,,deusfund-sqx2
Closed position,1046083118,USDJPY,1,Buy,152.033,152.238,2025/10/23 03:01:56,2025/10/24 15:30:05,2025/10/23,2025/10/24,134.66,8.59,-7,136.25,154.613,151.591,20.5,Win,36.47,202501016,,deusfund-sqx2
Closed position,1048695315,USTEC,8,Buy,25359.5,25285,2025/10/24 15:30:29,2025/10/24 16:31:44,2025/10/24,2025/10/24,-596,0,0,-596,25739.39,25283.31,-74.5,Loss,1.02,202501005,,deusfund-sqx2
Closed position,1048865963,USTEC,8,Buy,25343.4,25340.2,2025/10/24 16:34:33,2025/10/24 17:30:32,2025/10/24,2025/10/24,-25.6,0,0,-25.6,0,22808.47,-3.2,Loss,0.93,9,,deusfund-sqx1
Closed position,1048850138,USTEC,16,Buy,25318.4,25330.8,2025/10/24 16:30:08,2025/10/24 17:30:57,2025/10/24,2025/10/24,198.4,0,0,198.4,26837.41,24811.94,12.4,Win,1.01,202501010,,deusfund-sqx2
Closed position,1046436548,GBPJPY,1,Buy,203.51,203.174,2025/10/23 09:24:14,2025/10/24 17:52:00,2025/10/23,2025/10/24,-219.88,10.79,-7,-216.09,209.01,202.715,-33.6,Loss,32.46,202501003,,deusfund-sqx2
Closed position,1047505633,USTEC,8,Buy,25115.2,25296.8,2025/10/23 20:39:22,2025/10/24 17:56:52,2025/10/23,2025/10/24,1452.8,-49.49,0,1403.31,0,24910.29,181.6,Win,21.29,202501007,,deusfund-sqx2
Closed position,1048688410,USTEC,5,Buy,25326.9,25374.7,2025/10/24 15:30:06,2025/10/24 19:00:00,2025/10/24,2025/10/24,239,0,0,239,25651.98,25197.07,47.8,Win,3.5,2,,deusfund-sqx1
Closed position,1046436547,GBPJPY,1,Buy,203.51,203.202,2025/10/23 09:24:14,2025/10/24 20:00:00,2025/10/23,2025/10/24,-201.52,10.79,-7,-197.73,207.465,202.365,-30.8,Loss,34.6,202501002,,deusfund-sqx2
Closed position,1049127817,USTEC,16,Buy,25344.1,25394.5,2025/10/24 18:12:56,2025/10/24 22:45:00,2025/10/24,2025/10/24,806.4,0,0,806.4,26864.53,24837.02,50.4,Win,4.53,202501010,,deusfund-sqx2
Closed position,1049243361,USTEC,8,Buy,25395.6,25394.2,2025/10/24 19:20:23,2025/10/24 22:45:00,2025/10/24,2025/10/24,-11.2,0,0,-11.2,0,22855.9,-1.4,Loss,3.41,9,,deusfund-sqx1
Closed position,1049629868,BTCUSD,0.8,Buy,111404.05,111642.15,2025/10/25 07:18:04,2025/10/25 23:00:00,2025/10/25,2025/10/25,190.48,0,0,190.48,0,110562.89,238.1,Win,15.7,1001,,deusfund-sqx1
Closed position,1049859206,BTCUSD,0.8,Buy,111931.27,114572.59,2025/10/26 12:21:18,2025/10/27 03:00:00,2025/10/26,2025/10/27,2113.06,0,0,2113.06,0,111490.51,2641.3,Win,14.64,1001,,deusfund-sqx1
Closed position,1050114016,USDJPY,1,Buy,153.075,152.778,2025/10/27 02:00:26,2025/10/27 04:11:46,2025/10/27,2025/10/27,-194.4,0,-7,-201.4,155.219,152.784,-29.7,Loss,2.19,202501013,,deusfund-sqx2
Closed position,1050114015,USDJPY,1,Buy,153.075,152.76,2025/10/27 02:00:26,2025/10/27 04:13:07,2025/10/27,2025/10/27,-206.21,0,-7,-213.21,154.913,152.766,-31.5,Loss,2.21,202501017,,deusfund-sqx2
Closed position,1050114012,USDJPY,1,Buy,153.075,152.672,2025/10/27 02:00:26,2025/10/27 04:18:35,2025/10/27,2025/10/27,-263.96,0,-7,-270.96,155.678,152.675,-40.3,Loss,2.3,202501016,,deusfund-sqx2
Closed position,1050114014,USDJPY,1,Buy,153.075,152.739,2025/10/27 02:00:26,2025/10/27 12:35:52,2025/10/27,2025/10/27,-219.98,0,-7,-226.98,155.678,151.545,-33.6,Loss,10.59,202501014,,deusfund-sqx2
Closed position,1051172146,USTEC,8,Buy,25712.7,25790.7,2025/10/27 16:31:13,2025/10/27 22:45:00,2025/10/27,2025/10/27,624,0,0,624,0,23141.89,78.0,Win,6.23,9,,deusfund-sqx1
Closed position,1051781217,USTEC,16,Buy,25786.4,25790.7,2025/10/27 21:18:28,2025/10/27 22:45:00,2025/10/27,2025/10/27,68.8,0,0,68.8,27333.57,25270.66,4.3,Win,1.44,202501010,,deusfund-sqx2
Closed position,1050113296,GBPJPY,1,Buy,203.939,203.465,2025/10/27 02:00:01,2025/10/28 04:07:54,2025/10/27,2025/10/28,-311.05,10.95,-7,-307.10,209.447,203.141,-47.4,Loss,26.13,202501003,,deusfund-sqx2
Closed position,1050114013,USDJPY,1,Buy,153.075,152.302,2025/10/27 02:00:26,2025/10/28 04:12:54,2025/10/27,2025/10/28,-507.54,8.71,-7,-505.83,155.525,152.311,-77.3,Loss,26.21,202501015,,deusfund-sqx2
Closed position,1039701601,USDJPY,1,Buy,150.637,152.076,2025/10/20 01:00:08,2025/10/28 07:39:19,2025/10/20,2025/10/28,946.24,68,-7,1007.24,153.327,150.233,143.9,Win,198.65,202501018,,deusfund-sqx2
Closed position,1051391999,USTEC,8,Buy,25737.4,25814.3,2025/10/27 17:36:04,2025/10/28 10:00:00,2025/10/27,2025/10/28,615.2,-50.45,0,564.75,26122.95,25668.36,76.9,Win,16.4,202501005,,deusfund-sqx2
Closed position,1051912908,USTEC,8,Buy,25807.9,25801.4,2025/10/27 22:49:18,2025/10/28 11:11:11,2025/10/27,2025/10/28,-52,-50.45,0,-102.45,0,25681.46,-6.5,Loss,12.36,202501007,,deusfund-sqx2
Closed position,1053237324,USTEC,8,Buy,25927,25889.1,2025/10/28 16:30:06,2025/10/28 16:53:33,2025/10/28,2025/10/28,-303.2,0,0,-303.2,26313.98,25889.92,-37.9,Loss,0.39,202501005,,deusfund-sqx2
Closed position,1052748022,GBPJPY,1,Sell,202.055,202.021,2025/10/28 11:43:55,2025/10/28 18:59:29,2025/10/28,2025/10/28,22.35,0,-7,15.35,192.56,204.886,3.4,Win,7.26,202501002,,deusfund-sqx2
Closed position,1053242227,USTEC,5,Buy,25947.6,26077.2,2025/10/28 16:31:19,2025/10/28 22:26:59,2025/10/28,2025/10/28,648,0,0,648,26076.93,25817.45,129.6,Win,5.93,1,,deusfund-sqx1
Closed position,1053761377,USTEC,16,Buy,26007.3,26049.2,2025/10/28 20:50:16,2025/10/28 22:45:00,2025/10/28,2025/10/28,670.4,0,0,670.4,27567.24,25486.69,41.9,Win,1.91,202501010,,deusfund-sqx2
Closed position,1053765442,USTEC,8,Buy,26012.1,26049.2,2025/10/28 20:52:56,2025/10/28 22:45:00,2025/10/28,2025/10/28,296.8,0,0,296.8,0,25939.85,37.1,Win,1.87,8,,deusfund-sqx1
Closed position,1053765443,USTEC,8,Buy,26012.1,26049.2,2025/10/28 20:52:56,2025/10/28 22:45:00,2025/10/28,2025/10/28,296.8,0,0,296.8,0,25939.85,37.1,Win,1.87,7,,deusfund-sqx1
Closed position,1053766020,USTEC,8,Buy,26013.1,26049.2,2025/10/28 20:53:32,2025/10/28 22:45:00,2025/10/28,2025/10/28,288.8,0,0,288.8,0,23411.58,36.1,Win,1.86,9,,deusfund-sqx1
Closed position,1053795338,USTEC,8,Buy,26022,26049.2,2025/10/28 21:16:14,2025/10/28 22:45:00,2025/10/28,2025/10/28,217.6,0,0,217.6,0,25241.94,27.2,Win,1.48,202501011,,deusfund-sqx2
Closed position,1054090289,USDJPY,1,Buy,152.195,151.868,2025/10/29 02:50:36,2025/10/29 02:55:45,2025/10/29,2025/10/29,-215.32,0,-7,-222.32,154.328,151.874,-32.7,Loss,0.09,202501013,,deusfund-sqx2
Closed position,1054498716,USTEC,8,Buy,26132.8,26088.2,2025/10/29 09:18:38,2025/10/29 12:33:30,2025/10/29,2025/10/29,-356.8,0,0,-356.8,26524.89,26089.36,-44.6,Loss,3.25,202501005,,deusfund-sqx2
Closed position,1054541552,GBPJPY,1,Sell,201.251,201.434,2025/10/29 09:57:04,2025/10/29 14:28:19,2025/10/29,2025/10/29,-120.07,0,-7,-127.07,191.794,204.071,-18.3,Loss,4.52,202501002,,deusfund-sqx2
Closed position,1055407654,USTEC,8,Buy,26112.3,26068.9,2025/10/29 19:30:50,2025/10/29 21:05:18,2025/10/29,2025/10/29,-347.2,0,0,-347.2,0,23501.4,-43.4,Loss,1.57,9,,deusfund-sqx1
Closed position,1055796174,USTEC,8,Buy,26093.7,26051.2,2025/10/29 22:25:50,2025/10/29 22:45:00,2025/10/29,2025/10/29,-340,0,0,-340,0,23486.91,-42.5,Loss,0.32,9,,deusfund-sqx1
Closed position,1055879107,USTEC,8,Buy,26205,26138.5,2025/10/29 23:02:07,2025/10/29 23:03:09,2025/10/29,2025/10/29,-532,0,0,-532,0,26124.06,-66.5,Loss,0.02,202501007,,deusfund-sqx2
Closed position,1056077664,USDJPY,1,Buy,152.829,152.408,2025/10/30 03:02:23,2025/10/30 05:13:02,2025/10/30,2025/10/30,-276.23,0,-7,-283.23,154.968,152.406,-42.1,Loss,2.18,202501013,,deusfund-sqx2
Closed position,1056077667,USDJPY,1,Buy,152.829,152.408,2025/10/30 03:02:23,2025/10/30 05:13:02,2025/10/30,2025/10/30,-276.23,0,-7,-283.23,155.579,152.406,-42.1,Loss,2.18,202501018,,deusfund-sqx2
Closed position,1056245117,USTEC,8,Buy,26213.7,26173.8,2025/10/30 05:15:51,2025/10/30 07:09:32,2025/10/30,2025/10/30,-319.2,0,0,-319.2,0,26005.42,-39.9,Loss,1.89,202501007,,deusfund-sqx2
Closed position,1057985067,XAUUSD,1,Buy,4030.34,4038.42,2025/10/31 01:50:31,2025/10/31 02:00:00,2025/10/31,2025/10/31,808,0,-7,801,4175.24,3996.57,80.8,Win,0.16,202501023,,deusfund-sqx2
Closed position,1057985167,XAUUSD,1,Buy,4030.34,4038.42,2025/10/31 01:50:32,2025/10/31 02:00:00,2025/10/31,2025/10/31,808,0,-7,801,0,3992.01,80.8,Win,0.16,1007,,deusfund-sqx1
Closed position,1057985117,XAUUSD,1,Buy,4030.34,4037.46,2025/10/31 01:50:32,2025/10/31 02:00:02,2025/10/31,2025/10/31,712,0,-7,705,0,3993.03,71.2,Win,0.16,202501021,,deusfund-sqx2
Closed position,1057826746,XAUUSD,1,Buy,4025.69,4025.16,2025/10/30 22:10:15,2025/10/31 02:12:52,2025/10/30,2025/10/31,-53,-54.29,-7,-114.29,0,3994.98,-5.3,Loss,4.04,202501026,,deusfund-sqx2
Closed position,1056568578,USDJPY,1,Buy,153.139,153.86,2025/10/30 09:40:16,2025/10/31 02:51:54,2025/10/30,2025/10/31,468.61,8.31,-7,469.92,154.976,152.69,72.1,Win,17.19,202501017,,deusfund-sqx2
Closed position,1057985107,XAUUSD,1,Buy,4030.34,4025.37,2025/10/31 01:50:32,2025/10/31 04:00:00,2025/10/31,2025/10/31,-497,0,-7,-504,0,3996.82,-49.7,Loss,2.16,202501025,,deusfund-sqx2
Closed position,1056077666,USDJPY,1,Buy,152.829,153.773,2025/10/30 03:02:23,2025/10/31 04:04:28,2025/10/30,2025/10/31,613.89,8.31,-7,615.20,155.426,151.3,94.4,Win,25.03,202501014,,deusfund-sqx2
Closed position,1056997984,GBPJPY,1,Buy,203.058,202.392,2025/10/30 14:40:45,2025/10/31 04:04:28,2025/10/30,2025/10/31,-433.11,10.97,-7,-429.14,208.546,202.263,-66.6,Loss,13.4,202501003,,deusfund-sqx2
Closed position,1058789820,USTEC,8,Buy,26095.9,25854.8,2025/10/31 14:52:22,2025/10/31 19:11:19,2025/10/31,2025/10/31,-1928.8,0,0,-1928.8,0,25855.41,-241.1,Loss,4.32,202501007,,deusfund-sqx2
Closed position,1060220235,BTCUSD,0.8,Buy,110516.68,109984.26,2025/11/03 01:42:47,2025/11/03 02:53:09,2025/11/03,2025/11/03,-425.94,0,0,-425.94,0,109987.88,-532.4,Loss,1.17,1001,,deusfund-sqx1
Closed position,1060232634,USDJPY,1,Buy,154.251,153.936,2025/11/03 01:52:14,2025/11/03 17:00:00,2025/11/03,2025/11/03,-204.63,0,-7,-211.63,156.407,153.936,-31.5,Loss,15.13,202501013,,deusfund-sqx2
Closed position,1061622466,USTEC,8,Buy,25990.1,25951.7,2025/11/03 18:58:29,2025/11/03 21:41:57,2025/11/03,2025/11/03,-307.2,0,0,-307.2,0,23391.02,-38.4,Loss,2.72,9,,deusfund-sqx1
Closed position,1061268172,USTEC,8,Buy,26131.9,25971.8,2025/11/03 16:33:18,2025/11/03 22:45:00,2025/11/03,2025/11/03,-1280.8,0,0,-1280.8,0,25347.25,-160.1,Loss,6.2,202501011,,deusfund-sqx2
Closed position,1062015380,USDJPY,1,Buy,154.249,154.107,2025/11/04 02:00:55,2025/11/04 04:58:23,2025/11/04,2025/11/04,-92.14,0,-7,-99.14,156.872,152.708,-14.2,Loss,2.96,202501014,,deusfund-sqx2
Closed position,1062021438,USDJPY,1,Buy,154.308,154.084,2025/11/04 02:04:16,2025/11/04 05:00:16,2025/11/04,2025/11/04,-145.38,0,-7,-152.38,156.16,154.083,-22.4,Loss,2.93,202501017,,deusfund-sqx2
Closed position,1062015362,USDJPY,1,Buy,154.249,154.013,2025/11/04 02:00:55,2025/11/04 06:26:36,2025/11/04,2025/11/04,-153.23,0,-7,-160.23,156.41,154.045,-23.6,Loss,4.43,202501013,,deusfund-sqx2
Closed position,1062015379,USDJPY,1,Buy,154.249,154.013,2025/11/04 02:00:55,2025/11/04 06:26:36,2025/11/04,2025/11/04,-153.23,0,-7,-160.23,157.027,154.045,-23.6,Loss,4.43,202501018,,deusfund-sqx2
Closed position,1056077665,USDJPY,1,Buy,152.829,153.991,2025/10/30 03:02:23,2025/11/04 06:26:39,2025/10/30,2025/11/04,754.59,24.83,-7,772.42,154.662,151.605,116.2,Win,123.4,2025010019,,deusfund-sqx2
Closed position,1056321378,USDJPY,1,Buy,153.135,153.741,2025/10/30 06:33:04,2025/11/04 07:35:13,2025/10/30,2025/11/04,394.17,24.83,-7,412.00,156.196,152.527,60.6,Win,121.04,202501020,,deusfund-sqx2
Closed position,1056568576,USDJPY,1,Buy,153.139,153.716,2025/10/30 09:40:16,2025/11/04 07:42:49,2025/10/30,2025/11/04,375.37,24.83,-7,393.20,155.741,152.558,57.7,Win,118.04,202501016,,deusfund-sqx2
Closed position,1062680598,GBPJPY,1,Sell,200.729,200.801,2025/11/04 11:35:02,2025/11/04 12:40:03,2025/11/04,2025/11/04,-46.89,0,-7,-53.89,191.302,203.547,-7.2,Loss,1.08,202501002,,deusfund-sqx2
Closed position,1063967054,USDJPY,1,Buy,153.656,153.386,2025/11/05 02:01:39,2025/11/05 02:44:56,2025/11/05,2025/11/05,-176.03,0,-7,-183.03,155.805,153.386,-27.0,Loss,0.72,202501013,,deusfund-sqx2
Closed position,1065372776,USTEC,8,Buy,25618.5,25682.4,2025/11/05 18:29:13,2025/11/05 22:45:00,2025/11/05,2025/11/05,511.2,0,0,511.2,0,23056.26,63.9,Win,4.26,5,,deusfund-sqx1
Closed position,1065488791,USTEC,8,Buy,25696.9,25682.4,2025/11/05 19:38:06,2025/11/05 22:45:00,2025/11/05,2025/11/05,-116,0,0,-116,0,23127.38,-14.5,Loss,3.12,9,,deusfund-sqx1
Closed position,1066327223,XAUUSD,1,Buy,4015.37,4008.31,2025/11/06 10:28:11,2025/11/06 13:00:00,2025/11/06,2025/11/06,-706,0,-7,-713,0,3990.91,-70.6,Loss,2.53,202501021,,deusfund-sqx2
Closed position,1067035350,USTEC,5,Sell,25213.4,25088.1,2025/11/06 17:44:23,2025/11/06 18:56:50,2025/11/06,2025/11/06,626.5,0,0,626.5,25090.65,25342.81,125.3,Win,1.21,1,,deusfund-sqx1
Closed position,1068613697,USTEC,5,Sell,24761.1,24637.7,2025/11/07 17:44:24,2025/11/07 19:00:00,2025/11/07,2025/11/07,617,0,0,617,24390.2,24931.57,123.4,Win,1.26,2,,deusfund-sqx1
Closed position,1068732804,XAUUSD,1,Buy,4020.11,4007.52,2025/11/07 18:35:35,2025/11/07 19:00:00,2025/11/07,2025/11/07,-1259,0,-7,-1266,4164.32,3999.04,-125.9,Loss,0.41,1006,,deusfund-sqx1
Closed position,1068732845,XAUUSD,1,Buy,4020.11,4007.52,2025/11/07 18:35:35,2025/11/07 19:00:00,2025/11/07,2025/11/07,-1259,0,-7,-1266,4164.32,3997.71,-125.9,Loss,0.41,202501023,,deusfund-sqx2
Closed position,1068732897,XAUUSD,1,Buy,4020.11,4007.52,2025/11/07 18:35:35,2025/11/07 19:00:00,2025/11/07,2025/11/07,-1259,0,-7,-1266,4164.32,3998.81,-125.9,Loss,0.41,202501024,,deusfund-sqx2
Closed position,1068735643,XAUUSD,1,Buy,4021.9,4002.19,2025/11/07 18:36:19,2025/11/07 19:05:38,2025/11/07,2025/11/07,-1971,0,-7,-1978,0,4002.6,-197.1,Loss,0.49,202501022,,deusfund-sqx2
Closed position,1068742536,XAUUSD,1,Buy,4025.31,4002.19,2025/11/07 18:38:14,2025/11/07 19:05:38,2025/11/07,2025/11/07,-2312,0,-7,-2319,0,4002.27,-231.2,Loss,0.46,202501026,,deusfund-sqx2
Closed position,1068732967,XAUUSD,1,Buy,4020.11,3999.46,2025/11/07 18:35:35,2025/11/07 19:06:44,2025/11/07,2025/11/07,-2065,0,-7,-2072,0,3999.77,-206.5,Loss,0.52,202501021,,deusfund-sqx2
Closed position,1068732638,XAUUSD,1,Buy,4020.11,3998.06,2025/11/07 18:35:35,2025/11/07 19:06:55,2025/11/07,2025/11/07,-2205,0,-7,-2212,0,3998.57,-220.5,Loss,0.52,1007,,deusfund-sqx1
Closed position,1068732826,XAUUSD,1,Buy,4020.11,3997.47,2025/11/07 18:35:35,2025/11/07 19:06:56,2025/11/07,2025/11/07,-2264,0,-7,-2271,0,3997.71,-226.4,Loss,0.52,202501025,,deusfund-sqx2
Closed position,1068960778,USTEC,8,Buy,24838.4,25023.7,2025/11/07 20:39:49,2025/11/07 22:45:00,2025/11/07,2025/11/07,1482.4,0,0,1482.4,0,22353.41,185.3,Win,2.09,5,,deusfund-sqx1
Closed position,1069724793,BTCUSD,0.8,Buy,103752.86,103103.74,2025/11/09 16:29:28,2025/11/09 16:48:59,2025/11/09,2025/11/09,-519.3,0,0,-519.3,0,103089.68,-649.1,Loss,0.33,1001,,deusfund-sqx1
Closed position,1070053677,XAUUSD,1,Buy,4029.41,4044.16,2025/11/10 03:11:48,2025/11/10 04:00:00,2025/11/10,2025/11/10,1475,0,-7,1468,0,4006.25,147.5,Win,0.8,1007,,deusfund-sqx1
Closed position,1070069429,XAUUSD,1,Buy,4036.1,4044.16,2025/11/10 03:20:56,2025/11/10 04:00:00,2025/11/10,2025/11/10,806,0,-7,799,4399.39,4009.59,80.6,Win,0.65,202501027,,deusfund-sqx2
Closed position,1071145077,USTEC,16,Buy,25506.1,25449,2025/11/10 16:39:15,2025/11/10 17:51:54,2025/11/10,2025/11/10,-913.6,0,0,-913.6,27035.06,24994.67,-57.1,Loss,1.21,202501010,,deusfund-sqx2
Closed position,1070204685,USTEC,8,Buy,25369.9,25543.8,2025/11/10 05:26:58,2025/11/10 21:00:02,2025/11/10,2025/11/10,1391.2,0,0,1391.2,25750.45,25248.9,173.9,Win,15.55,202501005,,deusfund-sqx2
Closed position,1071477582,USTEC,8,Buy,25442.3,25630,2025/11/10 19:03:16,2025/11/10 22:45:00,2025/11/10,2025/11/10,1501.6,0,0,1501.6,0,22897.59,187.7,Win,3.7,9,,deusfund-sqx1
Closed position,1071480950,USTEC,8,Buy,25460.2,25630,2025/11/10 19:04:36,2025/11/10 22:45:00,2025/11/10,2025/11/10,1358.4,0,0,1358.4,0,24696.81,169.8,Win,3.67,202501011,,deusfund-sqx2
Closed position,1071575833,USTEC,16,Buy,25547.5,25630.2,2025/11/10 20:02:15,2025/11/10 22:45:00,2025/11/10,2025/11/10,1323.2,0,0,1323.2,27080.14,25036.35,82.7,Win,2.71,202501010,,deusfund-sqx2
Closed position,1070233341,XAUUSD,1,Buy,4054.14,4111.82,2025/11/10 06:03:43,2025/11/10 23:00:00,2025/11/10,2025/11/10,5768,0,-7,5761,0,4032.22,576.8,Win,16.94,202501025,,deusfund-sqx2
Closed position,1070401867,GBPJPY,1,Buy,202.513,202.469,2025/11/10 09:01:47,2025/11/11 09:00:04,2025/11/10,2025/11/11,-28.53,10.84,-7,-24.69,207.98,201.712,-4.4,Loss,23.97,202501003,,deusfund-sqx2
Closed position,1070141118,USDJPY,1,Buy,153.86,154.03,2025/11/10 04:12:56,2025/11/11 15:20:56,2025/11/10,2025/11/11,110.37,7.99,-7,111.36,156.471,152.316,17,Win,35.13,202501014,,deusfund-sqx2
Closed position,1072015068,USDJPY,1,Buy,154.305,154.017,2025/11/11 02:55:01,2025/11/11 15:21:01,2025/11/11,2025/11/11,-186.99,0,-7,-193.99,156.159,154.019,-28.8,Loss,12.43,202501017,,deusfund-sqx2
Closed position,1072023005,USDJPY,1,Buy,154.339,153.963,2025/11/11 03:00:53,2025/11/11 15:21:53,2025/11/11,2025/11/11,-244.21,0,-7,-251.21,156.964,153.967,-37.6,Loss,12.35,202501016,,deusfund-sqx2
Closed position,1070141116,USDJPY,1,Buy,153.86,153.889,2025/11/10 04:12:56,2025/11/11 15:25:16,2025/11/10,2025/11/11,18.84,7.99,-7,19.83,155.701,152.624,2.9,Win,35.21,2025010019,,deusfund-sqx2
Closed position,1070141119,USDJPY,1,Buy,153.86,153.789,2025/11/10 04:12:56,2025/11/11 15:25:53,2025/11/10,2025/11/11,-46.17,7.99,-7,-45.18,156.009,153.496,-7.1,Loss,35.22,202501013,,deusfund-sqx2
Closed position,1071940600,USDJPY,1,Buy,154.177,153.773,2025/11/11 02:00:50,2025/11/11 15:26:29,2025/11/11,2025/11/11,-262.72,0,-7,-269.72,157.255,153.782,-40.4,Loss,13.43,202501020,,deusfund-sqx2
Closed position,1074338179,USTEC,8,Buy,25726.4,25655.9,2025/11/12 12:02:44,2025/11/12 13:29:48,2025/11/12,2025/11/12,-564,0,0,-564,26112.09,25656.16,-70.5,Loss,1.45,202501005,,deusfund-sqx2
Closed position,1074137814,USTEC,8,Buy,25688.4,25647.2,2025/11/12 09:29:40,2025/11/12 13:29:54,2025/11/12,2025/11/12,-329.6,0,0,-329.6,0,25569.14,-41.2,Loss,4,202501007,,deusfund-sqx2
Closed position,1074799272,XAUUSD,1,Buy,4148.15,4180.99,2025/11/12 17:10:16,2025/11/12 18:00:20,2025/11/12,2025/11/12,3284,0,-7,3277,0,4128.58,328.4,Win,0.83,202501021,,deusfund-sqx2
Closed position,1074799190,XAUUSD,1,Buy,4148.15,4196.59,2025/11/12 17:10:15,2025/11/12 19:00:00,2025/11/12,2025/11/12,4844,0,-7,4837,0,4129.28,484.4,Win,1.83,1007,,deusfund-sqx1
Closed position,1073818965,USDJPY,1,Buy,154.382,154.574,2025/11/12 04:16:18,2025/11/12 19:05:06,2025/11/12,2025/11/12,124.21,0,-7,117.21,157.006,152.838,19.2,Win,14.81,202501014,,deusfund-sqx2
Closed position,1073818963,USDJPY,1,Buy,154.382,154.568,2025/11/12 04:16:18,2025/11/12 19:05:17,2025/11/12,2025/11/12,120.34,0,-7,113.34,156.235,154.117,18.6,Win,14.82,202501017,,deusfund-sqx2
Closed position,1074797290,XAUUSD,1,Buy,4147.45,4190.86,2025/11/12 17:10:10,2025/11/12 22:08:09,2025/11/12,2025/11/12,4341,0,-7,4334,0,4130.31,434.1,Win,4.97,202501026,,deusfund-sqx2
Closed position,1075556636,USDJPY,1,Buy,154.941,154.664,2025/11/13 02:54:48,2025/11/13 04:01:53,2025/11/13,2025/11/13,-179.1,0,-7,-186.1,156.802,154.684,-27.7,Loss,1.12,202501017,,deusfund-sqx2
Closed position,1075556637,USDJPY,1,Buy,154.941,154.626,2025/11/13 02:54:48,2025/11/13 04:02:21,2025/11/13,2025/11/13,-203.72,0,-7,-210.72,157.577,153.394,-31.5,Loss,1.13,202501014,,deusfund-sqx2
Closed position,1074799275,XAUUSD,1,Buy,4148.15,4209.66,2025/11/12 17:10:16,2025/11/13 07:00:00,2025/11/12,2025/11/13,6151,-167.06,-7,5976.94,4298.38,4130.31,615.1,Win,13.83,202501024,,deusfund-sqx2
Closed position,1075556635,USDJPY,1,Buy,154.941,154.474,2025/11/13 02:54:48,2025/11/13 11:07:01,2025/11/13,2025/11/13,-302.32,0,-7,-309.32,156.802,153.703,-46.7,Loss,8.2,2025010019,,deusfund-sqx2
Closed position,1073758709,USDJPY,1,Buy,154.333,154.394,2025/11/12 03:11:01,2025/11/13 11:11:13,2025/11/12,2025/11/13,39.51,23.94,-7,56.45,156.493,154.083,6.1,Win,32,202501013,,deusfund-sqx2
Closed position,1073818962,USDJPY,1,Buy,154.382,154.327,2025/11/12 04:16:18,2025/11/13 11:30:32,2025/11/12,2025/11/13,-35.64,23.94,-7,-18.70,157.47,154.023,-5.5,Loss,31.24,202501020,,deusfund-sqx2
Closed position,1074799337,XAUUSD,1,Buy,4148.15,4230.6,2025/11/12 17:10:16,2025/11/13 14:00:00,2025/11/12,2025/11/13,8245,-167.06,-7,8070.94,4522.43,4130.14,824.5,Win,20.83,202501027,,deusfund-sqx2
Closed position,1074800865,XAUUSD,1,Buy,4150.42,4217.41,2025/11/12 17:10:22,2025/11/13 16:08:34,2025/11/12,2025/11/13,6699,-167.06,-7,6524.94,0,4133.95,669.9,Win,22.97,202501022,,deusfund-sqx2
Closed position,1075747885,XAUUSD,1,Buy,4212.78,4191.4,2025/11/13 05:56:10,2025/11/13 16:43:23,2025/11/13,2025/11/13,-2138,0,-7,-2145,0,4191.33,-213.8,Loss,10.79,202501025,,deusfund-sqx2
Closed position,1074799146,XAUUSD,1,Buy,4148.15,4195.02,2025/11/12 17:10:15,2025/11/13 17:00:00,2025/11/12,2025/11/13,4687,-167.06,-7,4512.94,4298.38,4130.19,468.7,Win,23.83,1006,,deusfund-sqx1
Closed position,1073818964,USDJPY,1,Buy,154.382,154.22,2025/11/12 04:16:18,2025/11/13 17:44:56,2025/11/12,2025/11/13,-105.04,23.94,-7,-88.10,157.006,154.039,-16.2,Loss,37.48,202501016,,deusfund-sqx2
Closed position,1074799341,XAUUSD,1,Buy,4148.15,4206.92,2025/11/12 17:10:16,2025/11/13 19:00:00,2025/11/12,2025/11/13,5877,-167.06,-7,5702.94,4298.38,4130.19,587.7,Win,25.83,202501023,,deusfund-sqx2
Closed position,1073976571,GBPJPY,1,Buy,203.199,203.294,2025/11/12 07:00:06,2025/11/14 01:10:23,2025/11/12,2025/11/14,61.46,42.86,-7,97.32,208.684,202.398,9.5,Win,42.17,202501003,,deusfund-sqx2
Closed position,1071817980,GBPJPY,1,Buy,203.148,202.731,2025/11/10 23:03:48,2025/11/14 10:22:10,2025/11/10,2025/11/14,-269.78,64.42,-7,-212.36,207.093,201.993,-41.7,Loss,83.31,202501002,,deusfund-sqx2
Closed position,1077104589,USTEC,5,Sell,24955.7,24580.3,2025/11/13 20:31:16,2025/11/14 14:42:24,2025/11/13,2025/11/14,1877,-0.19,0,1876.81,24580.78,25106.19,375.4,Win,18.19,2,,deusfund-sqx1
Closed position,1070141117,USDJPY,1,Buy,153.86,154.011,2025/11/10 04:12:56,2025/11/14 14:44:36,2025/11/10,2025/11/14,98.04,48.08,-7,139.12,156.624,153.496,15.1,Win,106.53,202501018,,deusfund-sqx2
Closed position,1056077662,USDJPY,1,Buy,152.829,155.278,2025/10/30 03:02:23,2025/11/17 17:14:03,2025/10/30,2025/11/17,1577.17,128.31,-7,1698.48,155.273,152.064,244.9,Win,446.19,202501015,,deusfund-sqx2
Closed position,1081127155,USTEC,5,Sell,24984.3,24607.4,2025/11/17 15:11:19,2025/11/18 06:16:55,2025/11/17,2025/11/18,1884.5,-0.19,0,1884.31,24609.65,25170.3,376.9,Win,15.09,2,,deusfund-sqx1
Closed position,1081020662,GBPJPY,1,Buy,203.993,203.81,2025/11/17 13:52:24,2025/11/18 06:17:37,2025/11/17,2025/11/18,-118.05,10.52,-7,-114.53,209.502,203.194,-18.3,Loss,16.42,202501003,,deusfund-sqx2
Closed position,1080450504,USDJPY,1,Buy,154.749,155.011,2025/11/17 05:02:36,2025/11/18 06:17:44,2025/11/17,2025/11/18,169.02,7.82,-7,169.84,157.38,153.202,26.2,Win,25.25,202501014,,deusfund-sqx2
Closed position,1082067333,USDJPY,1,Buy,155.261,154.983,2025/11/18 01:03:35,2025/11/18 06:19:48,2025/11/18,2025/11/18,-179.37,0,-7,-186.37,157.121,154.993,-27.8,Loss,5.27,202501017,,deusfund-sqx2
Closed position,1082067334,USDJPY,1,Buy,155.261,154.914,2025/11/18 01:03:35,2025/11/18 06:21:05,2025/11/18,2025/11/18,-224,0,-7,-231,157.897,154.915,-34.7,Loss,5.29,202501016,,deusfund-sqx2
Closed position,1082067335,USDJPY,1,Buy,155.261,154.89,2025/11/18 01:03:35,2025/11/18 06:21:27,2025/11/18,2025/11/18,-239.52,0,-7,-246.52,158.363,154.9,-37.1,Loss,5.3,202501020,,deusfund-sqx2
Closed position,1080450502,USDJPY,1,Buy,154.749,154.855,2025/11/17 05:02:36,2025/11/18 06:23:08,2025/11/17,2025/11/18,68.45,7.82,-7,69.27,156.606,153.511,10.6,Win,25.34,2025010019,,deusfund-sqx2
Closed position,1084316862,XAUUSD,1,Buy,4092.04,4095.57,2025/11/19 07:25:02,2025/11/19 08:00:00,2025/11/19,2025/11/19,353,0,-7,346,4239.58,4065,35.3,Win,0.58,202501023,,deusfund-sqx2
Closed position,1084302126,XAUUSD,1,Buy,4081.51,4081.47,2025/11/19 07:16:29,2025/11/19 10:10:29,2025/11/19,2025/11/19,-4,0,-7,-11,0,4056.1,-0.4,Loss,2.9,202501026,,deusfund-sqx2
Closed position,1084629210,XAUUSD,1,Buy,4106.46,4114.3,2025/11/19 11:48:36,2025/11/19 12:00:00,2025/11/19,2025/11/19,784,0,-7,777,0,4075.12,78.4,Win,0.19,202501021,,deusfund-sqx2
Closed position,1085173764,USTEC,5,Buy,24830.6,24747.4,2025/11/19 17:02:25,2025/11/19 17:51:35,2025/11/19,2025/11/19,-416,0,0,-416,24954.76,24706.46,-83.2,Loss,0.82,1,,deusfund-sqx1
Closed position,1084645316,XAUUSD,1,Buy,4111.56,4084.37,2025/11/19 11:57:24,2025/11/19 18:02:51,2025/11/19,2025/11/19,-2719,0,-7,-2726,4259.27,4084.57,-271.9,Loss,6.09,202501024,,deusfund-sqx2
Closed position,1084637241,GBPJPY,1,Buy,204.646,204.622,2025/11/19 11:53:22,2025/11/19 18:04:44,2025/11/19,2025/11/19,-15.34,0,-7,-22.34,210.172,203.847,-2.4,Loss,6.19,202501003,,deusfund-sqx2
Closed position,1085210224,USTEC,8,Buy,24890.1,24636.6,2025/11/19 17:15:53,2025/11/19 18:06:16,2025/11/19,2025/11/19,-2028,0,0,-2028,0,24636.24,-253.5,Loss,0.84,202501007,,deusfund-sqx2
Closed position,1080450503,USDJPY,1,Buy,154.749,156.915,2025/11/17 05:02:36,2025/11/19 21:04:13,2025/11/17,2025/11/19,1380.37,15.63,-7,1389.00,156.915,154.426,216.6,Win,64.03,202501013,,deusfund-sqx2
Closed position,1085210223,USTEC,8,Buy,24890.1,24685.7,2025/11/19 17:15:53,2025/11/19 22:45:00,2025/11/19,2025/11/19,-1635.2,0,0,-1635.2,0,24142.89,-204.4,Loss,5.49,202501011,,deusfund-sqx2
Closed position,1085837577,USTEC,8,Buy,24663.3,24686.9,2025/11/19 22:16:53,2025/11/19 22:45:00,2025/11/19,2025/11/19,188.8,0,0,188.8,0,22196.26,23.6,Win,0.47,9,,deusfund-sqx1
Closed position,1085842467,USTEC,8,Buy,24703.7,24686.9,2025/11/19 22:19:09,2025/11/19 22:45:00,2025/11/19,2025/11/19,-134.4,0,0,-134.4,0,22233.04,-16.8,Loss,0.43,5,,deusfund-sqx1
Closed position,1080450501,USDJPY,1,Buy,154.749,157.534,2025/11/17 05:02:36,2025/11/20 07:07:39,2025/11/17,2025/11/20,1767.87,38.8,-7,1799.67,157.534,154.426,278.5,Win,74.08,202501018,,deusfund-sqx2
Closed position,1082067332,USDJPY,1,Buy,155.261,157.746,2025/11/18 01:03:35,2025/11/20 09:01:35,2025/11/18,2025/11/20,1575.32,30.98,-7,1599.30,157.742,154.482,248.5,Win,55.97,202501015,,deusfund-sqx2
Closed position,1086046560,USDJPY,1,Buy,157.157,157.366,2025/11/20 02:27:37,2025/11/20 10:05:11,2025/11/20,2025/11/20,132.81,0,-7,125.81,159.042,156.814,20.9,Win,7.63,202501017,,deusfund-sqx2
Closed position,1086046563,USDJPY,1,Buy,157.157,157.268,2025/11/20 02:27:37,2025/11/20 10:28:52,2025/11/20,2025/11/20,70.58,0,-7,63.58,159.828,155.584,11.1,Win,8.02,202501014,,deusfund-sqx2
Closed position,1086046562,USDJPY,1,Buy,157.157,157.144,2025/11/20 02:27:37,2025/11/20 10:44:42,2025/11/20,2025/11/20,-8.27,0,-7,-15.27,159.356,156.834,-1.3,Loss,8.28,202501013,,deusfund-sqx2
Closed position,1086142924,GBPJPY,1,Buy,205.319,205.331,2025/11/20 03:50:26,2025/11/20 10:50:54,2025/11/20,2025/11/20,7.64,0,-7,0.64,210.865,204.521,1.2,Win,7.01,202501003,,deusfund-sqx2
Closed position,1086041266,USTEC,8,Buy,25051.2,24978.8,2025/11/20 02:22:23,2025/11/20 11:45:32,2025/11/20,2025/11/20,-579.2,0,0,-579.2,0,24767.19,-72.4,Loss,9.39,202501007,,deusfund-sqx2
Closed position,1086765378,USTEC,5,Sell,24948.3,25158.8,2025/11/20 12:06:49,2025/11/20 15:31:41,2025/11/20,2025/11/20,-1052.5,0,0,-1052.5,24575.42,25155.82,-210.5,Loss,3.41,2,,deusfund-sqx1
Closed position,1087315245,USTEC,8,Buy,25168.6,25076.5,2025/11/20 16:47:56,2025/11/20 17:59:21,2025/11/20,2025/11/20,-736.8,0,0,-736.8,0,24410.44,-92.1,Loss,1.19,202501011,,deusfund-sqx2
Closed position,1087344471,USTEC,8,Buy,25198.9,25050.1,2025/11/20 16:56:22,2025/11/20 18:00:29,2025/11/20,2025/11/20,-1190.4,0,0,-1190.4,25577.19,25053.1,-148.8,Loss,1.07,202501005,,deusfund-sqx2
Closed position,1087539546,USTEC,5,Sell,24947.2,24569.1,2025/11/20 18:12:30,2025/11/20 18:54:37,2025/11/20,2025/11/20,1890.5,0,0,1890.5,24573.68,25155.04,378.1,Win,0.7,2,,deusfund-sqx1
Closed position,1087962554,USTEC,5,Sell,24203.8,24084.4,2025/11/20 20:50:04,2025/11/20 22:40:58,2025/11/20,2025/11/20,597,0,0,597,24084.05,24326.11,119.4,Win,1.85,1,,deusfund-sqx1
Closed position,1081020663,GBPJPY,1,Buy,203.993,205.32,2025/11/17 13:52:24,2025/11/21 09:36:42,2025/11/17,2025/11/21,845.69,62.71,-7,901.40,207.944,202.844,132.7,Win,91.74,202501002,,deusfund-sqx2
Closed position,1086046561,USDJPY,1,Buy,157.157,156.753,2025/11/20 02:27:37,2025/11/21 09:45:36,2025/11/20,2025/11/21,-257.73,7.95,-7,-256.78,159.828,156.714,-40.4,Loss,31.3,202501016,,deusfund-sqx2
Closed position,1090314066,USTEC,8,Buy,24401.8,24314.3,2025/11/21 20:48:25,2025/11/21 22:45:00,2025/11/21,2025/11/21,-700,0,0,-700,0,21959.69,-87.5,Loss,1.94,5,,deusfund-sqx1
Closed position,1092889908,USTEC,5,Buy,24687.1,24812.4,2025/11/24 17:05:30,2025/11/24 18:27:44,2025/11/24,2025/11/24,626.5,0,0,626.5,24809.54,24562.68,125.3,Win,1.37,1,,deusfund-sqx1
Closed position,1093221769,BTCUSD,0.8,Buy,87994,88356,2025/11/24 19:41:28,2025/11/24 20:00:00,2025/11/24,2025/11/24,289.6,0,0,289.6,0,87156.98,362,Win,0.31,1001,,deusfund-sqx1
Closed position,1093321028,XAUUSD,1,Buy,4107.79,4120.6,2025/11/24 20:38:07,2025/11/24 21:00:00,2025/11/24,2025/11/24,1281,0,-7,1274,0,4077.25,128.1,Win,0.36,202501021,,deusfund-sqx2
Closed position,1093321025,XAUUSD,1,Buy,4107.79,4120.51,2025/11/24 20:38:07,2025/11/24 21:00:00,2025/11/24,2025/11/24,1272,0,-7,1265,0,4074.28,127.2,Win,0.36,1007,,deusfund-sqx1
Closed position,1093321049,XAUUSD,1,Buy,4107.79,4120.51,2025/11/24 20:38:07,2025/11/24 21:00:00,2025/11/24,2025/11/24,1272,0,-7,1265,4254.99,4078.8,127.2,Win,0.36,202501023,,deusfund-sqx2
Closed position,1092987258,USTEC,8,Buy,24714.5,24886.4,2025/11/24 17:39:17,2025/11/24 22:45:00,2025/11/24,2025/11/24,1375.2,0,0,1375.2,0,23973.38,171.9,Win,5.1,202501011,,deusfund-sqx2
Closed position,1093062429,USTEC,16,Buy,24793.8,24886.4,2025/11/24 18:12:09,2025/11/24 22:45:00,2025/11/24,2025/11/24,1481.6,0,0,1481.6,26281.41,24297.9,92.6,Win,4.55,202501010,,deusfund-sqx2
Closed position,1093213374,USTEC,8,Buy,24829,24886.4,2025/11/24 19:36:55,2025/11/24 22:45:00,2025/11/24,2025/11/24,459.2,0,0,459.2,0,22345.34,57.4,Win,3.13,9,,deusfund-sqx1
Closed position,1093524862,XAUUSD,1,Buy,4133.07,4132.7,2025/11/24 22:37:25,2025/11/24 23:00:00,2025/11/24,2025/11/24,-37,0,-7,-44,0,4104.5,-3.7,Loss,0.38,202501025,,deusfund-sqx2
Closed position,1093524803,XAUUSD,1,Buy,4133.07,4132.7,2025/11/24 22:37:25,2025/11/24 23:00:00,2025/11/24,2025/11/24,-37,0,-7,-44,4281.61,4105.38,-3.7,Loss,0.38,1006,,deusfund-sqx1
Closed position,1093236149,XAUUSD,1,Buy,4099.91,4123.34,2025/11/24 19:50:21,2025/11/25 03:19:36,2025/11/24,2025/11/25,2343,-51.82,-7,2284.18,0,4073.34,234.3,Win,7.49,202501026,,deusfund-sqx2
Closed position,1093589390,XAUUSD,1,Buy,4134.93,4127.5,2025/11/24 23:42:20,2025/11/25 10:35:37,2025/11/24,2025/11/25,-743,-51.82,-7,-801.82,0,4108.57,-74.3,Loss,10.89,202501022,,deusfund-sqx2
Closed position,1092122046,USDJPY,1,Buy,156.856,156.451,2025/11/24 09:51:57,2025/11/25 10:50:10,2025/11/24,2025/11/25,-258.87,7.99,-7,-257.88,159.05,156.449,-40.5,Loss,24.97,202501013,,deusfund-sqx2
Closed position,1093216709,USTEC,8,Buy,24840,24786.4,2025/11/24 19:39:10,2025/11/25 12:00:00,2025/11/24,2025/11/25,-428.8,-45.71,0,-474.51,25213.01,24659.33,-53.6,Loss,16.35,202501005,,deusfund-sqx2
Closed position,1093524870,XAUUSD,1,Buy,4133.07,4131.28,2025/11/24 22:37:25,2025/11/25 13:00:00,2025/11/24,2025/11/25,-179,-51.82,-7,-237.82,4281.61,4104.5,-17.9,Loss,14.38,202501024,,deusfund-sqx2
Closed position,1093524855,XAUUSD,1,Buy,4133.07,4130.18,2025/11/24 22:37:25,2025/11/25 15:00:00,2025/11/24,2025/11/25,-289,-51.82,-7,-347.82,4504.78,4102.08,-28.9,Loss,16.38,202501027,,deusfund-sqx2
Closed position,1095007611,USTEC,5,Sell,24532.9,24658.7,2025/11/25 16:50:08,2025/11/25 16:52:55,2025/11/25,2025/11/25,-629,0,0,-629,24411.24,24656.58,-125.8,Loss,0.05,1,,deusfund-sqx1
Closed position,1094363890,USTEC,5,Sell,24755.3,24968.3,2025/11/25 11:32:48,2025/11/25 19:34:20,2025/11/25,2025/11/25,-1065,0,0,-1065,24384.41,24968.6,-213.0,Loss,8.03,2,,deusfund-sqx1
Closed position,1095976633,XAUUSD,1,Buy,4161.65,4162.08,2025/11/26 04:25:39,2025/11/26 05:00:00,2025/11/26,2025/11/26,43,0,-7,36,0,4133.12,4.3,Win,0.57,1007,,deusfund-sqx1
Closed position,1095976720,XAUUSD,1,Buy,4161.65,4162.08,2025/11/26 04:25:40,2025/11/26 05:00:00,2025/11/26,2025/11/26,43,0,-7,36,4309.16,4134.74,4.3,Win,0.57,1006,,deusfund-sqx1
Closed position,1095976743,XAUUSD,1,Buy,4161.65,4162.08,2025/11/26 04:25:40,2025/11/26 05:00:00,2025/11/26,2025/11/26,43,0,-7,36,4309.16,4134.74,4.3,Win,0.57,202501023,,deusfund-sqx2
Closed position,1095718450,USTEC,8,Buy,25039.6,25110.6,2025/11/25 22:50:00,2025/11/26 15:00:00,2025/11/25,2025/11/26,568,-47.71,0,520.29,25417.02,24962.87,71.0,Win,16.17,202501005,,deusfund-sqx2
Closed position,1097327486,USTEC,16,Buy,25294.2,25220.6,2025/11/26 18:40:06,2025/11/26 20:09:36,2025/11/26,2025/11/26,-1177.6,0,0,-1177.6,26809.89,24786.5,-73.6,Loss,1.49,202501010,,deusfund-sqx2
Closed position,1097326577,USTEC,8,Buy,25290.5,25272.8,2025/11/26 18:39:47,2025/11/26 22:45:00,2025/11/26,2025/11/26,-141.6,0,0,-141.6,0,24531.78,-17.7,Loss,4.09,202501011,,deusfund-sqx2
Closed position,1097485657,USTEC,16,Buy,25292.3,25272.8,2025/11/26 20:26:46,2025/11/26 22:45:00,2025/11/26,2025/11/26,-312,0,0,-312,26809.51,24786.15,-19.5,Loss,2.3,202501010,,deusfund-sqx2
Closed position,1097632768,USTEC,8,Buy,25293.5,25272.8,2025/11/26 22:15:09,2025/11/26 22:45:00,2025/11/26,2025/11/26,-165.6,0,0,-165.6,0,22763.75,-20.7,Loss,0.5,9,,deusfund-sqx1
Closed position,1096285160,USDJPY,1,Buy,156.444,156.096,2025/11/26 09:30:31,2025/11/27 02:05:41,2025/11/26,2025/11/27,-222.94,27.27,-7,-202.67,158.633,156.094,-34.8,Loss,16.59,202501013,,deusfund-sqx2
Closed position,1097301027,USTEC,8,Buy,25265.8,25238.7,2025/11/26 18:22:31,2025/11/27 11:00:00,2025/11/26,2025/11/27,-216.8,-47.91,0,-264.71,25644.79,25201.25,-27.1,Loss,16.62,202501005,,deusfund-sqx2
Closed position,1097407769,BTCUSD,0.8,Buy,89096,91462.5,2025/11/26 19:35:34,2025/11/27 20:00:00,2025/11/26,2025/11/27,1893.2,-40.08,0,1853.12,0,88284.28,2366.5,Win,24.41,1001,,deusfund-sqx1
Closed position,1099064556,XAUUSD,1,Buy,4173.6,4180.66,2025/11/28 02:33:57,2025/11/28 03:00:00,2025/11/28,2025/11/28,706,0,-7,699,4323.7,4152.59,70.6,Win,0.43,202501024,,deusfund-sqx2
Closed position,1099064596,XAUUSD,1,Buy,4173.6,4180.66,2025/11/28 02:33:57,2025/11/28 03:00:00,2025/11/28,2025/11/28,706,0,-7,699,0,4151.29,70.6,Win,0.43,202501025,,deusfund-sqx2
Closed position,1099064575,XAUUSD,1,Buy,4173.6,4191.04,2025/11/28 02:33:57,2025/11/28 04:00:00,2025/11/28,2025/11/28,1744,0,-7,1737,0,4156.84,174.4,Win,1.43,1007,,deusfund-sqx1
Closed position,1099056903,XAUUSD,1,Buy,4171.62,4180.16,2025/11/28 02:28:22,2025/11/28 07:09:55,2025/11/28,2025/11/28,854,0,-7,847,0,4154.05,85.4,Win,4.69,202501026,,deusfund-sqx2
Closed position,1099066159,XAUUSD,1,Buy,4175.1,4180.16,2025/11/28 02:34:34,2025/11/28 07:09:55,2025/11/28,2025/11/28,506,0,-7,499,0,4155.59,50.6,Win,4.59,202501022,,deusfund-sqx2
Closed position,1099064605,XAUUSD,1,Buy,4173.6,4187.62,2025/11/28 02:33:57,2025/11/28 09:00:00,2025/11/28,2025/11/28,1402,0,-7,1395,4549.07,4156.65,140.2,Win,6.43,202501027,,deusfund-sqx2
Closed position,1093701725,GBPJPY,1,Buy,205.664,206.424,2025/11/25 02:21:04,2025/11/28 10:51:02,2025/11/25,2025/11/28,486.28,57.75,-7,537.03,211.215,204.862,76.0,Win,80.5,202501003,,deusfund-sqx2
Closed position,1099584024,BTCUSD,0.8,Buy,91951,91365,2025/11/28 13:02:00,2025/11/28 13:15:00,2025/11/28,2025/11/28,-468.8,0,0,-468.8,0,91366.19,-586,Loss,0.22,1001,,deusfund-sqx1
Closed position,1099040709,USTEC,5,Buy,25286.4,25326.8,2025/11/28 02:12:17,2025/11/28 15:50:11,2025/11/28,2025/11/28,202,0,0,202,25411.89,25159.03,40.4,Win,13.63,1,,deusfund-sqx1
Closed position,1097018121,USTEC,8,Buy,25180.3,25280.7,2025/11/26 16:30:56,2025/11/28 16:41:03,2025/11/26,2025/11/28,803.2,-95.82,0,707.38,0,25012.99,100.4,Win,48.17,202501007,,deusfund-sqx2
Closed position,1099804317,XAUUSD,1,Buy,4193,4203.94,2025/11/28 16:18:04,2025/11/28 18:00:00,2025/11/28,2025/11/28,1094,0,-7,1087,0,4174.01,109.4,Win,1.7,202501025,,deusfund-sqx2
Closed position,1099877939,USTEC,8,Buy,25301.6,25320.3,2025/11/28 16:46:04,2025/11/28 18:27:02,2025/11/28,2025/11/28,149.6,0,0,149.6,0,24541.69,18.7,Win,1.68,202501011,,deusfund-sqx2
Closed position,1099834022,USTEC,16,Buy,25306.6,25317.9,2025/11/28 16:30:15,2025/11/28 18:27:14,2025/11/28,2025/11/28,180.8,0,0,180.8,26823.94,24799.49,11.3,Win,1.95,202501010,,deusfund-sqx2
Closed position,1094943297,GBPJPY,1,Buy,205.873,206.783,2025/11/25 16:36:55,2025/11/28 20:00:00,2025/11/25,2025/11/28,582.49,57.75,-7,633.24,209.821,204.721,91.0,Win,75.38,202501002,,deusfund-sqx2
Closed position,1099875682,USTEC,8,Buy,25299.3,25458,2025/11/28 16:45:11,2025/12/01 01:00:15,2025/11/28,2025/12/01,1269.6,-143.74,0,1125.86,0,25254.62,158.7,Win,56.25,7,,deusfund-sqx1
Closed position,1099875681,USTEC,8,Buy,25299.3,25458,2025/11/28 16:45:11,2025/12/01 01:00:15,2025/11/28,2025/12/01,1269.6,-143.74,0,1125.86,0,25254.62,158.7,Win,56.25,8,,deusfund-sqx1
Closed position,1100118493,USTEC,16,Buy,25334,25458,2025/11/28 18:30:01,2025/12/01 01:00:15,2025/11/28,2025/12/01,1984,-287.47,0,1696.53,26853.93,24827.22,124,Win,54.5,202501010,,deusfund-sqx2
Closed position,1099064419,XAUUSD,1,Buy,4173.6,4222.37,2025/11/28 02:33:57,2025/12/01 02:00:01,2025/11/28,2025/12/01,4877,-57.73,-7,4812.27,4323.7,4151.69,487.7,Win,71.43,202501023,,deusfund-sqx2
Closed position,1099116504,USTEC,8,Buy,25297.6,25296.2,2025/11/28 03:10:11,2025/12/01 02:43:36,2025/11/28,2025/12/01,-11.2,-143.74,0,-154.94,25676.96,25262.62,-1.4,Loss,71.56,202501005,,deusfund-sqx2
Closed position,1099064531,XAUUSD,1,Buy,4173.6,4242.87,2025/11/28 02:33:57,2025/12/01 05:00:00,2025/11/28,2025/12/01,6927,-57.73,-7,6862.27,4323.7,4151.69,692.7,Win,74.43,1006,,deusfund-sqx1
Closed position,1101903657,XAUUSD,0.4,Buy,4255.74,4247.49,2025/12/01 12:04:29,2025/12/01 14:54:36,2025/12/01,2025/12/01,-330,0,-2.8,-332.8,4279.09,4247.54,-82.5,Loss,2.84,6,,deusfund-sqx1
Closed position,1101904773,XAUUSD,1,Buy,4257.43,4234.81,2025/12/01 12:04:35,2025/12/01 16:35:52,2025/12/01,2025/12/01,-2262,0,-7,-2269,0,4236.2,-226.2,Loss,4.52,202501025,,deusfund-sqx2
Closed position,1099804431,XAUUSD,1,Buy,4193,4232.65,2025/11/28 16:18:04,2025/12/01 20:00:00,2025/11/28,2025/12/01,3965,-57.73,-7,3900.27,4344.04,4174.28,396.5,Win,75.7,202501024,,deusfund-sqx2
Closed position,1104398730,USTEC,8,Buy,25582.6,25527.1,2025/12/02 17:01:35,2025/12/02 17:28:55,2025/12/02,2025/12/02,-444,0,0,-444,0,23024.35,-55.5,Loss,0.46,9,,deusfund-sqx1
Closed position,1104308698,USTEC,16,Buy,25533.8,25525.2,2025/12/02 16:36:47,2025/12/02 17:29:01,2025/12/02,2025/12/02,-137.6,0,0,-137.6,27064.29,25021.7,-8.6,Loss,0.87,202501010,,deusfund-sqx2
Closed position,1104319379,USTEC,8,Buy,25558,25511.6,2025/12/02 16:39:43,2025/12/02 17:30:08,2025/12/02,2025/12/02,-371.2,0,0,-371.2,0,24791.11,-46.4,Loss,0.84,202501011,,deusfund-sqx2
Closed position,1104303597,USTEC,5,Buy,25490.5,25493,2025/12/02 16:35:11,2025/12/02 17:30:09,2025/12/02,2025/12/02,12.5,0,0,12.5,25618.13,25363.23,2.5,Win,0.92,1,,deusfund-sqx1
Closed position,1104307606,USTEC,8,Buy,25521.8,25487.1,2025/12/02 16:36:25,2025/12/02 17:34:00,2025/12/02,2025/12/02,-277.6,0,0,-277.6,0,25399.52,-34.7,Loss,0.96,202501007,,deusfund-sqx2
Closed position,1104579838,USTEC,8,Buy,25609.9,25534.2,2025/12/02 17:50:01,2025/12/02 18:10:00,2025/12/02,2025/12/02,-605.6,0,0,-605.6,25990.19,25535.02,-75.7,Loss,0.33,202501005,,deusfund-sqx2
Closed position,1104556596,USTEC,16,Buy,25556.8,25532.4,2025/12/02 17:41:52,2025/12/02 18:10:37,2025/12/02,2025/12/02,-390.4,0,0,-390.4,27089.9,25045.38,-24.4,Loss,0.48,202501010,,deusfund-sqx2
Closed position,1104566945,USTEC,8,Buy,25578,25517.2,2025/12/02 17:45:33,2025/12/02 18:12:18,2025/12/02,2025/12/02,-486.4,0,0,-486.4,0,24810.64,-60.8,Loss,0.45,202501011,,deusfund-sqx2
Closed position,1104583128,USTEC,8,Buy,25617.4,25573.2,2025/12/02 17:51:09,2025/12/02 22:45:00,2025/12/02,2025/12/02,-353.6,0,0,-353.6,0,23055.22,-44.2,Loss,4.9,9,,deusfund-sqx1
Closed position,1105021021,USTEC,16,Buy,25586.4,25573.2,2025/12/02 21:53:08,2025/12/02 22:45:00,2025/12/02,2025/12/02,-211.2,0,0,-211.2,27121.22,25074.34,-13.2,Loss,0.86,202501010,,deusfund-sqx2
Closed position,1104792761,BTCUSD,0.8,Buy,91367,92281.5,2025/12/02 19:18:53,2025/12/03 04:00:00,2025/12/02,2025/12/03,731.6,-40.73,0,690.87,0,90584.89,914.5,Win,8.69,1001,,deusfund-sqx1
Closed position,1103241423,USDJPY,1,Buy,155.499,155.447,2025/12/02 01:27:16,2025/12/03 13:20:11,2025/12/02,2025/12/03,-33.45,7.86,-7,-32.59,157.672,155.199,-5.2,Loss,35.88,202501013,,deusfund-sqx2
Closed position,1106215536,XAUUSD,1,Buy,4241.72,4221.43,2025/12/03 16:35:06,2025/12/03 16:48:55,2025/12/03,2025/12/03,-2029,0,-7,-2036,4394.21,4221.01,-202.9,Loss,0.23,202501023,,deusfund-sqx2
Closed position,1106149579,USTEC,5,Sell,25388.5,25518.2,2025/12/03 16:09:11,2025/12/03 17:03:12,2025/12/03,2025/12/03,-648.5,0,0,-648.5,25263.34,25517.24,-129.7,Loss,0.9,1,,deusfund-sqx1
Closed position,1105458623,GBPJPY,1,Buy,206.109,206.568,2025/12/03 07:24:18,2025/12/04 10:11:21,2025/12/03,2025/12/04,296.32,31.68,-7,321.00,211.666,205.301,45.9,Win,26.78,202501003,,deusfund-sqx2
Closed position,1108231082,USTEC,5,Sell,25464.6,25591.8,2025/12/04 18:06:05,2025/12/04 18:53:59,2025/12/04,2025/12/04,-636,0,0,-636,25337.06,25591.7,-127.2,Loss,0.8,1,,deusfund-sqx1
Closed position,1109015679,XAUUSD,1,Buy,4225.37,4224.52,2025/12/05 08:08:59,2025/12/05 09:00:00,2025/12/05,2025/12/05,-85,0,-7,-92,4377.26,4206.32,-8.5,Loss,0.85,202501023,,deusfund-sqx2
Closed position,1108928761,USTEC,5,Buy,25675.7,25681.7,2025/12/05 06:12:37,2025/12/05 11:00:17,2025/12/05,2025/12/05,30,0,0,30,25804.47,25547.71,6.0,Win,4.79,1,,deusfund-sqx1
Closed position,1108956583,XAUUSD,1,Buy,4216.68,4216.39,2025/12/05 06:55:07,2025/12/05 11:18:25,2025/12/05,2025/12/05,-29,0,-7,-36,0,4199.26,-2.9,Loss,4.39,202501026,,deusfund-sqx2
Closed position,1108799285,USTEC,8,Buy,25632.7,25630.3,2025/12/05 03:31:28,2025/12/05 15:31:32,2025/12/05,2025/12/05,-19.2,0,0,-19.2,0,25514.57,-2.4,Loss,12,202501007,,deusfund-sqx2
Closed position,1109655489,XAUUSD,1,Buy,4241.09,4242.42,2025/12/05 16:47:32,2025/12/05 17:00:00,2025/12/05,2025/12/05,133,0,-7,126,4394.37,4222.84,13.3,Win,0.21,1006,,deusfund-sqx1
Closed position,1109655415,XAUUSD,1,Buy,4241.09,4242.42,2025/12/05 16:47:32,2025/12/05 17:00:00,2025/12/05,2025/12/05,133,0,-7,126,0,4219.35,13.3,Win,0.21,1007,,deusfund-sqx1
Closed position,1109674446,USTEC,16,Buy,25747.6,25758.6,2025/12/05 16:53:51,2025/12/05 17:45:32,2025/12/05,2025/12/05,176,0,0,176,27291.95,25232.18,11.0,Win,0.86,202501010,,deusfund-sqx2
Closed position,1109782201,XAUUSD,0.4,Buy,4255.6,4247.34,2025/12/05 17:37:12,2025/12/05 17:48:08,2025/12/05,2025/12/05,-330.4,0,-2.8,-333.2,4279.17,4247.62,-82.6,Loss,0.18,6,,deusfund-sqx1
Closed position,1109675175,USTEC,8,Buy,25754.4,25747.4,2025/12/05 16:54:07,2025/12/05 17:51:29,2025/12/05,2025/12/05,-56,0,0,-56,0,24980.87,-7.0,Loss,0.96,202501011,,deusfund-sqx2
Closed position,1109707946,USTEC,5,Buy,25783,25726.4,2025/12/05 17:05:29,2025/12/05 17:52:47,2025/12/05,2025/12/05,-283,0,0,-283,25912.15,25654.31,-56.6,Loss,0.79,1,,deusfund-sqx1
Closed position,1109664152,XAUUSD,1,Buy,4243.24,4225.84,2025/12/05 16:50:01,2025/12/05 18:10:00,2025/12/05,2025/12/05,-1740,0,-7,-1747,0,4225.68,-174.0,Loss,1.33,202501022,,deusfund-sqx2
Closed position,1109665296,XAUUSD,1,Buy,4244.81,4225.04,2025/12/05 16:50:06,2025/12/05 18:10:02,2025/12/05,2025/12/05,-1977,0,-7,-1984,4397.48,4224.48,-197.7,Loss,1.33,202501024,,deusfund-sqx2
Closed position,1109655371,XAUUSD,1,Buy,4241.09,4221.28,2025/12/05 16:47:32,2025/12/05 18:10:05,2025/12/05,2025/12/05,-1981,0,-7,-1988,4623.42,4222.24,-198.1,Loss,1.38,202501027,,deusfund-sqx2
Closed position,1109655304,XAUUSD,1,Buy,4241.09,4221.28,2025/12/05 16:47:32,2025/12/05 18:10:05,2025/12/05,2025/12/05,-1981,0,-7,-1988,0,4222.41,-198.1,Loss,1.38,202501025,,deusfund-sqx2
Closed position,1106004866,GBPJPY,1,Buy,206.794,207.005,2025/12/03 15:09:05,2025/12/05 20:00:00,2025/12/03,2025/12/05,135.88,42.31,-7,171.19,210.744,205.644,21.1,Win,52.85,202501002,,deusfund-sqx2
Closed position,1109572023,GBPJPY,1,Buy,207.271,207.005,2025/12/05 16:08:05,2025/12/05 20:00:00,2025/12/05,2025/12/05,-171.3,0,-7,-178.3,212.866,206.47,-26.6,Loss,3.87,202501003,,deusfund-sqx2
Closed position,1110012217,USTEC,8,Buy,25713.9,25683.1,2025/12/05 18:58:31,2025/12/05 22:45:00,2025/12/05,2025/12/05,-246.4,0,0,-246.4,0,23143.1,-30.8,Loss,3.77,9,,deusfund-sqx1
Closed position,1110818743,BTCUSD,0.8,Buy,90378,89924.5,2025/12/07 19:19:02,2025/12/08 00:05:03,2025/12/07,2025/12/08,-362.8,0,0,-362.8,0,89817.1,-453.5,Loss,4.77,1001,,deusfund-sqx1
Closed position,1110966231,USDJPY,1,Buy,155.356,155.062,2025/12/08 01:51:21,2025/12/08 02:59:57,2025/12/08,2025/12/08,-189.6,0,-7,-196.6,157.526,155.066,-29.4,Loss,1.14,202501013,,deusfund-sqx2
Closed position,1110966229,USDJPY,1,Buy,155.356,155.062,2025/12/08 01:51:21,2025/12/08 02:59:57,2025/12/08,2025/12/08,-189.6,0,-7,-196.6,158.147,155.066,-29.4,Loss,1.14,202501018,,deusfund-sqx2
Closed position,1111783245,USTEC,8,Buy,25788.4,25686.6,2025/12/08 15:20:27,2025/12/08 17:15:46,2025/12/08,2025/12/08,-814.4,0,0,-814.4,0,25686.24,-101.8,Loss,1.92,202501007,,deusfund-sqx2
Closed position,1111357795,USTEC,5,Buy,25779.8,25650.5,2025/12/08 09:22:11,2025/12/08 17:25:31,2025/12/08,2025/12/08,-646.5,0,0,-646.5,25908.34,25650.54,-129.3,Loss,8.06,1,,deusfund-sqx1
Closed position,1113891002,BTCUSD,0.8,Buy,92363,92689.5,2025/12/09 17:50:18,2025/12/10 02:00:00,2025/12/09,2025/12/10,261.2,-41.2,0,220.0,0,91565.04,326.5,Win,8.16,1001,,deusfund-sqx1
Closed position,1110966230,USDJPY,1,Buy,155.356,156.561,2025/12/08 01:51:21,2025/12/10 05:43:02,2025/12/08,2025/12/10,769.67,15.34,-7,778.01,157.992,153.797,120.5,Win,51.86,202501014,,deusfund-sqx2
Closed position,1114315221,XAUUSD,1,Buy,4212.73,4203.5,2025/12/09 23:01:26,2025/12/10 07:12:56,2025/12/09,2025/12/10,-923,-59.19,-7,-989.19,0,4197.15,-92.3,Loss,8.19,202501026,,deusfund-sqx2
Closed position,1114755824,USTEC,5,Buy,25714,25584.5,2025/12/10 10:08:43,2025/12/10 12:30:08,2025/12/10,2025/12/10,-647.5,0,0,-647.5,25842.59,25585.45,-129.5,Loss,2.36,1,,deusfund-sqx1
Closed position,1112750286,USDJPY,1,Buy,155.932,156.554,2025/12/09 02:54:09,2025/12/10 15:58:08,2025/12/09,2025/12/10,397.31,7.47,-7,397.78,157.803,155.65,62.2,Win,37.07,202501017,,deusfund-sqx2
Closed position,1110966228,USDJPY,1,Buy,155.356,156.374,2025/12/08 01:51:21,2025/12/10 17:05:04,2025/12/08,2025/12/10,651,15.34,-7,659.34,157.215,154.108,101.8,Win,63.23,2025010019,,deusfund-sqx2
Closed position,1112750287,USDJPY,1,Buy,155.932,156.34,2025/12/09 02:54:09,2025/12/10 18:30:56,2025/12/09,2025/12/10,260.97,7.47,-7,261.44,158.115,155.667,40.8,Win,39.61,202501013,,deusfund-sqx2
Closed position,1112750285,USDJPY,1,Buy,155.932,156.154,2025/12/09 02:54:09,2025/12/10 21:00:34,2025/12/09,2025/12/10,142.17,7.47,-7,142.64,159.051,155.551,22.2,Win,42.11,202501020,,deusfund-sqx2
Closed position,1115855035,USTEC,8,Buy,25746.9,25665.6,2025/12/10 21:35:32,2025/12/10 21:37:00,2025/12/10,2025/12/10,-650.4,0,0,-650.4,0,25674.89,-81.3,Loss,0.02,202501007,,deusfund-sqx2
Closed position,1112769686,USDJPY,1,Buy,156.035,156.083,2025/12/09 03:04:44,2025/12/10 22:05:14,2025/12/09,2025/12/10,30.75,7.47,-7,31.22,158.69,155.669,4.8,Win,43.01,202501016,,deusfund-sqx2
Closed position,1112750284,USDJPY,1,Buy,155.932,155.987,2025/12/09 02:54:09,2025/12/10 22:08:40,2025/12/09,2025/12/10,35.26,7.47,-7,35.73,158.739,155.667,5.5,Win,43.24,202501018,,deusfund-sqx2
Closed position,1115975863,USTEC,8,Buy,25808.5,25808.8,2025/12/10 22:00:01,2025/12/10 22:45:01,2025/12/10,2025/12/10,2.4,0,0,2.4,0,25669.51,0.3,Win,0.75,7,,deusfund-sqx1
Closed position,1115975861,USTEC,8,Buy,25808.5,25808.8,2025/12/10 22:00:01,2025/12/10 22:45:01,2025/12/10,2025/12/10,2.4,0,0,2.4,0,25669.51,0.3,Win,0.75,8,,deusfund-sqx1
Closed position,1115992959,XAUUSD,1,Buy,4223.59,4229.58,2025/12/10 22:04:15,2025/12/10 23:00:00,2025/12/10,2025/12/10,599,0,-7,592,4373.37,4205.44,59.9,Win,0.93,1006,,deusfund-sqx1
Closed position,1115993117,XAUUSD,1,Buy,4223.59,4229.58,2025/12/10 22:04:15,2025/12/10 23:00:00,2025/12/10,2025/12/10,599,0,-7,592,4373.37,4205.44,59.9,Win,0.93,202501023,,deusfund-sqx2
Closed position,1115992939,XAUUSD,1,Buy,4223.59,4229.42,2025/12/10 22:04:15,2025/12/10 23:00:30,2025/12/10,2025/12/10,583,0,-7,576,0,4202.92,58.3,Win,0.94,202501021,,deusfund-sqx2
Closed position,1115962593,USTEC,8,Buy,25778.5,25732,2025/12/10 21:56:48,2025/12/10 23:08:27,2025/12/10,2025/12/10,-372,0,0,-372,26166.19,25732.24,-46.5,Loss,1.19,202501005,,deusfund-sqx2
Closed position,1115992978,XAUUSD,1,Buy,4223.59,4230.37,2025/12/10 22:04:15,2025/12/11 01:02:16,2025/12/10,2025/12/11,678,-178.7,-7,492.3,0,4205.3,67.8,Win,2.97,1007,,deusfund-sqx1
Closed position,1111572146,GBPJPY,1,Buy,207.198,208.201,2025/12/08 12:25:20,2025/12/11 04:16:40,2025/12/08,2025/12/11,644.5,55.63,-7,693.13,212.792,206.398,100.3,Win,63.86,202501003,,deusfund-sqx2
Closed position,1115993108,XAUUSD,1,Buy,4223.59,4205.41,2025/12/10 22:04:15,2025/12/11 08:02:15,2025/12/10,2025/12/11,-1818,-178.7,-7,-2003.7,4373.37,4205.44,-181.8,Loss,9.97,202501024,,deusfund-sqx2
Closed position,1117394980,XAUUSD,1,Buy,4249.48,4256.51,2025/12/11 17:40:54,2025/12/11 18:00:00,2025/12/11,2025/12/11,703,0,-7,696,0,4227.71,70.3,Win,0.32,1007,,deusfund-sqx1
Closed position,1117425570,XAUUSD,1,Buy,4259.32,4256.51,2025/12/11 17:51:12,2025/12/11 18:00:00,2025/12/11,2025/12/11,-281,0,-7,-288,0,4240.76,-28.1,Loss,0.15,202501025,,deusfund-sqx2
Closed position,1117407007,XAUUSD,0.4,Buy,4255.68,4278.78,2025/12/11 17:44:18,2025/12/11 19:07:07,2025/12/11,2025/12/11,924,0,-2.8,921.2,4279.17,4247.62,231.0,Win,1.38,6,,deusfund-sqx1
Closed position,1117207375,XAUUSD,1,Buy,4238.35,4264.34,2025/12/11 16:35:42,2025/12/11 21:01:04,2025/12/11,2025/12/11,2599,0,-7,2592,0,4222.88,259.9,Win,4.42,202501026,,deusfund-sqx2
Closed position,1117425550,XAUUSD,1,Buy,4259.32,4276.23,2025/12/11 17:51:12,2025/12/12 02:00:00,2025/12/11,2025/12/12,1691,-59.78,-7,1624.22,4642.65,4241.09,169.1,Win,8.15,202501027,,deusfund-sqx2
Closed position,1118283464,XAUUSD,0.4,Buy,4279.71,4303.36,2025/12/12 07:51:54,2025/12/12 10:44:05,2025/12/12,2025/12/12,946,0,-2.8,943.2,4303.09,4271.54,236.5,Win,2.87,6,,deusfund-sqx1
Closed position,1117950013,XAUUSD,1,Buy,4278.96,4330.14,2025/12/11 23:28:36,2025/12/12 12:46:31,2025/12/11,2025/12/12,5118,-59.78,-7,5051.22,4330.07,4244.5,511.8,Win,13.3,250100191,,deusfund-sqx2
Closed position,1117427429,XAUUSD,1,Buy,4261.4,4321.22,2025/12/11 17:51:36,2025/12/12 17:20:58,2025/12/11,2025/12/12,5982,-59.78,-7,5915.22,0,4245.73,598.2,Win,23.49,202501022,,deusfund-sqx2
Closed position,1119249347,USTEC,5,Sell,25162.3,25156.6,2025/12/12 18:04:14,2025/12/12 19:00:00,2025/12/12,2025/12/12,28.5,0,0,28.5,25035.79,25287.41,5.7,Win,0.93,1,,deusfund-sqx1
Closed position,1111715452,GBPJPY,1,Buy,207.269,208.322,2025/12/08 14:34:28,2025/12/12 20:00:00,2025/12/08,2025/12/12,675.97,66.82,-7,735.79,211.22,206.12,105.3,Win,101.43,202501002,,deusfund-sqx2
Closed position,1120459716,GBPJPY,1,Sell,207.948,207.431,2025/12/15 04:15:12,2025/12/15 09:01:32,2025/12/15,2025/12/15,333.23,0,-7,326.23,198.177,210.862,51.7,Win,4.77,202501002,,deusfund-sqx2
Closed position,1120701703,XAUUSD,0.4,Buy,4347.36,4338.95,2025/12/15 08:46:31,2025/12/15 09:37:31,2025/12/15,2025/12/15,-336.4,0,-2.8,-339.2,4370.66,4339.11,-84.1,Loss,0.85,6,,deusfund-sqx1
Closed position,1121050061,XAUUSD,0.4,Buy,4347.32,4339.07,2025/12/15 14:30:06,2025/12/15 15:05:38,2025/12/15,2025/12/15,-330,0,-2.8,-332.8,4370.66,4339.11,-82.5,Loss,0.59,6,,deusfund-sqx1
Closed position,1121511593,USTEC,8,Buy,25178.9,25154.4,2025/12/15 17:45:24,2025/12/15 18:36:17,2025/12/15,2025/12/15,-196,0,0,-196,0,22659.03,-24.5,Loss,0.85,9,,deusfund-sqx1
Closed position,1110966232,USDJPY,1,Buy,155.356,154.566,2025/12/08 01:51:21,2025/12/16 15:05:42,2025/12/08,2025/12/16,-511.11,60.88,-7,-457.23,157.837,154.574,-79.0,Loss,205.24,202501015,,deusfund-sqx2
Closed position,1123735057,USTEC,8,Buy,25133.8,25154,2025/12/16 22:34:10,2025/12/16 22:45:00,2025/12/16,2025/12/16,161.6,0,0,161.6,0,22619.48,20.2,Win,0.18,5,,deusfund-sqx1
Closed position,1123842111,USDJPY,1,Buy,154.87,154.545,2025/12/17 02:20:55,2025/12/17 03:11:33,2025/12/17,2025/12/17,-210.29,0,-7,-217.29,157.039,154.544,-32.5,Loss,0.84,202501013,,deusfund-sqx2
Closed position,1124168860,GBPJPY,1,Buy,207.933,207.122,2025/12/17 08:30:42,2025/12/17 09:37:59,2025/12/17,2025/12/17,-521.94,0,-7,-528.94,213.544,207.13,-81.1,Loss,1.12,202501003,,deusfund-sqx2
Closed position,1124423017,USTEC,5,Buy,25231.7,25105.7,2025/12/17 12:14:05,2025/12/17 16:36:17,2025/12/17,2025/12/17,-630,0,0,-630,25358.03,25105.71,-126.0,Loss,4.37,1,,deusfund-sqx1
Closed position,1124940910,XAUUSD,0.4,Buy,4346.84,4338.84,2025/12/17 17:31:55,2025/12/17 17:36:06,2025/12/17,2025/12/17,-320,0,-2.8,-322.8,4370.66,4339.11,-80.0,Loss,0.07,6,,deusfund-sqx1
Closed position,1124940996,XAUUSD,1,Buy,4346.84,4328.73,2025/12/17 17:31:55,2025/12/17 17:44:12,2025/12/17,2025/12/17,-1811,0,-7,-1818,0,4328.56,-181.1,Loss,0.2,202501026,,deusfund-sqx2
Closed position,1124829591,BTCUSD,0.8,Buy,88169,87481,2025/12/17 16:52:46,2025/12/17 17:55:10,2025/12/17,2025/12/17,-550.4,0,0,-550.4,0,87482.43,-688,Loss,1.04,1001,,deusfund-sqx1
Closed position,1125326255,USTEC,5,Sell,24729.5,24884.2,2025/12/17 20:40:05,2025/12/18 15:16:22,2025/12/17,2025/12/18,-773.5,-0.95,0,-774.45,24358.74,24884.32,-154.7,Loss,18.6,2,,deusfund-sqx1
Closed position,1125519070,USTEC,5,Sell,24736.8,24924.5,2025/12/18 01:05:26,2025/12/18 15:30:02,2025/12/18,2025/12/18,-938.5,0,0,-938.5,24364.05,24902.1,-187.7,Loss,14.41,2,,deusfund-sqx1
Closed position,1125825126,USTEC,5,Sell,24735.2,24924.5,2025/12/18 08:48:44,2025/12/18 15:30:02,2025/12/18,2025/12/18,-946.5,0,0,-946.5,24365.46,24891.64,-189.3,Loss,6.69,2,,deusfund-sqx1
Closed position,1124152244,USDJPY,1,Buy,155.261,155.418,2025/12/17 08:12:40,2025/12/18 15:30:04,2025/12/17,2025/12/18,101.02,20.73,-7,114.75,157.889,153.698,15.7,Win,31.29,202501014,,deusfund-sqx2
Closed position,1124175141,USDJPY,1,Buy,155.362,155.444,2025/12/17 08:36:45,2025/12/18 15:30:04,2025/12/17,2025/12/18,52.75,20.73,-7,66.48,157.222,154.115,8.2,Win,30.89,2025010019,,deusfund-sqx2
Closed position,1125810131,USDJPY,1,Buy,155.904,155.418,2025/12/18 08:18:53,2025/12/18 15:30:04,2025/12/18,2025/12/18,-312.71,0,-7,-319.71,157.772,155.596,-48.6,Loss,7.19,202501017,,deusfund-sqx2
Closed position,1125626624,USDJPY,1,Buy,155.702,155.383,2025/12/18 03:41:00,2025/12/18 15:30:05,2025/12/18,2025/12/18,-205.3,0,-7,-212.3,158.816,155.289,-31.9,Loss,11.82,202501020,,deusfund-sqx2
Closed position,1125626625,USDJPY,1,Buy,155.702,155.383,2025/12/18 03:41:00,2025/12/18 15:30:05,2025/12/18,2025/12/18,-205.3,0,-7,-212.3,157.882,155.415,-31.9,Loss,11.82,202501013,,deusfund-sqx2
Closed position,1125777757,GBPJPY,1,Buy,208.344,208.233,2025/12/18 07:35:11,2025/12/18 18:15:14,2025/12/18,2025/12/18,-71.44,0,-7,-78.44,213.966,207.541,-11.1,Loss,10.67,202501003,,deusfund-sqx2
Closed position,1126774880,XAUUSD,0.4,Buy,4347.21,4370.62,2025/12/18 18:10:10,2025/12/18 18:17:58,2025/12/18,2025/12/18,936.4,0,-2.8,933.6,4370.66,4339.11,234.1,Win,0.13,6,,deusfund-sqx1
Closed position,1126776666,XAUUSD,1,Buy,4348.92,4360.38,2025/12/18 18:10:22,2025/12/18 19:00:00,2025/12/18,2025/12/18,1146,0,-7,1139,0,4329.21,114.6,Win,0.83,202501025,,deusfund-sqx2
Closed position,1126776773,XAUUSD,1,Buy,4348.92,4360.38,2025/12/18 18:10:22,2025/12/18 19:00:00,2025/12/18,2025/12/18,1146,0,-7,1139,4505.46,4330.51,114.6,Win,0.83,1006,,deusfund-sqx1
Closed position,1126776778,XAUUSD,1,Buy,4348.92,4360.38,2025/12/18 18:10:22,2025/12/18 19:00:00,2025/12/18,2025/12/18,1146,0,-7,1139,4505.46,4330.51,114.6,Win,0.83,202501023,,deusfund-sqx2
Closed position,1126778059,XAUUSD,1,Buy,4351,4361.14,2025/12/18 18:10:23,2025/12/18 19:00:00,2025/12/18,2025/12/18,1014,0,-7,1007,0,4327.03,101.4,Win,0.83,202501021,,deusfund-sqx2
Closed position,1126757712,XAUUSD,1,Buy,4342.68,4344.75,2025/12/18 18:02:03,2025/12/18 19:06:18,2025/12/18,2025/12/18,207,0,-7,200,0,4325.37,20.7,Win,1.07,202501026,,deusfund-sqx2
Closed position,1126482655,USTEC,8,Buy,25077.1,25078.7,2025/12/18 16:30:38,2025/12/18 19:06:30,2025/12/18,2025/12/18,12.8,0,0,12.8,0,22567.78,1.6,Win,2.6,9,,deusfund-sqx1
Closed position,1126778153,XAUUSD,1,Buy,4351,4331.56,2025/12/18 18:10:23,2025/12/18 19:09:32,2025/12/18,2025/12/18,-1944,0,-7,-1951,0,4334.22,-194.4,Loss,0.99,202501022,,deusfund-sqx2
Closed position,1126776752,XAUUSD,1,Buy,4348.92,4330.41,2025/12/18 18:10:22,2025/12/18 19:09:44,2025/12/18,2025/12/18,-1851,0,-7,-1858,4505.46,4330.78,-185.1,Loss,0.99,202501024,,deusfund-sqx2
Closed position,1126776760,XAUUSD,1,Buy,4348.92,4329.81,2025/12/18 18:10:22,2025/12/18 19:09:59,2025/12/18,2025/12/18,-1911,0,-7,-1918,4740.3,4329.51,-191.1,Loss,0.99,202501027,,deusfund-sqx2
Closed position,1126776770,XAUUSD,1,Buy,4348.92,4328.46,2025/12/18 18:10:22,2025/12/18 19:10:10,2025/12/18,2025/12/18,-2046,0,-7,-2053,0,4328.73,-204.6,Loss,1,1007,,deusfund-sqx1
Closed position,1126675290,USTEC,8,Buy,25097.9,24989.8,2025/12/18 17:28:02,2025/12/18 19:13:53,2025/12/18,2025/12/18,-864.8,0,0,-864.8,0,22587,-108.1,Loss,1.76,5,,deusfund-sqx1
Closed position,1127224842,USTEC,8,Buy,25083.6,25085.8,2025/12/18 22:35:10,2025/12/18 22:45:00,2025/12/18,2025/12/18,17.6,0,0,17.6,0,22575.07,2.2,Win,0.16,9,,deusfund-sqx1
Closed position,1125541965,XAUUSD,1,Buy,4342.51,4310.54,2025/12/18 01:53:57,2025/12/19 03:28:47,2025/12/18,2025/12/19,-3197,-63.51,-7,-3267.51,4394.52,4307.67,-319.7,Loss,25.58,250100191,,deusfund-sqx2
Closed position,1128191406,USTEC,5,Buy,25278.4,25286.1,2025/12/19 16:43:48,2025/12/19 17:15:22,2025/12/19,2025/12/19,38.5,0,0,38.5,25398.71,25145.99,7.7,Win,0.53,1,,deusfund-sqx1
Closed position,1129264608,BTCUSD,0.8,Buy,89433.5,88513,2025/12/22 02:14:10,2025/12/22 03:00:03,2025/12/22,2025/12/22,-736.4,0,0,-736.4,0,88501.57,-920.5,Loss,0.76,1001,,deusfund-sqx1
Closed position,1124152241,USDJPY,1,Buy,155.261,156.404,2025/12/17 08:12:40,2025/12/23 04:04:00,2025/12/17,2025/12/23,730.8,40.31,-7,764.11,158.045,154.923,114.3,Win,139.86,202501018,,deusfund-sqx2
Closed position,1128194416,USTEC,5,Buy,25296.5,25675.1,2025/12/19 16:44:32,2025/12/26 01:14:03,2025/12/19,2025/12/26,1893,-204.86,0,1688.14,25675.84,25220.5,378.6,Win,152.49,2,,deusfund-sqx1
Closed position,1129349604,XAUUSD,1,Buy,4374.69,4532.36,2025/12/22 03:38:46,2025/12/26 16:34:10,2025/12/22,2025/12/26,15767,-408.97,-7,15351.03,4532.09,4355.17,1576.7,Win,108.92,202501024,,deusfund-sqx2
Closed position,1129350726,XAUUSD,1,Buy,4375.84,4357.54,2025/12/22 03:39:06,2025/12/29 16:42:32,2025/12/22,2025/12/29,-1830,-486.36,-7,-2323.36,0,4357.81,-183.0,Loss,181.06,202501022,,deusfund-sqx2
Closed position,1129349578,XAUUSD,1,Buy,4374.69,4351.66,2025/12/22 03:38:46,2025/12/29 17:00:04,2025/12/22,2025/12/29,-2303,-486.36,-7,-2796.36,0,4351.99,-230.3,Loss,181.36,1007,,deusfund-sqx1
Closed position,1129349587,XAUUSD,1,Buy,4374.69,4351.66,2025/12/22 03:38:46,2025/12/29 17:00:04,2025/12/22,2025/12/29,-2303,-486.36,-7,-2796.36,4768.31,4353.02,-230.3,Loss,181.36,202501027,,deusfund-sqx2
Closed position,1129349569,XAUUSD,1,Buy,4374.69,4351.66,2025/12/22 03:38:46,2025/12/29 17:00:04,2025/12/22,2025/12/29,-2303,-486.36,-7,-2796.36,0,4355.13,-230.3,Loss,181.36,202501025,,deusfund-sqx2
Closed position,1129245280,XAUUSD,1,Buy,4360.73,4341.45,2025/12/22 02:00:31,2025/12/29 17:02:25,2025/12/22,2025/12/29,-1928,-486.36,-7,-2421.36,0,4342.34,-192.8,Loss,183.03,202501026,,deusfund-sqx2
Closed position,1128535496,USTEC,8,Buy,25345.5,25411.9,2025/12/19 19:51:07,2025/12/31 04:35:45,2025/12/19,2025/12/31,531.2,-564.59,0,-33.39,0,22810.55,66.4,Loss,272.74,9,,deusfund-sqx1
Closed position,1128487260,USTEC,16,Buy,25310.5,25412.4,2025/12/19 19:11:45,2025/12/31 04:35:49,2025/12/19,2025/12/31,1630.4,-1129.2,0,501.2,26829.42,24804.55,101.9,Win,273.4,202501010,,deusfund-sqx2
Closed position,1140131181,USDJPY,1,Buy,156.496,156.645,2025/12/31 05:41:53,2025/12/31 18:04:27,2025/12/31,2025/12/31,95.12,0,-7,88.12,159.158,154.933,14.9,Win,12.38,202501014,,deusfund-sqx2
Closed position,1129190778,USTEC,8,Buy,25415.9,25282.5,2025/12/22 01:00:15,2025/12/31 22:10:16,2025/12/22,2025/12/31,-1067.2,-425.49,0,-1492.69,25764.25,25282.6,-133.4,Loss,237.17,202501005,,deusfund-sqx2
Closed position,1140188816,USDJPY,1,Buy,156.634,156.577,2025/12/31 06:58:36,2026/01/02 02:53:12,2025/12/31,2026/01/02,-36.4,33.73,-7,-9.67,158.515,156.374,-5.7,Loss,43.91,202501017,,deusfund-sqx2
Closed position,1140131175,USDJPY,1,Buy,156.496,156.546,2025/12/31 05:41:53,2026/01/02 02:59:29,2025/12/31,2026/01/02,31.94,33.73,-7,58.67,158.376,155.246,5.0,Win,45.29,2025010019,,deusfund-sqx2
Closed position,1141889044,XAUUSD,1,Buy,4381.82,4380.73,2026/01/02 07:54:52,2026/01/02 08:00:00,2026/01/02,2026/01/02,-109,0,-7,-116,4539.57,4352.76,-10.9,Loss,0.09,202501023,,deusfund-sqx2
Closed position,1142011541,USTEC,8,Buy,25460.2,25480.4,2026/01/02 10:12:45,2026/01/02 14:11:21,2026/01/02,2026/01/02,161.6,0,0,161.6,0,25355,20.2,Win,3.98,202501007,,deusfund-sqx2
Closed position,1142343751,XAUUSD,1,Buy,4401.12,4371.52,2026/01/02 15:14:26,2026/01/02 15:31:41,2026/01/02,2026/01/02,-2960,0,-7,-2967,0,4371.71,-296.0,Loss,0.29,202501026,,deusfund-sqx2
Closed position,1142074790,BTCUSD,0.8,Buy,89113.5,88769,2026/01/02 11:00:51,2026/01/02 16:18:43,2026/01/02,2026/01/02,-275.6,0,0,-275.6,0,88759.57,-344.5,Loss,5.3,1001,,deusfund-sqx1
Closed position,1142492521,USTEC,16,Buy,25493.8,25484.6,2026/01/02 16:30:07,2026/01/02 17:10:20,2026/01/02,2026/01/02,-147.2,0,0,-147.2,27019.32,24980.12,-9.2,Loss,0.67,202501010,,deusfund-sqx2
Closed position,1142493415,USTEC,8,Buy,25514.4,25484.5,2026/01/02 16:30:11,2026/01/02 17:10:21,2026/01/02,2026/01/02,-239.2,0,0,-239.2,0,22962.04,-29.9,Loss,0.67,9,,deusfund-sqx1
Closed position,1142083028,USTEC,5,Buy,25521.1,25432.4,2026/01/02 11:08:54,2026/01/02 17:12:53,2026/01/02,2026/01/02,-443.5,0,0,-443.5,25648.41,25393.21,-88.7,Loss,6.07,1,,deusfund-sqx1
Closed position,1142739254,USTEC,5,Sell,25179.5,25151.3,2026/01/02 17:59:01,2026/01/02 19:00:00,2026/01/02,2026/01/02,141,0,0,141,24802.31,25250.19,28.2,Win,1.02,2,,deusfund-sqx1
Closed position,1124168862,GBPJPY,1,Buy,207.933,211.057,2025/12/17 08:30:42,2026/01/02 20:00:00,2025/12/17,2026/01/02,1992.72,181.82,-7,2167.54,211.88,206.78,312.4,Win,395.49,202501002,,deusfund-sqx2
Closed position,1127645640,GBPJPY,1,Buy,208.919,211.057,2025/12/19 08:40:23,2026/01/02 20:00:00,2025/12/19,2026/01/02,1363.77,143.59,-7,1500.36,214.569,208.128,213.8,Win,347.33,202501003,,deusfund-sqx2
Closed position,1142593634,USTEC,8,Buy,25542.4,25208.3,2026/01/02 17:00:04,2026/01/02 22:45:00,2026/01/02,2026/01/02,-2672.8,0,0,-2672.8,0,22986.63,-334.1,Loss,5.75,5,,deusfund-sqx1
Closed position,1142819064,USTEC,8,Buy,25209.9,25208.3,2026/01/02 18:33:50,2026/01/02 22:45:00,2026/01/02,2026/01/02,-12.8,0,0,-12.8,0,22684.3,-1.6,Loss,4.19,9,,deusfund-sqx1
Closed position,1143327951,BTCUSD,0.8,Buy,90950.5,91335,2026/01/04 02:04:42,2026/01/04 11:00:00,2026/01/04,2026/01/04,307.6,0,0,307.6,0,90501.92,384.5,Win,8.92,1001,,deusfund-sqx1
Closed position,1143733144,XAUUSD,1,Buy,4402.75,4401.97,2026/01/05 03:02:07,2026/01/05 04:00:00,2026/01/05,2026/01/05,-78,0,-7,-85,0,4371.5,-7.8,Loss,0.96,1007,,deusfund-sqx1
Closed position,1143697532,XAUUSD,1,Buy,4396,4395.78,2026/01/05 02:37:26,2026/01/05 04:03:00,2026/01/05,2026/01/05,-22,0,-7,-29,0,4370.41,-2.2,Loss,1.43,202501026,,deusfund-sqx2
Closed position,1143733010,XAUUSD,1,Buy,4402.75,4405.18,2026/01/05 03:02:07,2026/01/05 05:31:18,2026/01/05,2026/01/05,243,0,-7,236,0,4372.39,24.3,Win,2.49,202501021,,deusfund-sqx2
Closed position,1143632793,USDJPY,1,Buy,156.958,156.924,2026/01/05 01:43:25,2026/01/05 10:05:03,2026/01/05,2026/01/05,-21.67,0,-7,-28.67,158.84,156.72,-3.4,Loss,8.36,202501017,,deusfund-sqx2
Closed position,1143632794,USDJPY,1,Buy,156.958,156.903,2026/01/05 01:43:25,2026/01/05 10:17:40,2026/01/05,2026/01/05,-35.05,0,-7,-42.05,159.625,155.387,-5.5,Loss,8.57,202501014,,deusfund-sqx2
Closed position,1140131180,USDJPY,1,Buy,156.496,156.759,2025/12/31 05:41:53,2026/01/05 10:25:31,2025/12/31,2026/01/05,167.77,41.1,-7,201.87,158.689,156.245,26.3,Win,124.73,202501013,,deusfund-sqx2
Closed position,1140188812,USDJPY,1,Buy,156.634,156.672,2025/12/31 06:58:36,2026/01/05 12:45:18,2025/12/31,2026/01/05,24.25,41.1,-7,58.35,159.768,156.272,3.8,Win,125.78,202501020,,deusfund-sqx2
Closed position,1143655153,BTCUSD,0.8,Buy,91869,93053.5,2026/01/05 02:01:14,2026/01/05 13:00:00,2026/01/05,2026/01/05,947.6,0,0,947.6,0,91393.98,1184.5,Win,10.98,1001,,deusfund-sqx1
Closed position,1140188813,USDJPY,1,Buy,156.634,156.534,2025/12/31 06:58:36,2026/01/05 13:02:55,2025/12/31,2026/01/05,-63.88,41.1,-7,-29.78,159.298,156.288,-10.0,Loss,126.07,202501016,,deusfund-sqx2
Closed position,1143735224,XAUUSD,1,Buy,4406.74,4412.04,2026/01/05 03:02:15,2026/01/05 13:27:31,2026/01/05,2026/01/05,530,0,-7,523,0,4380.08,53.0,Win,10.42,202501022,,deusfund-sqx2
Closed position,1143734019,XAUUSD,1,Buy,4404.3,4448.35,2026/01/05 03:02:11,2026/01/05 18:00:00,2026/01/05,2026/01/05,4405,0,-7,4398,4562.77,4377.21,440.5,Win,14.96,202501024,,deusfund-sqx2
Closed position,1140131179,USDJPY,1,Buy,156.496,156.404,2025/12/31 05:41:53,2026/01/05 18:32:51,2025/12/31,2026/01/05,-58.82,41.1,-7,-24.72,159.315,156.245,-9.2,Loss,132.85,202501018,,deusfund-sqx2
Closed position,1144930196,USTEC,8,Buy,25468.2,25434.8,2026/01/05 17:15:09,2026/01/05 19:28:35,2026/01/05,2026/01/05,-267.2,0,0,-267.2,0,22918.1,-33.4,Loss,2.22,9,,deusfund-sqx1
Closed position,1144895707,USTEC,8,Buy,25446.8,25414.5,2026/01/05 17:03:27,2026/01/05 22:45:00,2026/01/05,2026/01/05,-258.4,0,0,-258.4,0,22903.74,-32.3,Loss,5.69,5,,deusfund-sqx1
Closed position,1145293310,USTEC,8,Buy,25437.7,25414.5,2026/01/05 20:45:47,2026/01/05 22:45:00,2026/01/05,2026/01/05,-185.6,0,0,-185.6,0,22893.89,-23.2,Loss,1.99,9,,deusfund-sqx1
Closed position,1145767648,XAUUSD,1,Buy,4467.59,4467.69,2026/01/06 05:24:47,2026/01/06 06:00:00,2026/01/06,2026/01/06,10,0,-7,3,4628.4,4438.51,1.0,Win,0.59,1006,,deusfund-sqx1
Closed position,1146597115,XAUUSD,1,Buy,4488.55,4486.99,2026/01/06 16:54:22,2026/01/06 17:00:00,2026/01/06,2026/01/06,-156,0,-7,-163,4892.35,4454.83,-15.6,Loss,0.09,202501027,,deusfund-sqx2
Closed position,1146604051,USTEC,16,Buy,25574.5,25532.4,2026/01/06 16:57:21,2026/01/06 17:45:30,2026/01/06,2026/01/06,-673.6,0,0,-673.6,27107.08,25061.27,-42.1,Loss,0.8,202501010,,deusfund-sqx2
Closed position,1146615793,USTEC,8,Buy,25587.8,25528.4,2026/01/06 17:01:08,2026/01/06 17:52:39,2026/01/06,2026/01/06,-475.2,0,0,-475.2,0,24820.25,-59.4,Loss,0.86,202501011,,deusfund-sqx2
Closed position,1146605434,USTEC,8,Buy,25578.6,25526.4,2026/01/06 16:58:04,2026/01/06 17:52:40,2026/01/06,2026/01/06,-417.6,0,0,-417.6,0,25515.77,-52.2,Loss,0.91,8,,deusfund-sqx1
Closed position,1146605435,USTEC,8,Buy,25578.6,25526.4,2026/01/06 16:58:04,2026/01/06 17:52:40,2026/01/06,2026/01/06,-417.6,0,0,-417.6,0,25515.77,-52.2,Loss,0.91,7,,deusfund-sqx1
Closed position,1146575909,USTEC,5,Buy,25524.3,25510.4,2026/01/06 16:47:33,2026/01/06 17:53:21,2026/01/06,2026/01/06,-69.5,0,0,-69.5,25652.58,25397.34,-13.9,Loss,1.1,1,,deusfund-sqx1
Closed position,1146588643,USTEC,8,Buy,25564.1,25509.9,2026/01/06 16:51:31,2026/01/06 17:53:21,2026/01/06,2026/01/06,-433.6,0,0,-433.6,0,25472.81,-54.2,Loss,1.03,202501007,,deusfund-sqx2
Closed position,1146871518,USTEC,8,Buy,25531.4,25643.1,2026/01/06 19:07:15,2026/01/06 22:45:00,2026/01/06,2026/01/06,893.6,0,0,893.6,0,22979.09,111.7,Win,3.63,9,,deusfund-sqx1
Closed position,1146905472,USTEC,8,Buy,25592.5,25643.1,2026/01/06 19:38:10,2026/01/06 22:45:00,2026/01/06,2026/01/06,404.8,0,0,404.8,0,25502.19,50.6,Win,3.11,8,,deusfund-sqx1
Closed position,1146905480,USTEC,8,Buy,25592.5,25643.1,2026/01/06 19:38:10,2026/01/06 22:45:00,2026/01/06,2026/01/06,404.8,0,0,404.8,0,25502.19,50.6,Win,3.11,7,,deusfund-sqx1
Closed position,1146905943,USTEC,16,Buy,25602.2,25643.1,2026/01/06 19:38:24,2026/01/06 22:45:00,2026/01/06,2026/01/06,654.4,0,0,654.4,27132.97,25085.2,40.9,Win,3.11,202501010,,deusfund-sqx2
Closed position,1147002366,USTEC,8,Buy,25611.2,25643.1,2026/01/06 20:46:23,2026/01/06 22:45:00,2026/01/06,2026/01/06,255.2,0,0,255.2,0,24842.65,31.9,Win,1.98,202501011,,deusfund-sqx2
Closed position,1146933164,XAUUSD,1,Buy,4490.93,4494.06,2026/01/06 19:55:35,2026/01/06 23:00:00,2026/01/06,2026/01/06,313,0,-7,306,0,4463.24,31.3,Win,3.07,1007,,deusfund-sqx1
Closed position,1145019996,GBPJPY,1,Buy,211.386,211.282,2026/01/05 17:52:43,2026/01/07 00:20:00,2026/01/05,2026/01/07,-66.41,18.43,-7,-54.98,217.093,210.586,-10.4,Loss,30.45,202501003,,deusfund-sqx2
Closed position,1147237060,USDJPY,1,Buy,156.736,156.471,2026/01/07 02:02:01,2026/01/07 07:03:06,2026/01/07,2026/01/07,-169.36,0,-7,-176.36,159.559,156.472,-26.5,Loss,5.02,202501018,,deusfund-sqx2
Closed position,1147237062,USDJPY,1,Buy,156.736,156.471,2026/01/07 02:02:01,2026/01/07 07:03:06,2026/01/07,2026/01/07,-169.36,0,-7,-176.36,158.932,156.472,-26.5,Loss,5.02,202501013,,deusfund-sqx2
Closed position,1147002439,USTEC,8,Buy,25615.9,25549.9,2026/01/06 20:46:25,2026/01/07 11:06:52,2026/01/06,2026/01/07,-528,-47.46,0,-575.46,25999.23,25551.57,-66.0,Loss,14.34,202501005,,deusfund-sqx2
Closed position,1148649835,USTEC,16,Buy,25809.2,25762.6,2026/01/07 19:43:46,2026/01/07 20:15:57,2026/01/07,2026/01/07,-745.6,0,0,-745.6,27357.66,25292.93,-46.6,Loss,0.54,202501010,,deusfund-sqx2
Closed position,1148581669,USTEC,8,Buy,25781,25738.2,2026/01/07 18:46:32,2026/01/07 21:10:25,2026/01/07,2026/01/07,-342.4,0,0,-342.4,0,25694.44,-42.8,Loss,2.4,202501007,,deusfund-sqx2
Closed position,1148651039,USTEC,8,Buy,25815.5,25652.6,2026/01/07 19:45:20,2026/01/07 22:45:00,2026/01/07,2026/01/07,-1303.2,0,0,-1303.2,0,25041.95,-162.9,Loss,2.99,202501011,,deusfund-sqx2
Closed position,1145019994,GBPJPY,1,Buy,211.386,210.886,2026/01/05 17:52:43,2026/01/08 00:01:00,2026/01/05,2026/01/08,-319.03,45.47,-7,-280.56,215.336,210.236,-50.0,Loss,54.14,202501002,,deusfund-sqx2
Closed position,1147237061,USDJPY,1,Buy,156.736,156.597,2026/01/07 02:02:01,2026/01/08 08:10:58,2026/01/07,2026/01/08,-88.76,19.27,-7,-76.49,159.403,155.171,-13.9,Loss,30.15,202501014,,deusfund-sqx2
Closed position,1148943939,USDJPY,1,Buy,156.779,156.542,2026/01/08 02:09:16,2026/01/08 08:15:08,2026/01/08,2026/01/08,-151.4,0,-7,-158.4,158.974,156.549,-23.7,Loss,6.1,202501013,,deusfund-sqx2
Closed position,1148943938,USDJPY,1,Buy,156.779,156.542,2026/01/08 02:09:16,2026/01/08 08:15:08,2026/01/08,2026/01/08,-151.4,0,-7,-158.4,159.601,156.549,-23.7,Loss,6.1,202501018,,deusfund-sqx2
Closed position,1148943937,USDJPY,1,Buy,156.779,156.482,2026/01/08 02:09:16,2026/01/08 09:59:44,2026/01/08,2026/01/08,-189.8,0,-7,-196.8,158.66,155.525,-29.7,Loss,7.84,2025010019,,deusfund-sqx2
Closed position,1150858964,BTCUSD,0.8,Buy,91585,90920.5,2026/01/09 03:30:10,2026/01/09 03:36:36,2026/01/09,2026/01/09,-531.6,0,0,-531.6,0,90930.83,-664.5,Loss,0.11,1001,,deusfund-sqx1
Closed position,1150597825,XAUUSD,1,Buy,4468.57,4467.01,2026/01/08 22:26:03,2026/01/09 15:00:01,2026/01/08,2026/01/09,-156,-58.51,-7,-221.51,4629.23,4445.01,-15.6,Loss,16.57,202501023,,deusfund-sqx2
Closed position,1124175143,USDJPY,1,Buy,155.362,157.845,2025/12/17 08:36:45,2026/01/09 16:12:48,2025/12/17,2026/01/09,1573.06,179.85,-7,1745.91,157.844,154.581,248.3,Win,559.6,202501015,,deusfund-sqx2
Closed position,1151918953,XAUUSD,1,Buy,4500.47,4513.1,2026/01/09 17:09:50,2026/01/09 18:00:00,2026/01/09,2026/01/09,1263,0,-7,1256,0,4474.98,126.3,Win,0.84,1007,,deusfund-sqx1
Closed position,1151918967,XAUUSD,1,Buy,4500.47,4513.1,2026/01/09 17:09:50,2026/01/09 18:00:00,2026/01/09,2026/01/09,1263,0,-7,1256,4662.61,4477.23,126.3,Win,0.84,1006,,deusfund-sqx1
Closed position,1151918937,XAUUSD,1,Buy,4500.47,4513.24,2026/01/09 17:09:50,2026/01/09 18:00:01,2026/01/09,2026/01/09,1277,0,-7,1270,0,4475.17,127.7,Win,0.84,202501021,,deusfund-sqx2
Closed position,1151972404,USTEC,5,Buy,25657.2,25739.4,2026/01/09 17:27:03,2026/01/09 19:00:01,2026/01/09,2026/01/09,411,0,0,411,25787.59,25530.99,82.2,Win,1.55,1,,deusfund-sqx1
Closed position,1151746270,XAUUSD,1,Buy,4495.24,4494.7,2026/01/09 16:11:21,2026/01/09 19:51:05,2026/01/09,2026/01/09,-54,0,-7,-61,0,4472.31,-5.4,Loss,3.66,202501026,,deusfund-sqx2
Closed position,1151950043,XAUUSD,1,Buy,4502.78,4485.35,2026/01/09 17:21:27,2026/01/09 19:54:05,2026/01/09,2026/01/09,-1743,0,-7,-1750,0,4481.46,-174.3,Loss,2.54,202501022,,deusfund-sqx2
Closed position,1150986944,GBPJPY,1,Buy,211.299,211.837,2026/01/09 06:00:30,2026/01/09 20:00:00,2026/01/09,2026/01/09,340.4,0,-7,333.4,217.004,210.499,53.8,Win,13.99,202501003,,deusfund-sqx2
Closed position,1151598459,GBPJPY,1,Buy,211.647,211.837,2026/01/09 15:30:02,2026/01/09 20:00:00,2026/01/09,2026/01/09,120.21,0,-7,113.21,215.579,210.479,19.0,Win,4.5,202501002,,deusfund-sqx2
Closed position,1152140216,USTEC,8,Buy,25742.4,25786.5,2026/01/09 18:52:48,2026/01/09 22:45:00,2026/01/09,2026/01/09,352.8,0,0,352.8,0,23167.36,44.1,Win,3.87,9,,deusfund-sqx1
Closed position,1152144443,USTEC,8,Buy,25747.3,25786.5,2026/01/09 18:56:22,2026/01/09 22:45:00,2026/01/09,2026/01/09,313.6,0,0,313.6,0,25617.53,39.2,Win,3.81,7,,deusfund-sqx1
Closed position,1152156776,USTEC,16,Buy,25750.8,25786.5,2026/01/09 19:03:57,2026/01/09 22:45:00,2026/01/09,2026/01/09,571.2,0,0,571.2,27296.17,25236.08,35.7,Win,3.68,202501010,,deusfund-sqx2
Closed position,1152297876,USTEC,8,Buy,25774.2,25786.5,2026/01/09 20:37:55,2026/01/09 22:45:00,2026/01/09,2026/01/09,98.4,0,0,98.4,0,25000.7,12.3,Win,2.12,202501011,,deusfund-sqx2
Closed position,1152383156,USTEC,8,Buy,25794.4,25786.5,2026/01/09 21:47:51,2026/01/09 22:45:00,2026/01/09,2026/01/09,-63.2,0,0,-63.2,0,23214.82,-7.9,Loss,0.95,5,,deusfund-sqx1
Closed position,1152671068,BTCUSD,0.8,Buy,90712.5,90863,2026/01/11 07:45:23,2026/01/11 20:00:00,2026/01/11,2026/01/11,120.4,0,0,120.4,0,90379.12,150.5,Win,12.24,1001,,deusfund-sqx1
Closed position,1151969457,USTEC,8,Buy,25652.7,25721.4,2026/01/09 17:26:03,2026/01/12 01:01:23,2026/01/09,2026/01/12,549.6,-141.36,0,408.24,0,25530.02,68.7,Win,55.59,202501007,,deusfund-sqx2
Closed position,1151918956,XAUUSD,1,Buy,4500.47,4515.88,2026/01/09 17:09:50,2026/01/12 01:02:01,2026/01/09,2026/01/12,1541,-57.57,-7,1476.43,0,4477.23,154.1,Win,55.87,202501025,,deusfund-sqx2
Closed position,1152956328,USDJPY,1,Buy,158.146,157.846,2026/01/12 02:00:53,2026/01/12 02:27:17,2026/01/12,2026/01/12,-190.06,0,-7,-197.06,160.352,157.849,-30.0,Loss,0.44,202501013,,deusfund-sqx2
Closed position,1152956324,USDJPY,1,Buy,158.146,157.846,2026/01/12 02:00:53,2026/01/12 02:27:17,2026/01/12,2026/01/12,-190.06,0,-7,-197.06,160.984,157.849,-30.0,Loss,0.44,202501018,,deusfund-sqx2
Closed position,1152956323,USDJPY,1,Buy,158.146,157.831,2026/01/12 02:00:53,2026/01/12 02:30:26,2026/01/12,2026/01/12,-199.58,0,-7,-206.58,160.036,157.831,-31.5,Loss,0.49,202501017,,deusfund-sqx2
Closed position,1152965723,XAUUSD,0.4,Buy,4546.88,4571.08,2026/01/12 02:05:40,2026/01/12 02:32:26,2026/01/12,2026/01/12,968,0,-2.8,965.2,4570.21,4538.66,242.0,Win,0.45,6,,deusfund-sqx1
Closed position,1152956325,USDJPY,1,Buy,158.146,157.743,2026/01/12 02:00:53,2026/01/12 02:38:11,2026/01/12,2026/01/12,-255.48,0,-7,-262.48,160.826,157.741,-40.3,Loss,0.62,202501016,,deusfund-sqx2
Closed position,1152956318,USDJPY,1,Buy,158.146,157.722,2026/01/12 02:00:53,2026/01/12 02:38:21,2026/01/12,2026/01/12,-268.83,0,-7,-275.83,161.301,157.723,-42.4,Loss,0.62,202501020,,deusfund-sqx2
Closed position,1151918962,XAUUSD,1,Buy,4500.47,4568.53,2026/01/09 17:09:50,2026/01/12 07:00:00,2026/01/09,2026/01/12,6806,-57.57,-7,6741.43,4905.64,4476.76,680.6,Win,61.84,202501027,,deusfund-sqx2
Closed position,1153575712,XAUUSD,0.4,Buy,4588.89,4580.9,2026/01/12 09:57:42,2026/01/12 10:16:18,2026/01/12,2026/01/12,-319.6,0,-2.8,-322.4,4612.39,4580.84,-79.9,Loss,0.31,6,,deusfund-sqx1
Closed position,1153083966,BTCUSD,0.8,Buy,91156.5,90850.5,2026/01/12 03:00:02,2026/01/12 10:35:56,2026/01/12,2026/01/12,-244.8,0,0,-244.8,0,90868.44,-306.0,Loss,7.6,1001,,deusfund-sqx1
Closed position,1154008955,XAUUSD,1,Buy,4601.14,4615.96,2026/01/12 15:07:59,2026/01/12 16:00:00,2026/01/12,2026/01/12,1482,0,-7,1475,0,4577.01,148.2,Win,0.87,202501025,,deusfund-sqx2
Closed position,1153999818,XAUUSD,0.4,Buy,4596.97,4588.2,2026/01/12 15:05:07,2026/01/12 16:25:59,2026/01/12,2026/01/12,-350.8,0,-2.8,-353.6,4620.41,4588.86,-87.7,Loss,1.35,6,,deusfund-sqx1
Closed position,1154327555,XAUUSD,0.4,Buy,4615.58,4606.98,2026/01/12 17:07:10,2026/01/12 20:15:00,2026/01/12,2026/01/12,-344,0,-2.8,-346.8,4639.34,4607.79,-86.0,Loss,3.13,6,,deusfund-sqx1
Closed position,1152956326,USDJPY,1,Buy,158.146,157.911,2026/01/12 02:00:53,2026/01/13 01:21:32,2026/01/12,2026/01/13,-148.82,6.37,-7,-149.45,160.826,156.557,-23.5,Loss,23.34,202501014,,deusfund-sqx2
Closed position,1151918915,XAUUSD,1,Buy,4500.47,4587.64,2026/01/09 17:09:50,2026/01/13 03:00:00,2026/01/09,2026/01/13,8717,-116.06,-7,8593.94,4662.61,4476.21,871.7,Win,81.84,202501024,,deusfund-sqx2
Closed position,1155540575,BTCUSD,0.8,Buy,92408.5,91894,2026/01/13 11:15:02,2026/01/13 11:42:52,2026/01/13,2026/01/13,-411.6,0,0,-411.6,0,91876.77,-514.5,Loss,0.46,1001,,deusfund-sqx1
Closed position,1154986373,USDJPY,1,Buy,158.192,158.63,2026/01/13 02:50:12,2026/01/13 15:30:02,2026/01/13,2026/01/13,276.11,0,-7,269.11,160.085,157.908,43.8,Win,12.66,202501017,,deusfund-sqx2
Closed position,1156023249,XAUUSD,0.4,Buy,4622.08,4613.1,2026/01/13 16:22:56,2026/01/13 16:33:04,2026/01/13,2026/01/13,-359.2,0,-2.8,-362.0,4644.89,4613.34,-89.8,Loss,0.17,6,,deusfund-sqx1
Closed position,1156107348,XAUUSD,1,Buy,4632.66,4609.6,2026/01/13 16:47:17,2026/01/13 17:17:59,2026/01/13,2026/01/13,-2306,0,-7,-2313,0,4610.14,-230.6,Loss,0.51,202501022,,deusfund-sqx2
Closed position,1156105968,XAUUSD,1,Buy,4630.57,4607.13,2026/01/13 16:47:15,2026/01/13 17:18:14,2026/01/13,2026/01/13,-2344,0,-7,-2351,4796.91,4607.12,-234.4,Loss,0.52,202501023,,deusfund-sqx2
Closed position,1156106053,XAUUSD,1,Buy,4630.57,4607.13,2026/01/13 16:47:15,2026/01/13 17:18:14,2026/01/13,2026/01/13,-2344,0,-7,-2351,4796.91,4607.12,-234.4,Loss,0.52,1006,,deusfund-sqx1
Closed position,1156106133,XAUUSD,1,Buy,4630.57,4605.8,2026/01/13 16:47:15,2026/01/13 17:18:16,2026/01/13,2026/01/13,-2477,0,-7,-2484,5046.94,4606.09,-247.7,Loss,0.52,202501027,,deusfund-sqx2
Closed position,1156106286,XAUUSD,1,Buy,4630.57,4601.3,2026/01/13 16:47:15,2026/01/13 17:23:48,2026/01/13,2026/01/13,-2927,0,-7,-2934,0,4601.62,-292.7,Loss,0.61,1007,,deusfund-sqx1
Closed position,1153229589,GBPJPY,1,Buy,211.994,213.496,2026/01/12 04:31:03,2026/01/13 19:45:50,2026/01/12,2026/01/13,944.77,8.71,-7,946.48,217.714,211.19,150.2,Win,39.25,202501003,,deusfund-sqx2
Closed position,1157167742,XAUUSD,0.4,Buy,4629.95,4622.05,2026/01/14 05:58:13,2026/01/14 07:57:40,2026/01/14,2026/01/14,-316,0,-2.8,-318.8,4653.51,4621.96,-79.0,Loss,1.99,6,,deusfund-sqx1
Closed position,1157222474,XAUUSD,1,Buy,4636.17,4619.52,2026/01/14 07:01:57,2026/01/14 08:00:00,2026/01/14,2026/01/14,-1665,0,-7,-1672,0,4605.92,-166.5,Loss,0.97,1007,,deusfund-sqx1
Closed position,1157167754,XAUUSD,1,Buy,4629.95,4629.84,2026/01/14 05:58:13,2026/01/14 10:05:33,2026/01/14,2026/01/14,-11,0,-7,-18,0,4607.17,-1.1,Loss,4.12,202501026,,deusfund-sqx2
Closed position,1156923154,USDJPY,1,Buy,159.199,158.99,2026/01/14 02:00:01,2026/01/14 10:34:27,2026/01/14,2026/01/14,-131.45,0,-7,-138.45,161.109,158.904,-20.9,Loss,8.57,202501017,,deusfund-sqx2
Closed position,1156923155,USDJPY,1,Buy,159.199,158.953,2026/01/14 02:00:01,2026/01/14 10:34:28,2026/01/14,2026/01/14,-154.76,0,-7,-161.76,161.905,157.607,-24.6,Loss,8.57,202501014,,deusfund-sqx2
Closed position,1152956322,USDJPY,1,Buy,158.146,158.814,2026/01/12 02:00:53,2026/01/14 11:15:08,2026/01/12,2026/01/14,420.62,12.76,-7,426.38,160.036,156.873,66.8,Win,57.24,2025010019,,deusfund-sqx2
Closed position,1154986374,USDJPY,1,Buy,158.192,158.787,2026/01/13 02:50:12,2026/01/14 11:18:08,2026/01/13,2026/01/14,374.72,6.39,-7,374.11,160.402,157.924,59.5,Win,32.47,202501013,,deusfund-sqx2
Closed position,1157529613,XAUUSD,0.4,Buy,4637.43,4629.16,2026/01/14 11:08:05,2026/01/14 11:41:25,2026/01/14,2026/01/14,-330.8,0,-2.8,-333.6,4660.71,4629.16,-82.7,Loss,0.56,6,,deusfund-sqx1
Closed position,1157682708,XAUUSD,0.4,Buy,4636.99,4629.16,2026/01/14 13:17:01,2026/01/14 13:32:20,2026/01/14,2026/01/14,-313.2,0,-2.8,-316.0,4660.71,4629.16,-78.3,Loss,0.26,6,,deusfund-sqx1
Closed position,1154986372,USDJPY,1,Buy,158.192,158.503,2026/01/13 02:50:12,2026/01/14 14:00:40,2026/01/13,2026/01/14,196.21,6.39,-7,195.60,160.876,157.826,31.1,Win,35.17,202501016,,deusfund-sqx2
Closed position,1154986370,USDJPY,1,Buy,158.192,158.46,2026/01/13 02:50:12,2026/01/14 14:00:42,2026/01/13,2026/01/14,169.13,6.39,-7,168.52,161.034,157.924,26.8,Win,35.17,202501018,,deusfund-sqx2
Closed position,1153229590,GBPJPY,1,Buy,211.994,213.167,2026/01/12 04:31:03,2026/01/14 14:00:43,2026/01/12,2026/01/14,740.37,17.44,-7,750.81,215.94,210.84,117.3,Win,57.49,202501002,,deusfund-sqx2
Closed position,1157751843,XAUUSD,0.4,Buy,4637.23,4628.84,2026/01/14 14:02:44,2026/01/14 15:14:10,2026/01/14,2026/01/14,-335.6,0,-2.8,-338.4,4660.71,4629.16,-83.9,Loss,1.19,6,,deusfund-sqx1
Closed position,1157973766,XAUUSD,0.4,Buy,4638.79,4630.54,2026/01/14 16:03:29,2026/01/14 16:08:24,2026/01/14,2026/01/14,-330,0,-2.8,-332.8,4662.22,4630.67,-82.5,Loss,0.08,6,,deusfund-sqx1
Closed position,1157222397,XAUUSD,1,Buy,4636.17,4610.95,2026/01/14 07:01:57,2026/01/14 16:48:32,2026/01/14,2026/01/14,-2522,0,-7,-2529,0,4610.39,-252.2,Loss,9.78,202501025,,deusfund-sqx2
Closed position,1157222472,XAUUSD,1,Buy,4636.17,4609.93,2026/01/14 07:01:57,2026/01/14 16:48:37,2026/01/14,2026/01/14,-2624,0,-7,-2631,4801.42,4610.11,-262.4,Loss,9.78,202501024,,deusfund-sqx2
Closed position,1157222460,XAUUSD,1,Buy,4636.17,4607.74,2026/01/14 07:01:57,2026/01/14 16:49:02,2026/01/14,2026/01/14,-2843,0,-7,-2850,5051.69,4607.65,-284.3,Loss,9.78,202501027,,deusfund-sqx2
Closed position,1158623982,XAUUSD,0.4,Buy,4638.59,4629.14,2026/01/14 21:00:51,2026/01/14 22:02:17,2026/01/14,2026/01/14,-378,0,-2.8,-380.8,4662.22,4630.67,-94.5,Loss,1.02,6,,deusfund-sqx1
Closed position,1158629328,XAUUSD,1,Buy,4643.3,4622.03,2026/01/14 21:02:23,2026/01/14 23:26:17,2026/01/14,2026/01/14,-2127,0,-7,-2134,0,4621.41,-212.7,Loss,2.4,202501022,,deusfund-sqx2
Closed position,1158628477,XAUUSD,1,Buy,4642.69,4618.44,2026/01/14 21:02:22,2026/01/14 23:42:48,2026/01/14,2026/01/14,-2425,0,-7,-2432,4808.99,4618.14,-242.5,Loss,2.67,202501023,,deusfund-sqx2
Closed position,1158628407,XAUUSD,1,Buy,4642.69,4618.44,2026/01/14 21:02:22,2026/01/14 23:42:48,2026/01/14,2026/01/14,-2425,0,-7,-2432,4808.99,4618.14,-242.5,Loss,2.67,1006,,deusfund-sqx1
Closed position,1160077671,USTEC,8,Buy,25765.1,25686.5,2026/01/15 16:30:21,2026/01/15 16:51:13,2026/01/15,2026/01/15,-628.8,0,0,-628.8,0,25012.63,-78.6,Loss,0.35,202501011,,deusfund-sqx2
Closed position,1159971324,USTEC,8,Buy,25747.5,25691.2,2026/01/15 15:46:49,2026/01/15 19:59:05,2026/01/15,2026/01/15,-450.4,0,0,-450.4,0,25564.83,-56.3,Loss,4.2,202501007,,deusfund-sqx2
Closed position,1160077321,USTEC,8,Buy,25780.4,25546,2026/01/15 16:30:11,2026/01/15 22:45:00,2026/01/15,2026/01/15,-1875.2,0,0,-1875.2,0,23198.1,-234.4,Loss,6.25,9,,deusfund-sqx1
Closed position,1160128506,USTEC,16,Buy,25774.3,25546,2026/01/15 16:45:03,2026/01/15 22:45:00,2026/01/15,2026/01/15,-3652.8,0,0,-3652.8,27313.36,25251.97,-228.3,Loss,6,202501010,,deusfund-sqx2
Closed position,1160864195,GBPJPY,1,Sell,212.093,211.968,2026/01/16 03:18:51,2026/01/16 07:59:18,2026/01/16,2026/01/16,78.92,0,-7,71.92,202.127,215.064,12.5,Win,4.67,202501002,,deusfund-sqx2
Closed position,1162100267,USTEC,8,Buy,25535,25514.9,2026/01/16 18:00:20,2026/01/16 19:52:36,2026/01/16,2026/01/16,-160.8,0,0,-160.8,0,22979.93,-20.1,Loss,1.87,9,,deusfund-sqx1
Closed position,1162939741,XAUUSD,1,Buy,4645.33,4675.24,2026/01/19 01:03:03,2026/01/19 02:00:01,2026/01/19,2026/01/19,2991,0,-7,2984,0,4622.11,299.1,Win,0.95,202501022,,deusfund-sqx2
Closed position,1162939759,XAUUSD,1,Buy,4645.33,4672.19,2026/01/19 01:03:03,2026/01/19 02:00:20,2026/01/19,2026/01/19,2686,0,-7,2679,0,4616.58,268.6,Win,0.95,202501021,,deusfund-sqx2
Closed position,1162939786,XAUUSD,1,Buy,4645.33,4675.04,2026/01/19 01:03:03,2026/01/19 03:00:00,2026/01/19,2026/01/19,2971,0,-7,2964,0,4616.89,297.1,Win,1.95,1007,,deusfund-sqx1
Closed position,1162931000,XAUUSD,1,Buy,4639.34,4655.62,2026/01/19 01:02:01,2026/01/19 04:00:41,2026/01/19,2026/01/19,1628,0,-7,1621,0,4618.16,162.8,Win,2.98,202501026,,deusfund-sqx2
Closed position,1162939796,XAUUSD,1,Buy,4645.33,4670,2026/01/19 01:03:04,2026/01/19 08:00:01,2026/01/19,2026/01/19,2467,0,-7,2460,0,4618.65,246.7,Win,6.95,202501025,,deusfund-sqx2
Closed position,1162931155,XAUUSD,1,Buy,4639.34,4677.95,2026/01/19 01:02:01,2026/01/19 09:00:00,2026/01/19,2026/01/19,3861,0,-7,3854,4791.09,4602.12,386.1,Win,7.97,202501023,,deusfund-sqx2
Closed position,1162939799,XAUUSD,1,Buy,4645.33,4667.4,2026/01/19 01:03:04,2026/01/19 12:00:00,2026/01/19,2026/01/19,2207,0,-7,2200,4810.03,4620.41,220.7,Win,10.95,1006,,deusfund-sqx1
Closed position,1162939776,XAUUSD,1,Buy,4645.33,4664.25,2026/01/19 01:03:03,2026/01/19 13:00:04,2026/01/19,2026/01/19,1892,0,-7,1885,4810.03,4619.66,189.2,Win,11.95,202501024,,deusfund-sqx2
Closed position,1164354212,XAUUSD,0.4,Buy,4678.27,4670.06,2026/01/19 19:53:26,2026/01/19 21:20:57,2026/01/19,2026/01/19,-328.4,0,-2.8,-331.2,4701.54,4669.99,-82.1,Loss,1.46,6,,deusfund-sqx1
Closed position,1164302654,USTEC,8,Buy,25229.2,25241.3,2026/01/19 19:04:11,2026/01/20 01:00:15,2026/01/19,2026/01/20,96.8,-47.09,0,49.71,0,22706.69,12.1,Win,5.93,5,,deusfund-sqx1
Closed position,1163394538,USTEC,5,Sell,25221.6,25267.8,2026/01/19 05:24:01,2026/01/20 04:00:00,2026/01/19,2026/01/20,-231,-1.35,0,-232.35,24843.07,25354.35,-46.2,Loss,22.6,2,,deusfund-sqx1
Closed position,1164739468,XAUUSD,0.4,Buy,4678.86,4701.48,2026/01/20 05:40:11,2026/01/20 07:12:56,2026/01/20,2026/01/20,904.8,0,-2.8,902.0,4701.54,4669.99,226.2,Win,1.55,6,,deusfund-sqx1
Closed position,1163572607,USTEC,5,Sell,25226.4,25230.1,2026/01/19 08:58:43,2026/01/20 08:00:00,2026/01/19,2026/01/20,-18.5,-1.35,0,-19.85,24847.92,25352.47,-3.7,Loss,23.02,2,,deusfund-sqx1
Closed position,1164639399,USDJPY,1,Buy,158.167,157.919,2026/01/20 03:44:35,2026/01/20 10:38:19,2026/01/20,2026/01/20,-157.04,0,-7,-164.04,160.856,156.585,-24.8,Loss,6.9,202501014,,deusfund-sqx2
Closed position,1164639400,USDJPY,1,Buy,158.167,157.89,2026/01/20 03:44:35,2026/01/20 10:38:21,2026/01/20,2026/01/20,-175.44,0,-7,-182.44,160.381,157.894,-27.7,Loss,6.9,202501013,,deusfund-sqx2
Closed position,1164639398,USDJPY,1,Buy,158.167,157.89,2026/01/20 03:44:35,2026/01/20 10:38:21,2026/01/20,2026/01/20,-175.44,0,-7,-182.44,161.014,157.894,-27.7,Loss,6.9,202501018,,deusfund-sqx2
Closed position,1164479036,USDJPY,1,Buy,158.184,157.823,2026/01/20 01:00:34,2026/01/20 10:39:13,2026/01/20,2026/01/20,-228.74,0,-7,-235.74,160.077,156.914,-36.1,Loss,9.64,2025010019,,deusfund-sqx2
Closed position,1164411388,GBPJPY,1,Buy,212.258,212.705,2026/01/19 21:01:08,2026/01/20 11:00:04,2026/01/19,2026/01/20,283.26,8.82,-7,285.08,217.99,211.459,44.7,Win,13.98,202501003,,deusfund-sqx2
Closed position,1162939788,XAUUSD,1,Buy,4645.33,4732.03,2026/01/19 01:03:03,2026/01/20 12:00:02,2026/01/19,2026/01/20,8670,-58.68,-7,8604.32,5060.75,4616.19,867.0,Win,34.95,202501027,,deusfund-sqx2
Closed position,1164783693,GBPJPY,1,Buy,212.33,212.267,2026/01/20 06:32:01,2026/01/20 14:22:53,2026/01/20,2026/01/20,-39.96,0,-7,-46.96,216.281,211.181,-6.3,Loss,7.85,202501002,,deusfund-sqx2
Closed position,1165837303,XAUUSD,0.4,Buy,4741.52,4733.03,2026/01/20 17:00:02,2026/01/20 17:23:47,2026/01/20,2026/01/20,-339.6,0,-2.8,-342.4,4764.8,4733.25,-84.9,Loss,0.4,6,,deusfund-sqx1
Closed position,1166043735,XAUUSD,0.4,Buy,4741.34,4764.8,2026/01/20 18:10:54,2026/01/20 20:11:18,2026/01/20,2026/01/20,938.4,0,-2.8,935.6,4764.8,4733.25,234.6,Win,2.01,6,,deusfund-sqx1
Closed position,1167617634,XAUUSD,0.4,Buy,4869.98,4862.15,2026/01/21 13:20:03,2026/01/21 13:39:13,2026/01/21,2026/01/21,-313.2,0,-2.8,-316.0,4893.51,4861.96,-78.3,Loss,0.32,6,,deusfund-sqx1
Closed position,1167729818,XAUUSD,0.4,Buy,4870.28,4861.56,2026/01/21 14:36:51,2026/01/21 14:46:25,2026/01/21,2026/01/21,-348.8,0,-2.8,-351.6,4893.51,4861.96,-87.2,Loss,0.16,6,,deusfund-sqx1
Closed position,1167791333,XAUUSD,0.4,Buy,4870.06,4861.98,2026/01/21 15:10:35,2026/01/21 15:24:02,2026/01/21,2026/01/21,-323.2,0,-2.8,-326.0,4893.51,4861.96,-80.8,Loss,0.22,6,,deusfund-sqx1
Closed position,1168303065,USTEC,8,Buy,25313.1,25221.8,2026/01/21 17:41:54,2026/01/21 18:37:46,2026/01/21,2026/01/21,-730.4,0,0,-730.4,0,24551.99,-91.3,Loss,0.93,202501011,,deusfund-sqx2
Closed position,1168315630,USTEC,16,Buy,25325.2,25401.7,2026/01/21 17:46:01,2026/01/21 22:19:03,2026/01/21,2026/01/21,1224,0,0,1224,26844.43,24818.43,76.5,Win,4.55,202501010,,deusfund-sqx2
Closed position,1168694143,USTEC,8,Buy,25115.1,25356.3,2026/01/21 19:58:29,2026/01/21 22:28:40,2026/01/21,2026/01/21,1929.6,0,0,1929.6,0,22600.78,241.2,Win,2.5,9,,deusfund-sqx1
Closed position,1168949904,USTEC,8,Buy,25372,25353.8,2026/01/21 21:38:44,2026/01/21 22:28:57,2026/01/21,2026/01/21,-145.6,0,0,-145.6,0,24611.13,-18.2,Loss,0.84,202501011,,deusfund-sqx2
Closed position,1168968993,USTEC,8,Buy,25416,25325.7,2026/01/21 21:43:23,2026/01/21 22:30:47,2026/01/21,2026/01/21,-722.4,0,0,-722.4,25797.34,25326.34,-90.3,Loss,0.79,202501005,,deusfund-sqx2
Closed position,1168869821,USTEC,8,Buy,25167.1,25336.3,2026/01/21 21:27:39,2026/01/21 22:45:00,2026/01/21,2026/01/21,1353.6,0,0,1353.6,0,22642.97,169.2,Win,1.29,5,,deusfund-sqx1
Closed position,1169032617,USTEC,8,Buy,25499.5,25510.8,2026/01/21 22:00:01,2026/01/22 16:35:20,2026/01/21,2026/01/22,90.4,-46.1,0,44.3,0,25263.8,11.3,Win,18.59,202501007,,deusfund-sqx2
Closed position,1169318619,USDJPY,1,Buy,158.413,158.46,2026/01/22 01:51:12,2026/01/22 17:09:22,2026/01/22,2026/01/22,29.66,0,-7,22.66,160.315,158.079,4.7,Win,15.3,202501017,,deusfund-sqx2
Closed position,1169522813,USDJPY,1,Buy,158.459,158.437,2026/01/22 04:23:24,2026/01/22 17:15:15,2026/01/22,2026/01/22,-13.89,0,-7,-20.89,161.155,156.876,-2.2,Loss,12.86,202501014,,deusfund-sqx2
Closed position,1169740996,USDJPY,1,Buy,158.833,158.39,2026/01/22 08:17:42,2026/01/22 17:24:13,2026/01/22,2026/01/22,-279.69,0,-7,-286.69,161.53,158.397,-44.3,Loss,9.11,202501016,,deusfund-sqx2
Closed position,1169522810,USDJPY,1,Buy,158.459,158.274,2026/01/22 04:23:24,2026/01/22 18:19:18,2026/01/22,2026/01/22,-116.89,0,-7,-123.89,160.363,157.193,-18.5,Loss,13.93,2025010019,,deusfund-sqx2
Closed position,1170769280,XAUUSD,0.4,Buy,4879.55,4871.73,2026/01/22 18:20:13,2026/01/22 19:08:55,2026/01/22,2026/01/22,-312.8,0,-2.8,-315.6,4903,4871.45,-78.2,Loss,0.81,6,,deusfund-sqx1
Closed position,1170909824,XAUUSD,1,Buy,4888.03,4903.8,2026/01/22 19:22:56,2026/01/22 20:00:01,2026/01/22,2026/01/22,1577,0,-7,1570,0,4843.22,157.7,Win,0.62,1007,,deusfund-sqx1
Closed position,1170909801,XAUUSD,1,Buy,4888.03,4915.3,2026/01/22 19:22:56,2026/01/22 21:26:55,2026/01/22,2026/01/22,2727,0,-7,2720,0,4849.9,272.7,Win,2.07,202501021,,deusfund-sqx2
Closed position,1170650906,USTEC,8,Buy,25460.8,25501.7,2026/01/22 17:33:53,2026/01/22 21:58:34,2026/01/22,2026/01/22,327.2,0,0,327.2,0,22914.11,40.9,Win,4.41,9,,deusfund-sqx1
Closed position,1170990865,XAUUSD,0.4,Buy,4903.87,4928.18,2026/01/22 20:00:49,2026/01/22 22:17:32,2026/01/22,2026/01/22,972.4,0,-2.8,969.6,4928.11,4896.56,243.1,Win,2.28,6,,deusfund-sqx1
Closed position,1170909853,XAUUSD,1,Buy,4888.03,4966.76,2026/01/22 19:22:56,2026/01/23 03:00:01,2026/01/22,2026/01/23,7873,-57.78,-7,7808.22,5328.3,4848.38,787.3,Win,7.62,202501027,,deusfund-sqx2
Closed position,1170769286,XAUUSD,1,Buy,4879.55,4938.78,2026/01/22 18:20:13,2026/01/23 03:02:55,2026/01/22,2026/01/23,5923,-57.78,-7,5858.22,0,4849.94,592.3,Win,8.71,202501026,,deusfund-sqx2
Closed position,1171796813,XAUUSD,0.4,Buy,4965.16,4957.14,2026/01/23 07:47:45,2026/01/23 08:04:30,2026/01/23,2026/01/23,-320.8,0,-2.8,-323.6,4988.66,4957.11,-80.2,Loss,0.28,6,,deusfund-sqx1
Closed position,1169318618,USDJPY,1,Buy,158.413,157.932,2026/01/22 01:51:12,2026/01/23 09:43:32,2026/01/22,2026/01/23,-304.56,6.38,-7,-305.18,161.582,157.961,-48.1,Loss,31.87,202501020,,deusfund-sqx2
Closed position,1169498533,GBPJPY,1,Buy,212.735,213.172,2026/01/22 04:02:00,2026/01/23 09:43:32,2026/01/22,2026/01/23,276.54,8.81,-7,278.35,218.475,211.931,43.7,Win,29.69,202501003,,deusfund-sqx2
Closed position,1169522811,USDJPY,1,Buy,158.459,157.932,2026/01/22 04:23:24,2026/01/23 09:43:32,2026/01/22,2026/01/23,-333.69,6.38,-7,-334.31,160.679,158.135,-52.7,Loss,29.34,202501013,,deusfund-sqx2
Closed position,1169522809,USDJPY,1,Buy,158.461,157.932,2026/01/22 04:23:24,2026/01/23 09:43:32,2026/01/22,2026/01/23,-334.95,6.38,-7,-335.57,161.313,158.135,-52.9,Loss,29.34,202501018,,deusfund-sqx2
Closed position,1169827302,GBPJPY,1,Buy,213.413,213.014,2026/01/22 09:33:43,2026/01/23 09:43:32,2026/01/22,2026/01/23,-252.96,8.81,-7,-251.15,217.35,212.25,-39.9,Loss,24.16,202501002,,deusfund-sqx2
Closed position,1152956327,USDJPY,1,Buy,158.146,157.41,2026/01/12 02:00:53,2026/01/23 09:44:37,2026/01/12,2026/01/23,-467.57,82.91,-7,-391.66,160.668,157.347,-73.6,Loss,271.73,202501015,,deusfund-sqx2
Closed position,1171797904,XAUUSD,1,Buy,4965.94,4933.74,2026/01/23 07:48:12,2026/01/23 10:20:36,2026/01/23,2026/01/23,-3220,0,-7,-3227,0,4934.79,-322.0,Loss,2.54,202501025,,deusfund-sqx2
Closed position,1170910806,XAUUSD,1,Buy,4890.47,4928.44,2026/01/22 19:22:57,2026/01/23 10:22:45,2026/01/22,2026/01/23,3797,-57.78,-7,3732.22,0,4860.59,379.7,Win,15,202501022,,deusfund-sqx2
Closed position,1170909793,XAUUSD,1,Buy,4888.03,4929.86,2026/01/22 19:22:56,2026/01/23 13:00:00,2026/01/22,2026/01/23,4183,-57.78,-7,4118.22,5064.33,4858.16,418.3,Win,17.62,202501024,,deusfund-sqx2
Closed position,1172745349,USTEC,5,Buy,25636.9,25632.3,2026/01/23 17:34:19,2026/01/23 18:32:56,2026/01/23,2026/01/23,-23,0,0,-23,25765.49,25509.11,-4.6,Loss,0.98,1,,deusfund-sqx1
Closed position,1172915993,BTCUSD,0.8,Buy,90316.49,90009.8,2026/01/23 18:41:21,2026/01/23 19:00:00,2026/01/23,2026/01/23,-245.35,0,0,-245.35,0,89744.67,-306.7,Loss,0.31,1001,,deusfund-sqx1
Closed position,1170909678,XAUUSD,1,Buy,4888.03,4980.82,2026/01/22 19:22:56,2026/01/23 19:00:01,2026/01/22,2026/01/23,9279,-57.78,-7,9214.22,5064.33,4857.15,927.9,Win,23.62,1006,,deusfund-sqx1
Closed position,1172792960,USTEC,16,Buy,25682.9,25619.3,2026/01/23 17:53:19,2026/01/23 19:40:26,2026/01/23,2026/01/23,-1017.6,0,0,-1017.6,27224.7,25170.01,-63.6,Loss,1.79,202501010,,deusfund-sqx2
Closed position,1172747440,USTEC,8,Buy,25645.4,25615.4,2026/01/23 17:35:36,2026/01/23 19:42:08,2026/01/23,2026/01/23,-240,0,0,-240,0,25523.34,-30.0,Loss,2.11,202501007,,deusfund-sqx2
Closed position,1170909712,XAUUSD,1,Buy,4888.03,4965.61,2026/01/22 19:22:56,2026/01/23 20:00:00,2026/01/22,2026/01/23,7758,-57.78,-7,7693.22,5064.33,4857.15,775.8,Win,24.62,202501023,,deusfund-sqx2
Closed position,1172813665,XAUUSD,0.4,Buy,4965.24,4972.33,2026/01/23 18:02:26,2026/01/23 20:40:00,2026/01/23,2026/01/23,283.6,0,-2.8,280.8,4988.66,4957.11,70.9,Win,2.63,6,,deusfund-sqx1
Closed position,1172806133,USTEC,8,Buy,25692.8,25596.5,2026/01/23 18:00:00,2026/01/23 22:45:00,2026/01/23,2026/01/23,-770.4,0,0,-770.4,0,24922.69,-96.3,Loss,4.75,202501011,,deusfund-sqx2
Closed position,1174382209,XAUUSD,1,Buy,5085.68,5053.33,2026/01/26 05:15:25,2026/01/26 07:19:40,2026/01/26,2026/01/26,-3235,0,-7,-3242,0,5053.47,-323.5,Loss,2.07,202501025,,deusfund-sqx2
Closed position,1174754843,XAUUSD,0.4,Buy,5089.09,5081.2,2026/01/26 10:00:03,2026/01/26 10:53:33,2026/01/26,2026/01/26,-315.6,0,-2.8,-318.4,5112.75,5081.2,-78.9,Loss,0.89,6,,deusfund-sqx1
Closed position,1174851213,XAUUSD,0.4,Buy,5089.41,5081.6,2026/01/26 11:00:18,2026/01/26 11:50:58,2026/01/26,2026/01/26,-312.4,0,-2.8,-315.2,5112.75,5081.2,-78.1,Loss,0.84,6,,deusfund-sqx1
Closed position,1174976029,XAUUSD,0.4,Buy,5089.37,5081.06,2026/01/26 12:14:10,2026/01/26 13:18:52,2026/01/26,2026/01/26,-332.4,0,-2.8,-335.2,5112.75,5081.2,-83.1,Loss,1.08,6,,deusfund-sqx1
Closed position,1175111442,XAUUSD,0.4,Buy,5091.86,5083.74,2026/01/26 14:01:38,2026/01/26 14:42:18,2026/01/26,2026/01/26,-324.8,0,-2.8,-327.6,5115.27,5083.72,-81.2,Loss,0.68,6,,deusfund-sqx1
Closed position,1175517549,XAUUSD,0.4,Buy,5091.9,5082.91,2026/01/26 16:52:29,2026/01/26 17:34:01,2026/01/26,2026/01/26,-359.6,0,-2.8,-362.4,5115.27,5083.72,-89.9,Loss,0.69,6,,deusfund-sqx1
Closed position,1175734693,XAUUSD,0.4,Buy,5096.29,5087.68,2026/01/26 18:03:10,2026/01/26 18:27:51,2026/01/26,2026/01/26,-344.4,0,-2.8,-347.2,5119.79,5088.24,-86.1,Loss,0.41,6,,deusfund-sqx1
Closed position,1175904538,XAUUSD,0.4,Buy,5096.36,5087.55,2026/01/26 19:05:02,2026/01/26 19:11:02,2026/01/26,2026/01/26,-352.4,0,-2.8,-355.2,5119.79,5088.24,-88.1,Loss,0.1,6,,deusfund-sqx1
Closed position,1175451112,USTEC,8,Buy,25642.5,25752,2026/01/26 16:34:25,2026/01/26 22:45:01,2026/01/26,2026/01/26,876,0,0,876,0,23075.49,109.5,Win,6.18,9,,deusfund-sqx1
Closed position,1175479159,USTEC,16,Buy,25689.9,25752,2026/01/26 16:41:15,2026/01/26 22:45:01,2026/01/26,2026/01/26,993.6,0,0,993.6,27219,25164.73,62.1,Win,6.06,202501010,,deusfund-sqx2
Closed position,1175811457,USTEC,8,Buy,25779.3,25752,2026/01/26 18:28:30,2026/01/26 22:45:01,2026/01/26,2026/01/26,-218.4,0,0,-218.4,0,25004.73,-27.3,Loss,4.28,202501011,,deusfund-sqx2
Closed position,1176719707,USDJPY,1,Buy,154.391,153.845,2026/01/27 03:04:46,2026/01/27 11:52:24,2026/01/27,2026/01/27,-354.9,0,-7,-361.9,156.55,153.773,-54.6,Loss,8.79,202501013,,deusfund-sqx2
Closed position,1175598384,USTEC,8,Buy,25728.4,25841.3,2026/01/26 17:17:59,2026/01/27 16:30:08,2026/01/26,2026/01/27,903.2,-47.13,0,856.07,0,25603.19,112.9,Win,23.2,202501007,,deusfund-sqx2
Closed position,1178207043,XAUUSD,0.4,Buy,5100.87,5092.88,2026/01/27 18:19:49,2026/01/27 18:31:37,2026/01/27,2026/01/27,-319.6,0,-2.8,-322.4,5124.49,5092.94,-79.9,Loss,0.2,6,,deusfund-sqx1
Closed position,1177961081,USTEC,8,Buy,25888.4,25911.3,2026/01/27 16:53:12,2026/01/27 20:02:11,2026/01/27,2026/01/27,183.2,0,0,183.2,0,23299.07,22.9,Win,3.15,9,,deusfund-sqx1
Closed position,1178620529,XAUUSD,0.4,Buy,5100.96,5123.54,2026/01/27 22:03:00,2026/01/27 22:07:59,2026/01/27,2026/01/27,903.2,0,-2.8,900.4,5124.49,5092.94,225.8,Win,0.08,6,,deusfund-sqx1
Closed position,1178198315,USTEC,16,Buy,25971,25960,2026/01/27 18:16:43,2026/01/27 22:45:00,2026/01/27,2026/01/27,-176,0,0,-176,27529.61,25451.9,-11,Loss,4.47,202501010,,deusfund-sqx2
Closed position,1178496634,USTEC,8,Buy,25952.4,25960,2026/01/27 20:31:22,2026/01/27 22:45:00,2026/01/27,2026/01/27,60.8,0,0,60.8,0,23357.39,7.6,Win,2.23,9,,deusfund-sqx1
Closed position,1178626417,XAUUSD,1,Buy,5112.14,5179.28,2026/01/27 22:03:26,2026/01/27 23:00:00,2026/01/27,2026/01/27,6714,0,-7,6707,0,5075.5,671.4,Win,0.94,202501025,,deusfund-sqx2
Closed position,1178626423,XAUUSD,1,Buy,5112.14,5178.53,2026/01/27 22:03:26,2026/01/27 23:00:16,2026/01/27,2026/01/27,6639,0,-7,6632,0,5067.86,663.9,Win,0.95,202501021,,deusfund-sqx2
Closed position,1178626371,XAUUSD,1,Buy,5112.14,5177.8,2026/01/27 22:03:26,2026/01/28 01:02:16,2026/01/27,2026/01/28,6566,-61.43,-7,6497.57,0,5062.3,656.6,Win,2.98,1007,,deusfund-sqx1
Closed position,1178833258,XAUUSD,0.4,Buy,5179.41,5169.32,2026/01/27 23:00:01,2026/01/28 01:13:43,2026/01/27,2026/01/28,-403.6,-24.57,-2.8,-430.97,5200.54,5168.99,-100.9,Loss,2.23,6,,deusfund-sqx1
Closed position,1178942875,XAUUSD,1,Buy,5182.7,5172.21,2026/01/28 01:02:43,2026/01/28 02:00:00,2026/01/28,2026/01/28,-1049,0,-7,-1056,0,5136.66,-104.9,Loss,0.95,202501021,,deusfund-sqx2
Closed position,1178205971,USTEC,5,Buy,25977.3,26071.8,2026/01/27 18:19:27,2026/01/28 05:28:24,2026/01/27,2026/01/28,472.5,-31.01,0,441.49,26107.17,25847.39,94.5,Win,11.15,1,,deusfund-sqx1
Closed position,1177985752,USTEC,8,Buy,25927,26186.7,2026/01/27 17:00:00,2026/01/28 10:00:01,2026/01/27,2026/01/28,2077.6,-49.62,0,2027.98,26317.83,25861.13,259.7,Win,17,202501005,,deusfund-sqx2
Closed position,1178682256,BTCUSD,0.8,Buy,88788.35,89002.08,2026/01/27 22:19:26,2026/01/28 10:00:02,2026/01/27,2026/01/28,170.98,-39.51,0,131.47,0,88276.77,213.7,Win,11.68,1001,,deusfund-sqx1
Closed position,1178626420,XAUUSD,1,Buy,5112.14,5295.3,2026/01/27 22:03:26,2026/01/28 10:02:52,2026/01/27,2026/01/28,18316,-61.43,-7,18247.57,5295.04,5074.09,1831.6,Win,11.99,202501023,,deusfund-sqx2
Closed position,1178626222,XAUUSD,1,Buy,5112.14,5295.3,2026/01/27 22:03:26,2026/01/28 10:02:52,2026/01/27,2026/01/28,18316,-61.43,-7,18247.57,5295.04,5075.05,1831.6,Win,11.99,202501024,,deusfund-sqx2
Closed position,1178626413,XAUUSD,1,Buy,5112.14,5295.3,2026/01/27 22:03:26,2026/01/28 10:02:52,2026/01/27,2026/01/28,18316,-61.43,-7,18247.57,5295.04,5074.09,1831.6,Win,11.99,1006,,deusfund-sqx1
Closed position,1179506792,USTEC,8,Buy,26107.2,26130.4,2026/01/28 07:36:13,2026/01/28 11:05:45,2026/01/28,2026/01/28,185.6,0,0,185.6,0,26028.08,23.2,Win,3.49,202501007,,deusfund-sqx2
Closed position,1178207059,XAUUSD,1,Buy,5100.87,5263.21,2026/01/27 18:19:49,2026/01/28 11:44:17,2026/01/27,2026/01/28,16234,-61.43,-7,16165.57,0,5065.35,1623.4,Win,17.41,202501026,,deusfund-sqx2
Closed position,1178627125,XAUUSD,1,Buy,5116.25,5244.48,2026/01/27 22:03:26,2026/01/28 13:04:59,2026/01/27,2026/01/28,12823,-61.43,-7,12754.57,0,5079.65,1282.3,Win,15.03,202501022,,deusfund-sqx2
Closed position,1180505129,USTEC,8,Buy,26155.9,26106.7,2026/01/28 16:44:34,2026/01/28 16:48:02,2026/01/28,2026/01/28,-393.6,0,0,-393.6,0,23545.67,-49.2,Loss,0.06,9,,deusfund-sqx1
Closed position,1180456410,USTEC,16,Buy,26151.7,26107.7,2026/01/28 16:32:47,2026/01/28 16:48:13,2026/01/28,2026/01/28,-704,0,0,-704,27719.67,25627.62,-44.0,Loss,0.26,202501010,,deusfund-sqx2
Closed position,1179451146,XAUUSD,1,Buy,5248.03,5286.34,2026/01/28 07:04:31,2026/01/28 17:00:01,2026/01/28,2026/01/28,3831,0,-7,3824,0,5210.21,383.1,Win,9.93,202501025,,deusfund-sqx2
Closed position,1180559177,XAUUSD,0.4,Buy,5294.04,5285.32,2026/01/28 17:00:36,2026/01/28 17:07:20,2026/01/28,2026/01/28,-348.8,0,-2.8,-351.6,5317.22,5285.67,-87.2,Loss,0.11,6,,deusfund-sqx1
Closed position,1180445948,USTEC,8,Buy,26134.2,26096.2,2026/01/28 16:30:32,2026/01/28 17:10:53,2026/01/28,2026/01/28,-304,0,0,-304,0,25351.25,-38.0,Loss,0.67,202501011,,deusfund-sqx2
Closed position,1180895902,XAUUSD,0.4,Buy,5293.78,5285.61,2026/01/28 18:46:25,2026/01/28 19:39:35,2026/01/28,2026/01/28,-326.8,0,-2.8,-329.6,5317.22,5285.67,-81.7,Loss,0.89,6,,deusfund-sqx1
Closed position,1181062133,XAUUSD,0.4,Buy,5299.86,5323.26,2026/01/28 20:00:23,2026/01/28 20:23:25,2026/01/28,2026/01/28,936,0,-2.8,933.2,5323.34,5291.79,234.0,Win,0.38,6,,deusfund-sqx1
Closed position,1181266164,XAUUSD,0.4,Buy,5300.31,5290.61,2026/01/28 21:15:18,2026/01/28 21:22:12,2026/01/28,2026/01/28,-388,0,-2.8,-390.8,5323.34,5291.79,-97.0,Loss,0.12,6,,deusfund-sqx1
Closed position,1181072869,USTEC,8,Buy,26021.6,26028,2026/01/28 20:04:52,2026/01/28 22:45:00,2026/01/28,2026/01/28,51.2,0,0,51.2,0,23419.22,6.4,Win,2.67,9,,deusfund-sqx1
Closed position,1178626365,XAUUSD,1,Buy,5112.14,5570.88,2026/01/27 22:03:26,2026/01/29 01:38:51,2026/01/27,2026/01/29,45874,-254.75,-7,45612.25,5571.03,5066.9,4587.4,Win,27.59,202501027,,deusfund-sqx2
Closed position,1182525348,XAUUSD,0.4,Buy,5563.49,5554.34,2026/01/29 09:00:02,2026/01/29 09:16:59,2026/01/29,2026/01/29,-366,0,-2.8,-368.8,5586.13,5554.58,-91.5,Loss,0.28,6,,deusfund-sqx1
Closed position,1177389193,GBPJPY,1,Sell,209.938,211.731,2026/01/27 11:52:30,2026/01/30 20:00:01,2026/01/27,2026/01/30,-1160.89,-73.53,-7,-1241.42,200.06,212.866,-179.3,Loss,80.13,202501002,,deusfund-sqx2
Closed position,1186535473,GBPJPY,1,Buy,212.059,211.726,2026/01/30 14:00:28,2026/01/30 20:00:01,2026/01/30,2026/01/30,-215.61,0,-7,-222.61,217.78,211.255,-33.3,Loss,5.99,202501003,,deusfund-sqx2
Closed position,1189336324,USTEC,5,Sell,25293.8,25469.3,2026/02/02 01:10:59,2026/02/02 02:12:13,2026/02/02,2026/02/02,-877.5,0,0,-877.5,24912.97,25468.67,-175.5,Loss,1.02,2,,deusfund-sqx1
Closed position,1189534335,GBPJPY,1,Buy,212.359,211.97,2026/02/02 02:22:07,2026/02/02 06:03:21,2026/02/02,2026/02/02,-251.06,0,-7,-258.06,218.086,211.552,-38.9,Loss,3.69,202501003,,deusfund-sqx2
Closed position,1189615518,USDJPY,1,Buy,155.233,154.721,2026/02/02 02:54:20,2026/02/02 08:36:08,2026/02/02,2026/02/02,-330.92,0,-7,-337.92,157.401,154.721,-51.2,Loss,5.7,202501013,,deusfund-sqx2
Closed position,1189615519,USDJPY,1,Buy,155.233,154.721,2026/02/02 02:54:20,2026/02/02 08:36:08,2026/02/02,2026/02/02,-330.92,0,-7,-337.92,158.022,154.721,-51.2,Loss,5.7,202501018,,deusfund-sqx2
Closed position,1189615513,USDJPY,1,Buy,155.233,154.703,2026/02/02 02:54:20,2026/02/02 08:36:27,2026/02/02,2026/02/02,-342.59,0,-7,-349.59,157.091,154.69,-53.0,Loss,5.7,202501017,,deusfund-sqx2
Closed position,1189820070,USTEC,5,Sell,25294,25475.9,2026/02/02 04:00:10,2026/02/02 16:30:07,2026/02/02,2026/02/02,-909.5,0,0,-909.5,24914.33,25475.69,-181.9,Loss,12.5,2,,deusfund-sqx1
Closed position,1191998318,USTEC,8,Buy,25761.2,25711.1,2026/02/02 17:14:32,2026/02/02 22:00:14,2026/02/02,2026/02/02,-400.8,0,0,-400.8,0,25557.84,-50.1,Loss,4.76,202501007,,deusfund-sqx2
Closed position,1194999229,USTEC,5,Sell,25482.3,25501.4,2026/02/03 17:01:17,2026/02/03 17:50:44,2026/02/03,2026/02/03,-95.5,0,0,-95.5,25354.08,25608.9,-19.1,Loss,0.82,1,,deusfund-sqx1
Closed position,1189615517,USDJPY,1,Buy,155.233,155.543,2026/02/02 02:54:20,2026/02/03 19:16:16,2026/02/02,2026/02/03,199.3,6.39,-7,198.69,157.867,153.676,31.0,Win,40.37,202501014,,deusfund-sqx2
Closed position,1196424108,XAUUSD,1,Buy,5052.1,5047.09,2026/02/04 03:14:32,2026/02/04 04:00:01,2026/02/04,2026/02/04,-501,0,-7,-508,5233.98,4940.36,-50.1,Loss,0.76,202501023,,deusfund-sqx2
Closed position,1195424426,USTEC,5,Sell,25294.9,25293.9,2026/02/03 19:12:51,2026/02/04 12:00:00,2026/02/03,2026/02/04,5,-1.17,0,3.83,24916.18,25482.55,1.0,Win,16.79,2,,deusfund-sqx1
Closed position,1193167641,GBPJPY,1,Buy,212.681,214.282,2026/02/03 02:01:16,2026/02/04 16:07:43,2026/02/03,2026/02/04,1023.36,8.93,-7,1025.29,218.414,211.872,160.1,Win,38.11,202501003,,deusfund-sqx2
Closed position,1193841748,XAUUSD,1,Buy,4841.79,5012.87,2026/02/03 08:13:36,2026/02/04 16:32:48,2026/02/03,2026/02/04,17108,-56.22,-7,17044.78,0,4729.48,1710.8,Win,32.32,202501026,,deusfund-sqx2
Closed position,1196552136,USTEC,5,Sell,25311.7,24933.3,2026/02/04 04:27:42,2026/02/04 18:40:00,2026/02/04,2026/02/04,1892,0,0,1892,24932.05,25499.74,378.4,Win,14.2,2,,deusfund-sqx1
Closed position,1197093326,USTEC,5,Sell,25311.7,24933.3,2026/02/04 10:26:54,2026/02/04 18:40:00,2026/02/04,2026/02/04,1892,0,0,1892,24932.12,25489.67,378.4,Win,8.22,2,,deusfund-sqx1
Closed position,1196097647,GBPJPY,1,Buy,213.373,213.535,2026/02/03 23:21:41,2026/02/05 05:35:58,2026/02/03,2026/02/05,103.36,35.72,-7,132.08,217.323,212.223,16.2,Win,30.24,202501002,,deusfund-sqx2
Closed position,1189615511,USDJPY,1,Buy,155.233,157.099,2026/02/02 02:54:20,2026/02/05 09:17:21,2026/02/02,2026/02/05,1187.79,31.71,-7,1212.50,157.091,153.986,186.6,Win,78.38,2025010019,,deusfund-sqx2
Closed position,1196324564,USDJPY,1,Buy,155.952,156.83,2026/02/04 02:33:02,2026/02/05 15:11:08,2026/02/04,2026/02/05,559.84,18.97,-7,571.81,157.822,155.622,87.8,Win,36.64,202501017,,deusfund-sqx2
Closed position,1196324567,USDJPY,1,Buy,155.952,156.558,2026/02/04 02:33:02,2026/02/05 15:38:34,2026/02/04,2026/02/05,387.08,18.97,-7,399.05,158.134,155.641,60.6,Win,37.09,202501013,,deusfund-sqx2
Closed position,1189615508,USDJPY,1,Buy,155.233,156.538,2026/02/02 02:54:20,2026/02/05 15:38:38,2026/02/02,2026/02/05,833.66,31.71,-7,858.37,158.333,154.5,130.5,Win,84.74,202501020,,deusfund-sqx2
Closed position,1201960187,USTEC,8,Buy,24781.9,24513.2,2026/02/05 19:46:34,2026/02/05 22:45:00,2026/02/05,2026/02/05,-2149.6,0,0,-2149.6,0,22302.25,-268.7,Loss,2.97,5,,deusfund-sqx1
Closed position,1204500202,USTEC,8,Buy,24783,24717.3,2026/02/06 16:34:06,2026/02/06 17:01:27,2026/02/06,2026/02/06,-525.6,0,0,-525.6,0,22304.07,-65.7,Loss,0.46,9,,deusfund-sqx1
Closed position,1204727859,USTEC,8,Buy,24834.5,25057.4,2026/02/06 17:34:16,2026/02/06 22:45:01,2026/02/06,2026/02/06,1783.2,0,0,1783.2,0,22352.58,222.9,Win,5.18,9,,deusfund-sqx1
Closed position,1204728701,USTEC,8,Buy,24837.2,25058.2,2026/02/06 17:34:28,2026/02/06 22:45:01,2026/02/06,2026/02/06,1768,0,0,1768,0,22353.82,221.0,Win,5.18,5,,deusfund-sqx1
Closed position,1204896349,USTEC,16,Buy,24951.5,25057.4,2026/02/06 18:35:39,2026/02/06 22:45:01,2026/02/06,2026/02/06,1694.4,0,0,1694.4,26447.21,24451.2,105.9,Win,4.16,202501010,,deusfund-sqx2
Closed position,1205017291,USTEC,8,Buy,24995.5,25058.2,2026/02/06 19:32:33,2026/02/06 22:45:01,2026/02/06,2026/02/06,501.6,0,0,501.6,0,24246.31,62.7,Win,3.21,202501011,,deusfund-sqx2
Closed position,1206641009,GBPJPY,1,Buy,214.033,213.215,2026/02/09 02:00:01,2026/02/09 03:15:04,2026/02/09,2026/02/09,-521.98,0,-7,-528.98,219.804,213.225,-81.8,Loss,1.25,202501003,,deusfund-sqx2
Closed position,1189615515,USDJPY,1,Buy,155.233,156.42,2026/02/02 02:54:20,2026/02/09 03:30:58,2026/02/02,2026/02/09,758.85,44.56,-7,796.41,157.867,154.531,118.7,Win,168.61,202501016,,deusfund-sqx2
Closed position,1205353384,USTEC,8,Buy,25127.9,25050.8,2026/02/06 22:51:47,2026/02/09 09:28:41,2026/02/06,2026/02/09,-616.8,-134.69,0,-751.49,0,24869.4,-77.1,Loss,58.62,202501007,,deusfund-sqx2
Closed position,1196324566,USDJPY,1,Buy,155.952,156.195,2026/02/04 02:33:02,2026/02/09 15:09:31,2026/02/04,2026/02/09,155.57,31.82,-7,180.39,158.758,155.641,24.3,Win,132.61,202501018,,deusfund-sqx2
Closed position,1208668766,XAUUSD,1,Buy,5064.72,5074.52,2026/02/09 18:03:25,2026/02/09 19:00:00,2026/02/09,2026/02/09,980,0,-7,973,0,4985.24,98.0,Win,0.94,202501025,,deusfund-sqx2
Closed position,1207271718,USTEC,5,Sell,25104.3,25323.8,2026/02/09 08:00:46,2026/02/09 19:11:19,2026/02/09,2026/02/09,-1097.5,0,0,-1097.5,24727.85,25322.68,-219.5,Loss,11.18,2,,deusfund-sqx1
Closed position,1206432030,USTEC,5,Sell,25112.2,25268.9,2026/02/09 01:00:19,2026/02/09 20:00:00,2026/02/09,2026/02/09,-783.5,0,0,-783.5,24739,25347.49,-156.7,Loss,18.99,2,,deusfund-sqx1
Closed position,1207076161,USTEC,5,Sell,25107.2,25340.4,2026/02/09 05:37:00,2026/02/09 21:33:23,2026/02/09,2026/02/09,-1166,0,0,-1166,24732.53,25340.23,-233.2,Loss,15.94,2,,deusfund-sqx1
Closed position,1209237899,XAUUSD,1,Buy,5086.61,5000.74,2026/02/09 22:33:11,2026/02/10 01:12:14,2026/02/09,2026/02/10,-8587,-58.4,-7,-8652.4,0,5001.29,-858.7,Loss,2.65,202501026,,deusfund-sqx2
Closed position,1209138080,USTEC,8,Buy,25336.9,25200.7,2026/02/09 21:30:21,2026/02/10 04:37:48,2026/02/09,2026/02/10,-1089.6,-46.12,0,-1135.72,25716.95,25202.78,-136.2,Loss,7.12,202501005,,deusfund-sqx2
Closed position,1189615516,USDJPY,1,Buy,155.233,154.454,2026/02/02 02:54:20,2026/02/10 16:22:54,2026/02/02,2026/02/10,-504.36,51.06,-7,-460.30,157.712,154.452,-77.9,Loss,205.48,202501015,,deusfund-sqx2
Closed position,1208781853,USTEC,5,Buy,25299.7,25173.3,2026/02/09 18:46:48,2026/02/10 16:49:43,2026/02/09,2026/02/10,-632,-28.83,0,-660.83,25426.14,25173.14,-126.4,Loss,22.05,1,,deusfund-sqx1
Closed position,1212731055,XAUUSD,1,Buy,5088.51,5093.64,2026/02/11 12:44:09,2026/02/11 13:00:00,2026/02/11,2026/02/11,513,0,-7,506,0,5018.28,51.3,Win,0.26,202501025,,deusfund-sqx2
Closed position,1212731361,XAUUSD,1,Buy,5088.63,5093.64,2026/02/11 12:44:09,2026/02/11 13:00:00,2026/02/11,2026/02/11,501,0,-7,494,0,5035.99,50.1,Win,0.26,1007,,deusfund-sqx1
Closed position,1212733841,XAUUSD,1,Buy,5094.15,5093.64,2026/02/11 12:44:19,2026/02/11 13:00:00,2026/02/11,2026/02/11,-51,0,-7,-58,0,4997.8,-5.1,Loss,0.26,202501021,,deusfund-sqx2
Closed position,1212731123,XAUUSD,1,Buy,5088.51,5112.74,2026/02/11 12:44:09,2026/02/11 14:00:00,2026/02/11,2026/02/11,2423,0,-7,2416,5544.52,5036.4,242.3,Win,1.26,202501027,,deusfund-sqx2
Closed position,1212716851,XAUUSD,1,Buy,5082.31,5080.94,2026/02/11 12:40:53,2026/02/11 14:36:00,2026/02/11,2026/02/11,-137,0,-7,-144,0,5032.69,-13.7,Loss,1.92,202501026,,deusfund-sqx2
Closed position,1212733957,XAUUSD,1,Buy,5094.15,5072.24,2026/02/11 12:44:19,2026/02/11 14:41:10,2026/02/11,2026/02/11,-2191,0,-7,-2198,0,5031.63,-219.1,Loss,1.95,202501022,,deusfund-sqx2
Closed position,1212731097,XAUUSD,1,Buy,5088.51,5021.55,2026/02/11 12:44:09,2026/02/11 15:30:54,2026/02/11,2026/02/11,-6696,0,-7,-6703,5269.84,5028.21,-669.6,Loss,2.78,202501024,,deusfund-sqx2
Closed position,1212731059,XAUUSD,1,Buy,5088.51,5033.3,2026/02/11 12:44:09,2026/02/11 15:31:06,2026/02/11,2026/02/11,-5521,0,-7,-5528,5269.84,5018.85,-552.1,Loss,2.78,202501023,,deusfund-sqx2
Closed position,1212731355,XAUUSD,1,Buy,5088.63,5033.3,2026/02/11 12:44:09,2026/02/11 15:31:06,2026/02/11,2026/02/11,-5533,0,-7,-5540,5269.84,5018.85,-553.3,Loss,2.78,1006,,deusfund-sqx1
Closed position,1213236607,USTEC,5,Buy,25366.9,25231.3,2026/02/11 15:56:01,2026/02/11 16:57:09,2026/02/11,2026/02/11,-678,0,0,-678,25488.72,25235.1,-135.6,Loss,1.02,1,,deusfund-sqx1
Closed position,1213537450,USTEC,5,Sell,25046.9,25218.3,2026/02/11 17:18:14,2026/02/11 19:43:46,2026/02/11,2026/02/11,-857,0,0,-857,24677.71,25217.71,-171.4,Loss,2.43,2,,deusfund-sqx1
Closed position,1213178683,GBPJPY,1,Sell,209.162,208.681,2026/02/11 15:39:51,2026/02/11 22:21:08,2026/02/11,2026/02/11,314.2,0,-7,307.2,199.367,212.128,48.1,Win,6.69,202501002,,deusfund-sqx2
Closed position,1215622935,USTEC,8,Buy,25319.3,25163.2,2026/02/12 15:40:38,2026/02/12 16:49:58,2026/02/12,2026/02/12,-1248.8,0,0,-1248.8,0,25160.97,-156.1,Loss,1.16,202501007,,deusfund-sqx2
Closed position,1216078058,USTEC,5,Sell,24864.7,24749,2026/02/12 18:07:04,2026/02/12 18:29:14,2026/02/12,2026/02/12,578.5,0,0,578.5,24751.49,25000.25,115.7,Win,0.37,1,,deusfund-sqx1
Closed position,1215997953,USTEC,5,Sell,25035.5,24660.3,2026/02/12 17:40:44,2026/02/12 22:51:18,2026/02/12,2026/02/12,1876,0,0,1876,24658.86,25183.66,375.2,Win,5.18,2,,deusfund-sqx1
Closed position,1216119194,GBPJPY,1,Sell,207.967,208.561,2026/02/12 18:12:25,2026/02/13 20:00:00,2026/02/12,2026/02/13,-388.73,-14.51,-7,-410.24,198.19,210.875,-59.4,Loss,25.79,202501002,,deusfund-sqx2
Closed position,1219001263,USTEC,8,Buy,24796.9,24659.9,2026/02/13 17:29:00,2026/02/13 22:37:21,2026/02/13,2026/02/13,-1096,0,0,-1096,0,22315.59,-137.0,Loss,5.14,5,,deusfund-sqx1
Closed position,1218942770,BTCUSD,0.8,Buy,68380.9,68754.53,2026/02/13 17:11:56,2026/02/14 07:00:00,2026/02/13,2026/02/14,298.9,-91.7,0,207.2,0,67573.73,373.6,Win,13.8,1001,,deusfund-sqx1
Closed position,1222268097,USDJPY,1,Buy,153.682,153.353,2026/02/17 01:09:45,2026/02/17 02:06:40,2026/02/17,2026/02/17,-214.54,0,-7,-221.54,155.513,153.361,-32.9,Loss,0.95,202501017,,deusfund-sqx2
Closed position,1222264244,USDJPY,1,Buy,153.591,153.269,2026/02/17 01:06:43,2026/02/17 02:21:13,2026/02/17,2026/02/17,-210.09,0,-7,-217.09,156.334,153.28,-32.2,Loss,1.24,202501018,,deusfund-sqx2
Closed position,1222268089,USDJPY,1,Buy,153.682,153.252,2026/02/17 01:09:45,2026/02/17 02:21:54,2026/02/17,2026/02/17,-280.58,0,-7,-287.58,156.742,153.252,-43.0,Loss,1.2,202501020,,deusfund-sqx2
Closed position,1222264251,USDJPY,1,Buy,153.591,152.802,2026/02/17 01:06:43,2026/02/17 10:47:47,2026/02/17,2026/02/17,-516.35,0,-7,-523.35,156.027,152.802,-78.9,Loss,9.68,202501015,,deusfund-sqx2
Closed position,1222926152,GBPJPY,1,Sell,207.899,207.835,2026/02/17 09:00:08,2026/02/17 11:22:55,2026/02/17,2026/02/17,41.86,0,-7,34.86,198.133,210.816,6.4,Win,2.38,202501002,,deusfund-sqx2
Closed position,1224492432,USTEC,8,Buy,24806.7,24691.5,2026/02/17 21:35:47,2026/02/17 22:31:40,2026/02/17,2026/02/17,-921.6,0,0,-921.6,0,24690.38,-115.2,Loss,0.93,202501007,,deusfund-sqx2
Closed position,1222264255,USDJPY,1,Buy,153.591,153.125,2026/02/17 01:06:43,2026/02/18 01:49:40,2026/02/17,2026/02/18,-304.33,6.39,-7,-304.94,156.181,152.034,-46.6,Loss,24.72,202501014,,deusfund-sqx2
Closed position,1225910714,USTEC,5,Buy,24898,25021.9,2026/02/18 17:01:27,2026/02/18 17:55:22,2026/02/18,2026/02/18,619.5,0,0,619.5,25022.41,24773.43,123.9,Win,0.9,1,,deusfund-sqx1
Closed position,1225858672,USTEC,8,Buy,24810,24953.6,2026/02/18 16:45:57,2026/02/18 20:42:50,2026/02/18,2026/02/18,1148.8,0,0,1148.8,0,22328.68,143.6,Win,3.95,9,,deusfund-sqx1
Closed position,1225928590,USTEC,16,Buy,24946.9,24945.6,2026/02/18 17:04:38,2026/02/18 20:43:21,2026/02/18,2026/02/18,-20.8,0,0,-20.8,26444.18,24448.39,-1.3,Loss,3.65,202501010,,deusfund-sqx2
Closed position,1225915753,USTEC,8,Buy,24907.6,24940.7,2026/02/18 17:02:12,2026/02/18 20:52:02,2026/02/18,2026/02/18,264.8,0,0,264.8,0,24698.98,33.1,Win,3.83,202501007,,deusfund-sqx2
Closed position,1225933007,USTEC,8,Buy,24967.8,24937.2,2026/02/18 17:05:48,2026/02/18 20:52:32,2026/02/18,2026/02/18,-244.8,0,0,-244.8,0,24215.9,-30.6,Loss,3.78,202501011,,deusfund-sqx2
Closed position,1225804085,XAUUSD,1,Buy,4972.04,4980.56,2026/02/18 16:32:22,2026/02/18 22:00:00,2026/02/18,2026/02/18,852,0,-7,845,5150,4932.43,85.2,Win,5.46,202501023,,deusfund-sqx2
Closed position,1226397627,USTEC,16,Buy,24947,24876.9,2026/02/18 21:16:32,2026/02/18 22:45:00,2026/02/18,2026/02/18,-1121.6,0,0,-1121.6,26442.19,24446.55,-70.1,Loss,1.47,202501010,,deusfund-sqx2
Closed position,1226521633,USTEC,8,Buy,24882.8,24876.9,2026/02/18 22:43:33,2026/02/18 22:45:00,2026/02/18,2026/02/18,-47.2,0,0,-47.2,0,22393.93,-5.9,Loss,0.02,9,,deusfund-sqx1
Closed position,1227069023,XAUUSD,1,Buy,5017.48,5019.8,2026/02/19 08:51:03,2026/02/19 09:00:00,2026/02/19,2026/02/19,232,0,-7,225,0,4980.34,23.2,Win,0.15,202501025,,deusfund-sqx2
Closed position,1227069024,XAUUSD,1,Buy,5017.48,5019.7,2026/02/19 08:51:03,2026/02/19 09:00:01,2026/02/19,2026/02/19,222,0,-7,215,0,4973.46,22.2,Win,0.15,1007,,deusfund-sqx1
Closed position,1226470034,USTEC,5,Sell,24815.1,24984.1,2026/02/18 21:57:22,2026/02/19 10:21:21,2026/02/18,2026/02/19,-845,-1.3,0,-846.3,24442.34,24984.3,-169.0,Loss,12.4,2,,deusfund-sqx1
Closed position,1226713156,USDJPY,1,Buy,154.82,154.818,2026/02/19 02:39:09,2026/02/19 10:35:36,2026/02/19,2026/02/19,-1.29,0,-7,-8.29,156.679,154.444,-0.2,Loss,7.94,202501017,,deusfund-sqx2
Closed position,1222264264,USDJPY,1,Buy,153.591,154.581,2026/02/17 01:06:43,2026/02/19 13:52:09,2026/02/17,2026/02/19,640.44,24.85,-7,658.29,155.413,152.341,99.0,Win,60.76,2025010019,,deusfund-sqx2
Closed position,1227300840,USTEC,5,Sell,24807.3,24847.8,2026/02/19 11:46:36,2026/02/20 04:00:00,2026/02/19,2026/02/20,-202.5,-1.13,0,-203.63,24435.04,24965.1,-40.5,Loss,16.22,2,,deusfund-sqx1
Closed position,1227326133,USTEC,5,Sell,24801.8,24883.5,2026/02/19 12:03:15,2026/02/20 08:00:00,2026/02/19,2026/02/20,-408.5,-1.13,0,-409.63,24433.45,24965.53,-81.7,Loss,19.95,2,,deusfund-sqx1
Closed position,1229090705,XAUUSD,1,Buy,5022.62,5020.95,2026/02/20 08:23:33,2026/02/20 09:00:00,2026/02/20,2026/02/20,-167,0,-7,-174,5203.05,4987.94,-16.7,Loss,0.61,1006,,deusfund-sqx1
Closed position,1229090995,XAUUSD,1,Buy,5022.62,5020.95,2026/02/20 08:23:34,2026/02/20 09:00:00,2026/02/20,2026/02/20,-167,0,-7,-174,5203.05,4987.94,-16.7,Loss,0.61,202501023,,deusfund-sqx2
Closed position,1229090946,XAUUSD,1,Buy,5022.62,5007.52,2026/02/20 08:23:34,2026/02/20 10:00:00,2026/02/20,2026/02/20,-1510,0,-7,-1517,0,4990.04,-151.0,Loss,1.61,1007,,deusfund-sqx1
Closed position,1229078718,XAUUSD,1,Buy,5018.42,5017.99,2026/02/20 08:11:43,2026/02/20 13:48:01,2026/02/20,2026/02/20,-43,0,-7,-50,0,4990.23,-4.3,Loss,5.6,202501026,,deusfund-sqx2
Closed position,1229315971,USTEC,8,Buy,24912.9,24767.1,2026/02/20 11:17:16,2026/02/20 13:56:58,2026/02/20,2026/02/20,-1166.4,0,0,-1166.4,0,24767.23,-145.8,Loss,2.66,202501007,,deusfund-sqx2
Closed position,1229828610,XAUUSD,1,Buy,5052.22,5055.98,2026/02/20 16:34:35,2026/02/20 17:00:00,2026/02/20,2026/02/20,376,0,-7,369,5507.21,5011.38,37.6,Win,0.42,202501027,,deusfund-sqx2
Closed position,1229828622,XAUUSD,1,Buy,5052.22,5056.69,2026/02/20 16:34:35,2026/02/20 17:00:01,2026/02/20,2026/02/20,447,0,-7,440,0,5008.64,44.7,Win,0.42,202501021,,deusfund-sqx2
Closed position,1229464652,USTEC,5,Sell,24789.9,24947.7,2026/02/20 13:04:40,2026/02/20 17:01:13,2026/02/20,2026/02/20,-789,0,0,-789,24415.15,24922.65,-157.8,Loss,3.94,2,,deusfund-sqx1
Closed position,1229935022,USTEC,8,Buy,25011.7,24925.2,2026/02/20 17:01:56,2026/02/20 17:02:52,2026/02/20,2026/02/20,-692,0,0,-692,25388.7,24924.72,-86.5,Loss,0.02,202501005,,deusfund-sqx2
Closed position,1229094389,XAUUSD,1,Buy,5027.8,5016.45,2026/02/20 08:25:32,2026/02/20 17:03:57,2026/02/20,2026/02/20,-1135,0,-7,-1142,0,4996.73,-113.5,Loss,8.64,202501022,,deusfund-sqx2
Closed position,1229922981,USTEC,5,Buy,24961.7,24834.3,2026/02/20 17:01:14,2026/02/20 17:05:30,2026/02/20,2026/02/20,-637,0,0,-637,25083.05,24833.47,-127.4,Loss,0.07,1,,deusfund-sqx1
Closed position,1226713157,USDJPY,1,Buy,154.82,154.785,2026/02/19 02:39:09,2026/02/20 17:38:38,2026/02/19,2026/02/20,-22.61,6.15,-7,-23.46,156.988,154.466,-3.5,Loss,38.99,202501013,,deusfund-sqx2
Closed position,1230165906,USTEC,5,Buy,25064.2,24989.2,2026/02/20 17:55:13,2026/02/20 18:15:54,2026/02/20,2026/02/20,-375,0,0,-375,25440.74,24989.58,-75.0,Loss,0.34,2,,deusfund-sqx1
Closed position,1226780396,GBPJPY,1,Buy,209.115,209.08,2026/02/19 03:49:46,2026/02/20 20:00:00,2026/02/19,2026/02/20,-22.58,8.56,-7,-21.02,213.058,207.958,-3.5,Loss,40.17,202501002,,deusfund-sqx2
Closed position,1229334920,GBPJPY,1,Buy,209.461,209.08,2026/02/20 11:30:44,2026/02/20 20:00:00,2026/02/20,2026/02/20,-245.81,0,-7,-252.81,215.116,208.661,-38.1,Loss,8.49,202501003,,deusfund-sqx2
Closed position,1230183571,USTEC,8,Buy,25075.5,24996.7,2026/02/20 18:02:45,2026/02/20 22:45:00,2026/02/20,2026/02/20,-630.4,0,0,-630.4,0,24322.95,-78.8,Loss,4.7,202501011,,deusfund-sqx2
Closed position,1230574672,USTEC,8,Buy,25043.6,24996.7,2026/02/20 21:00:20,2026/02/20 22:45:00,2026/02/20,2026/02/20,-375.2,0,0,-375.2,0,22538.47,-46.9,Loss,1.74,9,,deusfund-sqx1
Closed position,1226713151,USDJPY,1,Buy,154.82,154.616,2026/02/19 02:39:09,2026/02/23 01:20:24,2026/02/19,2026/02/23,-131.94,12.29,-7,-126.65,157.917,154.311,-20.4,Loss,94.69,202501020,,deusfund-sqx2
Closed position,1226713154,USDJPY,1,Buy,154.82,154.464,2026/02/19 02:39:09,2026/02/23 01:45:29,2026/02/19,2026/02/23,-230.47,12.29,-7,-225.18,157.608,154.466,-35.6,Loss,95.11,202501018,,deusfund-sqx2
Closed position,1226713155,USDJPY,1,Buy,154.82,154.403,2026/02/19 02:39:09,2026/02/23 01:50:06,2026/02/19,2026/02/23,-270.07,12.29,-7,-264.78,157.453,154.333,-41.7,Loss,95.18,202501016,,deusfund-sqx2
Closed position,1226713158,USDJPY,1,Buy,154.82,154.048,2026/02/19 02:39:09,2026/02/23 03:01:35,2026/02/19,2026/02/23,-501.14,12.29,-7,-495.85,157.298,154.047,-77.2,Loss,96.37,202501015,,deusfund-sqx2
Closed position,1231751679,USTEC,5,Sell,24766.8,24939.1,2026/02/23 04:11:31,2026/02/23 11:11:01,2026/02/23,2026/02/23,-861.5,0,0,-861.5,24398.1,24938.51,-172.3,Loss,6.99,2,,deusfund-sqx1
Closed position,1229091099,XAUUSD,1,Buy,5022.62,5163.04,2026/02/20 08:23:34,2026/02/23 13:00:00,2026/02/20,2026/02/23,14042,-65.6,-7,13969.4,5203.05,4988.81,1404.2,Win,76.61,202501024,,deusfund-sqx2
Closed position,1232995454,USTEC,5,Sell,24755.9,24795.9,2026/02/23 17:46:28,2026/02/24 12:00:00,2026/02/23,2026/02/24,-200,-0.94,0,-200.94,24384.56,24914.43,-40.0,Loss,18.23,2,,deusfund-sqx1
Closed position,1234952733,USTEC,5,Sell,24711,24852.1,2026/02/24 16:31:51,2026/02/24 16:44:53,2026/02/24,2026/02/24,-705.5,0,0,-705.5,24341.57,24852.25,-141.1,Loss,0.22,2,,deusfund-sqx1
Closed position,1234359648,USTEC,5,Sell,24726.2,24877.6,2026/02/24 10:16:10,2026/02/24 16:46:45,2026/02/24,2026/02/24,-757,0,0,-757,24359.6,24886.89,-151.4,Loss,6.51,2,,deusfund-sqx1
Closed position,1233601539,USTEC,5,Sell,24737.8,24902,2026/02/24 01:00:45,2026/02/24 16:48:12,2026/02/24,2026/02/24,-821,0,0,-821,24366.87,24903.16,-164.2,Loss,15.79,2,,deusfund-sqx1
Closed position,1234253847,USDJPY,1,Buy,155.459,155.606,2026/02/24 09:06:31,2026/02/24 18:53:06,2026/02/24,2026/02/24,94.47,0,-7,87.47,157.419,155.16,14.7,Win,9.78,202501017,,deusfund-sqx2
Closed position,1235122898,USTEC,5,Buy,24924.1,24960.3,2026/02/24 17:27:03,2026/02/24 20:30:23,2026/02/24,2026/02/24,181,0,0,181,25048.77,24799.53,36.2,Win,3.06,1,,deusfund-sqx1
Closed position,1235580989,USTEC,8,Buy,24981.9,24976.6,2026/02/24 21:52:31,2026/02/24 22:45:00,2026/02/24,2026/02/24,-42.4,0,0,-42.4,0,22483.4,-5.3,Loss,0.87,9,,deusfund-sqx1
Closed position,1234253747,GBPJPY,1,Buy,209.537,210.012,2026/02/24 09:06:31,2026/02/25 05:08:21,2026/02/24,2026/02/25,305.76,8.59,-7,307.35,215.261,208.802,47.5,Win,20.03,202501003,,deusfund-sqx2
Closed position,1235016338,USTEC,8,Buy,24894.2,24975.5,2026/02/24 16:48:02,2026/02/25 05:34:00,2026/02/24,2026/02/25,650.4,-45.62,0,604.78,0,24756.9,81.3,Win,12.77,202501007,,deusfund-sqx2
Closed position,1236964182,USTEC,16,Buy,25163.6,25221.6,2026/02/25 16:30:54,2026/02/25 17:55:23,2026/02/25,2026/02/25,928,0,0,928,26674.43,24661.27,58.0,Win,1.41,202501010,,deusfund-sqx2
Closed position,1236964125,USTEC,8,Buy,25163.1,25218.6,2026/02/25 16:30:54,2026/02/25 17:55:27,2026/02/25,2026/02/25,444,0,0,444,0,24405.98,55.5,Win,1.41,202501011,,deusfund-sqx2
Closed position,1236412521,USDJPY,1,Buy,156.1,156.316,2026/02/25 10:20:43,2026/02/25 19:00:08,2026/02/25,2026/02/25,138.18,0,-7,131.18,157.971,155.695,21.6,Win,8.66,202501017,,deusfund-sqx2
Closed position,1236974800,USTEC,5,Buy,25180.6,25318.6,2026/02/25 16:34:22,2026/02/25 21:06:16,2026/02/25,2026/02/25,690,0,0,690,25318.38,25066.46,138.0,Win,4.53,1,,deusfund-sqx1
Closed position,1237305941,USTEC,8,Buy,25279.7,25321.6,2026/02/25 18:48:23,2026/02/25 22:45:00,2026/02/25,2026/02/25,335.2,0,0,335.2,0,22750.05,41.9,Win,3.94,9,,deusfund-sqx1
Closed position,1234251089,USDJPY,1,Buy,155.446,155.961,2026/02/24 09:05:50,2026/02/26 02:47:35,2026/02/24,2026/02/26,330.21,25.68,-7,348.89,157.284,154.176,51.5,Win,41.7,2025010019,,deusfund-sqx2
Closed position,1234253830,USDJPY,1,Buy,155.459,155.773,2026/02/24 09:06:31,2026/02/26 04:06:38,2026/02/24,2026/02/26,201.58,25.68,-7,220.26,158.663,155.022,31.4,Win,43,202501020,,deusfund-sqx2
Closed position,1237018987,USTEC,8,Buy,25258.2,25277.4,2026/02/25 16:46:44,2026/02/26 09:00:00,2026/02/25,2026/02/26,153.6,-46.04,0,107.56,25638.29,25179.75,19.2,Win,16.22,202501005,,deusfund-sqx2
Closed position,1237232425,BTCUSD,0.8,Buy,67693.96,67093.31,2026/02/25 18:12:56,2026/02/26 17:16:45,2026/02/25,2026/02/26,-480.52,-30.63,0,-511.15,0,67087.45,-600.6,Loss,23.06,1001,,deusfund-sqx1
Closed position,1239135147,USTEC,5,Sell,24948.6,24825.4,2026/02/26 17:16:43,2026/02/26 17:34:08,2026/02/26,2026/02/26,616,0,0,616,24828.17,25077.69,123.2,Win,0.29,1,,deusfund-sqx1
Closed position,1236101807,GBPJPY,1,Buy,210.695,210.628,2026/02/25 05:26:15,2026/02/26 19:20:21,2026/02/25,2026/02/26,-42.88,26.32,-7,-23.56,214.654,209.554,-6.7,Loss,37.9,202501002,,deusfund-sqx2
Closed position,1234253860,USDJPY,1,Buy,155.459,155.548,2026/02/24 09:06:31,2026/02/27 06:40:17,2026/02/24,2026/02/27,57.22,32.02,-7,82.24,158.196,155.045,8.9,Win,69.56,202501016,,deusfund-sqx2
Closed position,1240884853,XAUUSD,1,Buy,5217.7,5223.1,2026/02/27 15:15:27,2026/02/27 16:00:00,2026/02/27,2026/02/27,540,0,-7,533,0,5181.68,54,Win,0.74,1007,,deusfund-sqx1
Closed position,1240884863,XAUUSD,1,Buy,5217.7,5229.3,2026/02/27 15:15:27,2026/02/27 19:00:00,2026/02/27,2026/02/27,1160,0,-7,1153,5405.48,5185.4,116,Win,3.74,1006,,deusfund-sqx1
Closed position,1241384718,XAUUSD,1,Buy,5250.52,5229.3,2026/02/27 18:11:15,2026/02/27 19:00:00,2026/02/27,2026/02/27,-2122,0,-7,-2129,0,5212.09,-212.2,Loss,0.81,202501021,,deusfund-sqx2
Closed position,1241234401,USTEC,8,Buy,24947.9,24893,2026/02/27 17:11:33,2026/02/27 22:45:00,2026/02/27,2026/02/27,-439.2,0,0,-439.2,0,22452.34,-54.9,Loss,5.56,5,,deusfund-sqx1
Closed position,1242526285,BTCUSD,0.8,Buy,66023.13,65277.12,2026/03/02 00:13:07,2026/03/02 00:35:04,2026/03/02,2026/03/02,-596.81,0,0,-596.81,0,65260.91,-746.0,Loss,0.37,1001,,deusfund-sqx1
Closed position,1240860527,XAUUSD,1,Buy,5205.53,5361.69,2026/02/27 15:07:41,2026/03/02 02:17:23,2026/02/27,2026/03/02,15616,-66.1,-7,15542.9,0,5175.39,1561.6,Win,59.16,202501026,,deusfund-sqx2
Closed position,1242743450,USDJPY,1,Buy,156.799,156.427,2026/03/02 02:07:28,2026/03/02 02:18:11,2026/03/02,2026/03/02,-237.81,0,-7,-244.81,158.679,156.43,-37.2,Loss,0.18,202501017,,deusfund-sqx2
Closed position,1241390526,XAUUSD,1,Buy,5252.4,5330.91,2026/02/27 18:13:40,2026/03/02 03:00:09,2026/02/27,2026/03/02,7851,-66.1,-7,7777.9,0,5220.53,785.1,Win,56.77,202501022,,deusfund-sqx2
Closed position,1242743451,USDJPY,1,Buy,156.799,156.319,2026/03/02 02:07:28,2026/03/02 03:33:55,2026/03/02,2026/03/02,-307.06,0,-7,-314.06,159.463,156.322,-48.0,Loss,1.44,202501016,,deusfund-sqx2
Closed position,1242743449,USDJPY,1,Buy,156.799,156.291,2026/03/02 02:07:28,2026/03/02 03:34:17,2026/03/02,2026/03/02,-325.03,0,-7,-332.03,159.933,156.301,-50.8,Loss,1.45,202501020,,deusfund-sqx2
Closed position,1240884931,XAUUSD,1,Buy,5217.7,5346.76,2026/02/27 15:15:27,2026/03/02 05:00:00,2026/02/27,2026/03/02,12906,-66.1,-7,12832.9,5405.48,5185.4,1290.6,Win,61.74,202501023,,deusfund-sqx2
Closed position,1240884989,XAUUSD,1,Buy,5217.7,5355.98,2026/02/27 15:15:27,2026/03/02 07:00:00,2026/02/27,2026/03/02,13828,-66.1,-7,13754.9,0,5185.06,1382.8,Win,63.74,202501025,,deusfund-sqx2
Closed position,1240884919,XAUUSD,1,Buy,5217.7,5405.88,2026/02/27 15:15:27,2026/03/02 09:12:55,2026/02/27,2026/03/02,18818,-66.1,-7,18744.9,5405.48,5185.25,1881.8,Win,65.96,202501024,,deusfund-sqx2
Closed position,1240884997,XAUUSD,1,Buy,5217.7,5319.6,2026/02/27 15:15:27,2026/03/02 16:26:10,2026/02/27,2026/03/02,10190,-66.1,-7,10116.9,5687.23,5183.43,1019,Win,73.18,202501027,,deusfund-sqx2
Closed position,1243211365,USTEC,5,Sell,24691.7,24854.2,2026/03/02 07:23:01,2026/03/02 16:48:32,2026/03/02,2026/03/02,-812.5,0,0,-812.5,24322.26,24850.96,-162.5,Loss,9.43,2,,deusfund-sqx1
Closed position,1233852030,USDJPY,1,Buy,155.13,157.617,2026/02/24 03:26:53,2026/03/02 17:00:29,2026/02/24,2026/03/02,1577.88,38.37,-7,1609.25,157.611,154.353,248.7,Win,157.56,202501015,,deusfund-sqx2
Closed position,1242549138,USDJPY,1,Buy,156.239,157.176,2026/03/02 01:00:00,2026/03/02 21:36:59,2026/03/02,2026/03/02,596.15,0,-7,589.15,158.837,154.62,93.7,Win,20.62,202501014,,deusfund-sqx2
Closed position,1245447171,GBPJPY,1,Buy,211.226,210.427,2026/03/03 03:00:00,2026/03/03 07:38:02,2026/03/03,2026/03/03,-507.83,0,-7,-514.83,216.932,210.429,-79.9,Loss,4.63,202501003,,deusfund-sqx2
Closed position,1246053232,USTEC,5,Sell,24677.1,24639.1,2026/03/03 09:23:38,2026/03/04 04:00:01,2026/03/03,2026/03/04,190,-1.13,0,188.87,24310.77,24850.79,38.0,Win,18.61,2,,deusfund-sqx1
Closed position,1247992590,USDJPY,1,Buy,157.845,157.438,2026/03/04 02:01:55,2026/03/04 05:50:49,2026/03/04,2026/03/04,-258.51,0,-7,-265.51,160.686,157.439,-40.7,Loss,3.82,202501018,,deusfund-sqx2
Closed position,1247992587,USDJPY,1,Buy,157.845,157.403,2026/03/04 02:01:55,2026/03/04 05:53:34,2026/03/04,2026/03/04,-280.81,0,-7,-287.81,159.739,157.414,-44.2,Loss,3.86,202501017,,deusfund-sqx2
Closed position,1247992588,USDJPY,1,Buy,157.845,157.284,2026/03/04 02:01:55,2026/03/04 06:14:33,2026/03/04,2026/03/04,-356.68,0,-7,-363.68,160.528,157.287,-56.1,Loss,4.21,202501016,,deusfund-sqx2
Closed position,1242549136,USDJPY,1,Buy,156.239,157.062,2026/03/02 01:00:00,2026/03/04 12:08:38,2026/03/02,2026/03/04,524,12.75,-7,529.75,158.369,155.837,82.3,Win,59.14,202501013,,deusfund-sqx2
Closed position,1242637317,USDJPY,1,Buy,156.388,157.044,2026/03/02 01:20:43,2026/03/04 12:08:49,2026/03/02,2026/03/04,417.72,12.75,-7,423.47,158.266,155.138,65.6,Win,58.8,2025010019,,deusfund-sqx2
Closed position,1247992589,USDJPY,1,Buy,157.845,157.046,2026/03/04 02:01:55,2026/03/04 12:08:49,2026/03/04,2026/03/04,-508.77,0,-7,-515.77,160.371,157.056,-79.9,Loss,10.12,202501015,,deusfund-sqx2
Closed position,1249582311,USTEC,16,Buy,25107.2,25125.5,2026/03/04 17:30:00,2026/03/04 22:45:00,2026/03/04,2026/03/04,292.8,0,0,292.8,26612.4,24603.92,18.3,Win,5.25,202501010,,deusfund-sqx2
Closed position,1249942368,USTEC,8,Buy,25143.8,25125.5,2026/03/04 20:30:08,2026/03/04 22:45:00,2026/03/04,2026/03/04,-146.4,0,0,-146.4,0,24390.13,-18.3,Loss,2.25,202501011,,deusfund-sqx2
Closed position,1249582865,USTEC,8,Buy,25112.6,25070.2,2026/03/04 17:30:01,2026/03/05 03:42:32,2026/03/04,2026/03/05,-339.2,-45.81,0,-385.01,0,24896.45,-42.4,Loss,10.21,202501007,,deusfund-sqx2
Closed position,1243534977,GBPJPY,1,Sell,209.373,209.632,2026/03/02 10:38:32,2026/03/05 09:32:13,2026/03/02,2026/03/05,-164.86,-69.1,-7,-240.96,199.54,212.312,-25.9,Loss,70.89,202501002,,deusfund-sqx2
Closed position,1249565388,USTEC,8,Buy,25049.2,25039,2026/03/04 17:24:44,2026/03/05 10:00:07,2026/03/04,2026/03/05,-81.6,-45.81,0,-127.41,25425.24,24920.56,-10.2,Loss,16.59,202501005,,deusfund-sqx2
Closed position,1248643100,BTCUSD,0.8,Buy,69536.32,72892.53,2026/03/04 09:48:59,2026/03/05 14:00:13,2026/03/04,2026/03/05,2684.97,-32.6,0,2652.37,0,68676.04,3356.2,Win,28.19,1001,,deusfund-sqx1
Closed position,1247992591,USDJPY,1,Buy,157.845,157.444,2026/03/04 02:01:55,2026/03/06 15:30:01,2026/03/04,2026/03/06,-254.69,25.57,-7,-236.12,160.528,156.267,-40.1,Loss,61.47,202501014,,deusfund-sqx2
Closed position,1253575238,USTEC,5,Sell,24665.3,24853.6,2026/03/06 15:46:09,2026/03/06 17:38:17,2026/03/06,2026/03/06,-941.5,0,0,-941.5,24293.89,24853.2,-188.3,Loss,1.87,2,,deusfund-sqx1
Closed position,1252572403,GBPJPY,1,Buy,210.54,211.279,2026/03/06 03:16:12,2026/03/06 20:00:46,2026/03/06,2026/03/06,468.31,0,-7,461.31,214.492,209.392,73.9,Win,16.74,202501002,,deusfund-sqx2
Closed position,1252572404,GBPJPY,1,Buy,210.54,211.279,2026/03/06 03:16:12,2026/03/06 20:00:46,2026/03/06,2026/03/06,468.31,0,-7,461.31,216.227,209.742,73.9,Win,16.74,202501003,,deusfund-sqx2
Closed position,1255015143,USDJPY,1,Buy,158.326,158.379,2026/03/09 02:00:01,2026/03/09 08:28:53,2026/03/09,2026/03/09,33.46,0,-7,26.46,160.218,157.913,5.3,Win,6.48,202501017,,deusfund-sqx2
Closed position,1255015146,USDJPY,1,Buy,158.326,158.34,2026/03/09 02:00:01,2026/03/09 08:31:33,2026/03/09,2026/03/09,8.84,0,-7,1.84,161.009,156.735,1.4,Win,6.53,202501014,,deusfund-sqx2
Closed position,1256126914,BTCUSD,0.8,Buy,68258.13,67605.57,2026/03/09 12:33:43,2026/03/09 13:43:03,2026/03/09,2026/03/09,-522.05,0,0,-522.05,0,67603.35,-652.6,Loss,1.16,1001,,deusfund-sqx1
Closed position,1255015142,USDJPY,1,Buy,158.326,157.934,2026/03/09 02:00:01,2026/03/09 22:22:10,2026/03/09,2026/03/09,-248.2,0,-7,-255.2,161.484,157.77,-39.2,Loss,20.37,202501020,,deusfund-sqx2
Closed position,1255015144,USDJPY,1,Buy,158.326,157.794,2026/03/09 02:00:01,2026/03/09 22:39:58,2026/03/09,2026/03/09,-337.15,0,-7,-344.15,161.009,157.794,-53.2,Loss,20.67,202501016,,deusfund-sqx2
Closed position,1256815965,USTEC,8,Buy,24530.3,24933.1,2026/03/09 17:45:51,2026/03/09 22:45:00,2026/03/09,2026/03/09,3222.4,0,0,3222.4,0,22075.99,402.8,Win,4.99,5,,deusfund-sqx1
Closed position,1257300454,USTEC,8,Buy,24736,24933.4,2026/03/09 22:19:47,2026/03/09 22:45:00,2026/03/09,2026/03/09,1579.2,0,0,1579.2,0,22260.29,197.4,Win,0.42,9,,deusfund-sqx1
Closed position,1257361108,USTEC,16,Buy,25003.9,24933.1,2026/03/09 22:38:05,2026/03/09 22:45:00,2026/03/09,2026/03/09,-1132.8,0,0,-1132.8,26498.96,24499.04,-70.8,Loss,0.12,202501010,,deusfund-sqx2
Closed position,1257820746,XAUUSD,1,Buy,5174.7,5174.88,2026/03/10 04:54:40,2026/03/10 05:08:01,2026/03/10,2026/03/10,18,0,-7,11,0,5132.75,1.8,Win,0.22,202501026,,deusfund-sqx2
Closed position,1255015145,USDJPY,1,Buy,158.326,157.52,2026/03/09 02:00:01,2026/03/10 09:24:28,2026/03/09,2026/03/10,-511.68,6.54,-7,-512.14,160.851,157.526,-80.6,Loss,31.41,202501015,,deusfund-sqx2
Closed position,1258782420,XAUUSD,1,Buy,5199.86,5206.16,2026/03/10 16:01:21,2026/03/10 17:00:00,2026/03/10,2026/03/10,630,0,-7,623,5385.03,5150.58,63.0,Win,0.98,202501023,,deusfund-sqx2
Closed position,1258782813,XAUUSD,1,Buy,5198.86,5206.16,2026/03/10 16:01:21,2026/03/10 17:00:00,2026/03/10,2026/03/10,730,0,-7,723,0,5141.32,73.0,Win,0.98,1007,,deusfund-sqx1
Closed position,1258819124,XAUUSD,1,Buy,5205.72,5206.16,2026/03/10 16:18:01,2026/03/10 17:00:00,2026/03/10,2026/03/10,44,0,-7,37,5393.52,5158.77,4.4,Win,0.7,1006,,deusfund-sqx1
Closed position,1258782571,XAUUSD,1,Buy,5199.86,5206.96,2026/03/10 16:01:21,2026/03/10 17:00:01,2026/03/10,2026/03/10,710,0,-7,703,0,5145.84,71.0,Win,0.98,202501021,,deusfund-sqx2
Closed position,1259370278,USTEC,8,Buy,25177,25081.2,2026/03/10 20:27:07,2026/03/10 20:38:28,2026/03/10,2026/03/10,-766.4,0,0,-766.4,0,22658.42,-95.8,Loss,0.19,9,,deusfund-sqx1
Closed position,1258801806,XAUUSD,1,Buy,5200.74,5188.52,2026/03/10 16:08:49,2026/03/10 21:17:59,2026/03/10,2026/03/10,-1222,0,-7,-1229,0,5158.88,-122.2,Loss,5.15,202501022,,deusfund-sqx2
Closed position,1258782597,XAUUSD,1,Buy,5199.86,5215.46,2026/03/10 16:01:21,2026/03/11 04:00:00,2026/03/10,2026/03/11,1560,-62.8,-7,1490.2,5385.03,5152.09,156.0,Win,11.98,202501024,,deusfund-sqx2
Closed position,1258782584,XAUUSD,1,Buy,5199.86,5215.46,2026/03/10 16:01:21,2026/03/11 04:00:00,2026/03/10,2026/03/11,1560,-62.8,-7,1490.2,0,5151.86,156.0,Win,11.98,202501025,,deusfund-sqx2
Closed position,1258819105,XAUUSD,1,Buy,5205.72,5208.65,2026/03/10 16:18:01,2026/03/11 05:00:00,2026/03/10,2026/03/11,293,-62.8,-7,223.2,5674.65,5151.73,29.3,Win,12.7,202501027,,deusfund-sqx2
Closed position,1256292179,GBPJPY,1,Buy,211.556,212.578,2026/03/09 14:07:23,2026/03/12 06:30:57,2026/03/09,2026/03/12,642.7,43.6,-7,679.3,217.268,210.756,102.2,Win,64.39,202501003,,deusfund-sqx2
Closed position,1261775562,USDJPY,1,Buy,158.955,158.734,2026/03/12 01:00:11,2026/03/12 11:01:34,2026/03/12,2026/03/12,-139.23,0,-7,-146.23,161.657,157.365,-22.1,Loss,10.02,202501014,,deusfund-sqx2
Closed position,1261775559,USDJPY,1,Buy,158.955,158.663,2026/03/12 01:00:11,2026/03/12 14:23:55,2026/03/12,2026/03/12,-184.04,0,-7,-191.04,160.862,158.617,-29.2,Loss,13.4,202501017,,deusfund-sqx2
Closed position,1261775558,USDJPY,1,Buy,158.955,158.636,2026/03/12 01:00:11,2026/03/12 14:30:40,2026/03/12,2026/03/12,-201.09,0,-7,-208.09,161.816,158.636,-31.9,Loss,13.51,202501018,,deusfund-sqx2
Closed position,1256292180,GBPJPY,1,Buy,211.556,211.941,2026/03/09 14:07:23,2026/03/13 10:06:53,2026/03/09,2026/03/13,241.5,52.24,-7,286.74,215.506,210.406,38.5,Win,91.99,202501002,,deusfund-sqx2
Closed position,1263216088,USTEC,5,Sell,24618.6,24497.1,2026/03/12 16:56:03,2026/03/13 12:00:00,2026/03/12,2026/03/13,607.5,-1.32,0,606.18,24257.7,24817.77,121.5,Win,19.07,2,,deusfund-sqx1
Closed position,1263690582,USTEC,5,Sell,24626,24666.9,2026/03/12 20:18:32,2026/03/13 16:00:00,2026/03/12,2026/03/13,-204.5,-1.32,0,-205.82,24255.91,24816.02,-40.9,Loss,19.69,2,,deusfund-sqx1
Closed position,1264193744,BTCUSD,0.8,Buy,70967.11,70247.76,2026/03/13 03:12:50,2026/03/14 09:40:32,2026/03/13,2026/03/14,-575.48,-95.19,0,-670.67,0,70298.54,-719.4,Loss,30.46,1001,,deusfund-sqx1
Closed position,1266606220,BTCUSD,0.8,Buy,71390.89,71382.17,2026/03/15 05:03:02,2026/03/15 22:00:00,2026/03/15,2026/03/15,-6.98,0,0,-6.98,0,70865.79,-8.7,Loss,16.95,1001,,deusfund-sqx1
Closed position,1266902327,USDJPY,1,Buy,159.723,159.408,2026/03/16 01:09:35,2026/03/16 03:23:41,2026/03/16,2026/03/16,-197.61,0,-7,-204.61,162.597,159.415,-31.5,Loss,2.24,202501018,,deusfund-sqx2
Closed position,1266902328,USDJPY,1,Buy,159.723,159.397,2026/03/16 01:09:35,2026/03/16 03:23:52,2026/03/16,2026/03/16,-204.52,0,-7,-211.52,161.639,159.396,-32.6,Loss,2.24,202501017,,deusfund-sqx2
Closed position,1267605782,GBPJPY,1,Sell,211.133,211.225,2026/03/16 09:00:07,2026/03/16 12:02:24,2026/03/16,2026/03/16,-57.72,0,-7,-64.72,201.211,214.09,-9.2,Loss,3.04,202501002,,deusfund-sqx2
Closed position,1259864287,USDJPY,1,Buy,158.167,158.994,2026/03/11 03:05:38,2026/03/16 15:31:16,2026/03/11,2026/03/16,520.15,31.52,-7,544.67,160.381,157.8,82.7,Win,132.43,202501013,,deusfund-sqx2
Closed position,1261775557,USDJPY,1,Buy,158.955,158.903,2026/03/12 01:00:11,2026/03/16 16:59:02,2026/03/12,2026/03/16,-32.72,12.74,-7,-26.98,162.134,158.497,-5.2,Loss,111.98,202501020,,deusfund-sqx2
Closed position,1268413969,USTEC,8,Buy,24696.1,24625.9,2026/03/16 16:35:16,2026/03/16 17:38:59,2026/03/16,2026/03/16,-561.6,0,0,-561.6,0,22227.11,-70.2,Loss,1.06,9,,deusfund-sqx1
Closed position,1268066485,USTEC,8,Buy,24580.1,24641.5,2026/03/16 13:42:38,2026/03/16 17:39:05,2026/03/16,2026/03/16,491.2,0,0,491.2,0,24402.26,61.4,Win,3.94,202501007,,deusfund-sqx2
Closed position,1268454898,USTEC,8,Buy,24713.9,24642.5,2026/03/16 16:47:08,2026/03/16 17:41:37,2026/03/16,2026/03/16,-571.2,0,0,-571.2,0,23970.73,-71.4,Loss,0.91,202501011,,deusfund-sqx2
Closed position,1268697523,USTEC,8,Buy,24710,24635.9,2026/03/16 18:22:56,2026/03/16 22:43:03,2026/03/16,2026/03/16,-592.8,0,0,-592.8,0,22238.45,-74.1,Loss,4.34,9,,deusfund-sqx1
Closed position,1268516423,USTEC,8,Buy,24747.1,24641,2026/03/16 17:10:47,2026/03/16 22:45:00,2026/03/16,2026/03/16,-848.8,0,0,-848.8,0,22271.84,-106.1,Loss,5.57,5,,deusfund-sqx1
Closed position,1269074955,USTEC,8,Buy,24738.2,24641,2026/03/16 22:09:44,2026/03/16 22:45:00,2026/03/16,2026/03/16,-777.6,0,0,-777.6,0,23995.07,-97.2,Loss,0.59,202501011,,deusfund-sqx2
Closed position,1269076588,USTEC,16,Buy,24764.8,24641,2026/03/16 22:09:56,2026/03/16 22:45:00,2026/03/16,2026/03/16,-1980.8,0,0,-1980.8,26247.67,24266.71,-123.8,Loss,0.58,202501010,,deusfund-sqx2
Closed position,1269422526,USDJPY,1,Buy,159.359,159.029,2026/03/17 04:01:18,2026/03/17 14:16:07,2026/03/17,2026/03/17,-207.51,0,-7,-214.51,161.581,159.029,-33.0,Loss,10.25,202501013,,deusfund-sqx2
Closed position,1269556652,USTEC,5,Sell,24573.5,24734.4,2026/03/17 05:52:30,2026/03/17 16:08:29,2026/03/17,2026/03/17,-804.5,0,0,-804.5,24204.64,24734.29,-160.9,Loss,10.27,2,,deusfund-sqx1
Closed position,1261775560,USDJPY,1,Buy,158.955,158.763,2026/03/12 01:00:11,2026/03/17 16:35:49,2026/03/12,2026/03/17,-120.93,19.2,-7,-108.73,161.657,158.517,-19.2,Loss,135.59,202501016,,deusfund-sqx2
Closed position,1271206586,USDJPY,1,Buy,159.135,158.844,2026/03/18 03:54:29,2026/03/18 07:32:58,2026/03/18,2026/03/18,-183.2,0,-7,-190.2,161.36,158.844,-29.1,Loss,3.64,202501013,,deusfund-sqx2
Closed position,1271569103,USTEC,5,Buy,24980.6,24852.8,2026/03/18 09:25:47,2026/03/18 15:03:41,2026/03/18,2026/03/18,-639,0,0,-639,25104.32,24854.52,-127.8,Loss,5.63,1,,deusfund-sqx1
Closed position,1271548163,USTEC,8,Buy,24957.3,24851.3,2026/03/18 09:11:21,2026/03/18 15:04:05,2026/03/18,2026/03/18,-848,0,0,-848,0,24851.43,-106.0,Loss,5.88,202501007,,deusfund-sqx2
Closed position,1270840871,GBPJPY,1,Buy,212.299,211.958,2026/03/17 20:46:22,2026/03/18 23:20:01,2026/03/17,2026/03/18,-213.35,8.7,-7,-211.65,218.031,211.499,-34.1,Loss,26.56,202501003,,deusfund-sqx2
Closed position,1271187971,GBPJPY,1,Buy,212.425,211.545,2026/03/18 03:37:10,2026/03/19 10:05:49,2026/03/18,2026/03/19,-551.24,26.4,-7,-531.84,216.374,211.274,-88.0,Loss,30.48,202501002,,deusfund-sqx2
Closed position,1266902329,USDJPY,1,Buy,159.723,159.36,2026/03/16 01:09:35,2026/03/19 10:08:19,2026/03/16,2026/03/19,-227.79,32.37,-7,-202.42,162.437,158.125,-36.3,Loss,80.98,202501014,,deusfund-sqx2
Closed position,1272821503,USTEC,5,Sell,24570.5,24203.3,2026/03/18 20:11:49,2026/03/19 15:52:53,2026/03/18,2026/03/19,1836,-1.12,0,1834.88,24202.35,24713.69,367.2,Win,19.68,2,,deusfund-sqx1
Closed position,1261775561,USDJPY,1,Buy,158.955,158.159,2026/03/12 01:00:11,2026/03/19 16:54:34,2026/03/12,2026/03/19,-503.29,45.11,-7,-465.18,161.498,158.16,-79.6,Loss,183.91,202501015,,deusfund-sqx2
Closed position,1275223861,USTEC,8,Buy,24341.5,24369.7,2026/03/19 18:06:50,2026/03/19 22:45:00,2026/03/19,2026/03/19,225.6,0,0,225.6,0,21909.07,28.2,Win,4.64,5,,deusfund-sqx1
Closed position,1276704888,GBPJPY,1,Buy,212.658,211.856,2026/03/20 10:45:58,2026/03/20 17:22:34,2026/03/20,2026/03/20,-503.95,0,-7,-510.95,218.401,211.859,-80.2,Loss,6.61,202501003,,deusfund-sqx2
Closed position,1279072746,USDJPY,1,Buy,159.375,159.017,2026/03/23 01:00:03,2026/03/23 03:11:37,2026/03/23,2026/03/23,-225.13,0,-7,-232.13,162.227,159.016,-35.8,Loss,2.19,202501018,,deusfund-sqx2
Closed position,1279515735,GBPJPY,1,Buy,212.656,211.853,2026/03/23 04:12:04,2026/03/23 12:37:17,2026/03/23,2026/03/23,-503.28,0,-7,-510.28,218.391,211.849,-80.3,Loss,8.42,202501003,,deusfund-sqx2
Closed position,1279072745,USDJPY,1,Buy,159.375,159.141,2026/03/23 01:00:03,2026/03/23 14:05:36,2026/03/23,2026/03/23,-147.04,0,-7,-154.04,162.068,157.765,-23.4,Loss,13.09,202501014,,deusfund-sqx2
Closed position,1279072742,USDJPY,1,Buy,159.375,158.923,2026/03/23 01:00:03,2026/03/23 14:05:49,2026/03/23,2026/03/23,-284.41,0,-7,-291.41,161.271,158.084,-45.2,Loss,13.1,2025010019,,deusfund-sqx2
Closed position,1279072744,USDJPY,1,Buy,159.375,158.548,2026/03/23 01:00:03,2026/03/23 14:06:51,2026/03/23,2026/03/23,-521.61,0,-7,-528.61,161.909,158.562,-82.7,Loss,13.11,202501015,,deusfund-sqx2
Closed position,1280934406,BTCUSD,0.8,Buy,70444.44,69976.52,2026/03/23 14:06:09,2026/03/23 15:01:04,2026/03/23,2026/03/23,-374.34,0,0,-374.34,0,69963.69,-467.9,Loss,0.92,1001,,deusfund-sqx1
Closed position,1280945361,USTEC,8,Buy,24287.3,24233.3,2026/03/23 14:06:42,2026/03/23 16:30:45,2026/03/23,2026/03/23,-432,0,0,-432,0,24082.43,-54.0,Loss,2.4,202501007,,deusfund-sqx2
Closed position,1281750363,USTEC,8,Buy,24407,24256.4,2026/03/23 17:13:52,2026/03/23 18:52:11,2026/03/23,2026/03/23,-1204.8,0,0,-1204.8,0,21967.09,-150.6,Loss,1.64,9,,deusfund-sqx1
Closed position,1281786112,USTEC,8,Buy,24456,24280.5,2026/03/23 17:22:38,2026/03/23 22:45:00,2026/03/23,2026/03/23,-1404,0,0,-1404,0,22009.78,-175.5,Loss,5.37,5,,deusfund-sqx1
Closed position,1281945519,USTEC,16,Buy,24471.4,24280.5,2026/03/23 18:09:41,2026/03/23 22:45:00,2026/03/23,2026/03/23,-3054.4,0,0,-3054.4,25939.5,23981.81,-190.9,Loss,4.59,202501010,,deusfund-sqx2
Closed position,1282392802,USTEC,8,Buy,24231.3,24280.5,2026/03/23 20:35:09,2026/03/23 22:45:00,2026/03/23,2026/03/23,393.6,0,0,393.6,0,21806.44,49.2,Win,2.16,9,,deusfund-sqx1
Closed position,1285980919,XAUUSD,1,Buy,4515.42,4546.13,2026/03/25 02:36:18,2026/03/25 03:00:00,2026/03/25,2026/03/25,3071,0,-7,3064,4675.36,4440.56,307.1,Win,0.4,202501023,,deusfund-sqx2
Closed position,1286642281,USDJPY,1,Buy,159.072,158.779,2026/03/25 10:33:46,2026/03/25 11:29:09,2026/03/25,2026/03/25,-184.53,0,-7,-191.53,161.776,157.481,-29.3,Loss,0.92,202501014,,deusfund-sqx2
Closed position,1285852424,USTEC,8,Buy,24246.4,24172.9,2026/03/25 01:07:20,2026/03/25 15:31:43,2026/03/25,2026/03/25,-588,0,0,-588,0,23971.38,-73.5,Loss,14.41,202501007,,deusfund-sqx2
Closed position,1286762250,BTCUSD,0.8,Buy,71507.89,70589.21,2026/03/25 11:33:17,2026/03/25 18:17:36,2026/03/25,2026/03/25,-734.94,0,0,-734.94,0,70725.33,-918.7,Loss,6.74,1001,,deusfund-sqx1
Closed position,1287566083,USDJPY,1,Buy,159.464,159.469,2026/03/26 01:00:43,2026/03/26 23:11:47,2026/03/26,2026/03/26,3.14,0,-7,-3.86,162.177,157.871,0.5,Loss,22.18,202501014,,deusfund-sqx2
Closed position,1283838614,GBPJPY,1,Buy,212.985,212.481,2026/03/24 10:13:03,2026/03/27 14:46:19,2026/03/24,2026/03/27,-315.29,44.03,-7,-278.26,218.728,212.178,-50.4,Loss,76.55,202501003,,deusfund-sqx2
Closed position,1279515734,GBPJPY,1,Buy,212.656,212.625,2026/03/23 04:12:04,2026/03/27 20:00:01,2026/03/23,2026/03/27,-19.36,52.96,-7,26.60,216.599,211.499,-3.1,Win,111.8,202501002,,deusfund-sqx2
Closed position,1291489165,XAUUSD,1,Buy,4545.68,4488.13,2026/03/27 18:21:38,2026/03/27 20:26:46,2026/03/27,2026/03/27,-5755,0,-7,-5762,4707.62,4488.01,-575.5,Loss,2.09,202501023,,deusfund-sqx2
Closed position,1292533280,USDJPY,1,Buy,160.352,160.019,2026/03/30 01:00:02,2026/03/30 03:19:20,2026/03/30,2026/03/30,-208.1,0,-7,-215.1,162.263,160.022,-33.3,Loss,2.32,202501017,,deusfund-sqx2
Closed position,1292533279,USDJPY,1,Buy,160.352,159.918,2026/03/30 01:00:02,2026/03/30 03:41:26,2026/03/30,2026/03/30,-271.39,0,-7,-278.39,163.065,159.929,-43.4,Loss,2.69,202501016,,deusfund-sqx2
Closed position,1287566068,USDJPY,1,Buy,159.464,159.786,2026/03/26 01:00:43,2026/03/30 05:33:29,2026/03/26,2026/03/30,201.52,14.97,-7,209.49,161.699,159.166,32.2,Win,100.55,202501013,,deusfund-sqx2
Closed position,1293060540,BTCUSD,0.8,Buy,67133.82,67051.09,2026/03/30 05:45:31,2026/03/30 06:00:00,2026/03/30,2026/03/30,-66.18,0,0,-66.18,0,66720.81,-82.7,Loss,0.24,1001,,deusfund-sqx1
Closed position,1292533278,USDJPY,1,Buy,160.352,159.754,2026/03/30 01:00:02,2026/03/30 06:13:35,2026/03/30,2026/03/30,-374.33,0,-7,-381.33,162.263,159.056,-59.8,Loss,5.23,2025010019,,deusfund-sqx2
Closed position,1286642283,USDJPY,1,Buy,159.072,159.376,2026/03/25 10:33:46,2026/03/30 15:56:39,2026/03/25,2026/03/30,190.74,34.24,-7,217.98,161.935,158.672,30.4,Win,125.38,202501018,,deusfund-sqx2
Closed position,1294328958,USTEC,8,Buy,23216.4,23105,2026/03/30 18:00:09,2026/03/30 19:26:24,2026/03/30,2026/03/30,-891.2,0,0,-891.2,0,20890.94,-111.4,Loss,1.44,9,,deusfund-sqx1
Closed position,1295264659,XAUUSD,1,Buy,4580.78,4605.92,2026/03/31 04:24:57,2026/03/31 05:00:01,2026/03/31,2026/03/31,2514,0,-7,2507,4745.54,4529.06,251.4,Win,0.58,202501023,,deusfund-sqx2
Closed position,1295291080,BTCUSD,0.8,Buy,68348.72,67875.13,2026/03/31 04:34:06,2026/03/31 05:00:02,2026/03/31,2026/03/31,-378.87,0,0,-378.87,0,67647.63,-473.6,Loss,0.43,1001,,deusfund-sqx1
Closed position,1295309659,XAUUSD,1,Buy,4602.61,4606.02,2026/03/31 04:41:14,2026/03/31 05:00:02,2026/03/31,2026/03/31,341,0,-7,334,4768.23,4546.52,34.1,Win,0.31,1006,,deusfund-sqx1
Closed position,1295309699,XAUUSD,1,Buy,4602.61,4606.02,2026/03/31 04:41:14,2026/03/31 05:00:02,2026/03/31,2026/03/31,341,0,-7,334,5016.77,4541.11,34.1,Win,0.31,202501027,,deusfund-sqx2
Closed position,1295309691,XAUUSD,1,Buy,4602.61,4607.32,2026/03/31 04:41:14,2026/03/31 05:00:02,2026/03/31,2026/03/31,471,0,-7,464,0,4537.02,47.1,Win,0.31,202501021,,deusfund-sqx2
Closed position,1295265283,XAUUSD,1,Buy,4585.12,4588.8,2026/03/31 04:24:58,2026/03/31 05:18:40,2026/03/31,2026/03/31,368,0,-7,361,0,4528.11,36.8,Win,0.9,202501026,,deusfund-sqx2
Closed position,1295264646,XAUUSD,1,Buy,4580.78,4568.93,2026/03/31 04:24:57,2026/03/31 06:00:01,2026/03/31,2026/03/31,-1185,0,-7,-1192,0,4529.35,-118.5,Loss,1.58,1007,,deusfund-sqx1
Closed position,1294987474,USDJPY,1,Buy,159.82,159.502,2026/03/31 02:00:01,2026/03/31 08:13:28,2026/03/31,2026/03/31,-199.37,0,-7,-206.37,162.042,159.528,-31.8,Loss,6.22,202501013,,deusfund-sqx2
Closed position,1295282687,XAUUSD,1,Buy,4587.92,4538.86,2026/03/31 04:31:31,2026/03/31 13:39:06,2026/03/31,2026/03/31,-4906,0,-7,-4913,0,4539.91,-490.6,Loss,9.13,202501022,,deusfund-sqx2
Closed position,1295266466,XAUUSD,1,Buy,4585.88,4535.02,2026/03/31 04:25:00,2026/03/31 13:40:19,2026/03/31,2026/03/31,-5086,0,-7,-5093,0,4530.39,-508.6,Loss,9.26,202501025,,deusfund-sqx2
Closed position,1295264615,XAUUSD,1,Buy,4580.78,4583.04,2026/03/31 04:24:57,2026/03/31 15:00:00,2026/03/31,2026/03/31,226,0,-7,219,4745.54,4528.92,22.6,Win,10.58,202501024,,deusfund-sqx2
Closed position,1296634924,USTEC,5,Buy,23392.6,23276.6,2026/03/31 17:00:02,2026/03/31 17:48:51,2026/03/31,2026/03/31,-580,0,0,-580,23512.48,23278.52,-116.0,Loss,0.81,1,,deusfund-sqx1
Closed position,1296613500,USTEC,16,Buy,23363.5,23276.5,2026/03/31 16:54:05,2026/03/31 17:48:56,2026/03/31,2026/03/31,-1392,0,0,-1392,24765.68,22896.57,-87.0,Loss,0.91,202501010,,deusfund-sqx2
Closed position,1296620248,USTEC,8,Buy,23383.1,23252.5,2026/03/31 16:55:29,2026/03/31 17:50:21,2026/03/31,2026/03/31,-1044.8,0,0,-1044.8,0,22678.94,-130.6,Loss,0.91,202501011,,deusfund-sqx2
Closed position,1296796371,GBPJPY,1,Sell,210.279,210.103,2026/03/31 17:55:37,2026/03/31 18:15:19,2026/03/31,2026/03/31,110.72,0,-7,103.72,200.426,213.255,17.6,Win,0.33,202501002,,deusfund-sqx2
Closed position,1297029588,USTEC,8,Buy,23420.5,23719.1,2026/03/31 19:38:25,2026/03/31 22:45:04,2026/03/31,2026/03/31,2388.8,0,0,2388.8,0,22711.03,298.6,Win,3.11,202501011,,deusfund-sqx2
Closed position,1297029260,USTEC,16,Buy,23424.4,23718.3,2026/03/31 19:38:25,2026/03/31 22:45:04,2026/03/31,2026/03/31,4702.4,0,0,4702.4,24800.22,22928.5,293.9,Win,3.11,202501010,,deusfund-sqx2
Closed position,1297299678,USTEC,8,Buy,23660.2,23719.1,2026/03/31 21:28:26,2026/03/31 22:45:04,2026/03/31,2026/03/31,471.2,0,0,471.2,0,21296.11,58.9,Win,1.28,9,,deusfund-sqx1
Closed position,1287566078,USDJPY,1,Buy,159.464,158.666,2026/03/26 01:00:43,2026/03/31 23:05:16,2026/03/26,2026/03/31,-502.94,21.43,-7,-488.51,162.017,158.669,-79.8,Loss,142.08,202501015,,deusfund-sqx2
